Timing Analyzer report for DE2_115
Mon Nov 24 18:05:48 2025
Quartus Prime Version 18.1.0 Build 625 09/12/2018 SJ Standard Edition


---------------------
; Table of Contents ;
---------------------
  1. Legal Notice
  2. Timing Analyzer Summary
  3. Parallel Compilation
  4. SDC File List
  5. Clocks
  6. Slow 1200mV 85C Model Fmax Summary
  7. Timing Closure Recommendations
  8. Slow 1200mV 85C Model Setup Summary
  9. Slow 1200mV 85C Model Hold Summary
 10. Slow 1200mV 85C Model Recovery Summary
 11. Slow 1200mV 85C Model Removal Summary
 12. Slow 1200mV 85C Model Minimum Pulse Width Summary
 13. Slow 1200mV 85C Model Setup: 'CLOCK_50'
 14. Slow 1200mV 85C Model Hold: 'CLOCK_50'
 15. Slow 1200mV 85C Model Metastability Summary
 16. Slow 1200mV 0C Model Fmax Summary
 17. Slow 1200mV 0C Model Setup Summary
 18. Slow 1200mV 0C Model Hold Summary
 19. Slow 1200mV 0C Model Recovery Summary
 20. Slow 1200mV 0C Model Removal Summary
 21. Slow 1200mV 0C Model Minimum Pulse Width Summary
 22. Slow 1200mV 0C Model Setup: 'CLOCK_50'
 23. Slow 1200mV 0C Model Hold: 'CLOCK_50'
 24. Slow 1200mV 0C Model Metastability Summary
 25. Fast 1200mV 0C Model Setup Summary
 26. Fast 1200mV 0C Model Hold Summary
 27. Fast 1200mV 0C Model Recovery Summary
 28. Fast 1200mV 0C Model Removal Summary
 29. Fast 1200mV 0C Model Minimum Pulse Width Summary
 30. Fast 1200mV 0C Model Setup: 'CLOCK_50'
 31. Fast 1200mV 0C Model Hold: 'CLOCK_50'
 32. Fast 1200mV 0C Model Metastability Summary
 33. Multicorner Timing Analysis Summary
 34. Board Trace Model Assignments
 35. Input Transition Times
 36. Signal Integrity Metrics (Slow 1200mv 0c Model)
 37. Signal Integrity Metrics (Slow 1200mv 85c Model)
 38. Signal Integrity Metrics (Fast 1200mv 0c Model)
 39. Setup Transfers
 40. Hold Transfers
 41. Report TCCS
 42. Report RSKM
 43. Unconstrained Paths Summary
 44. Clock Status Summary
 45. Unconstrained Input Ports
 46. Unconstrained Output Ports
 47. Unconstrained Input Ports
 48. Unconstrained Output Ports
 49. Timing Analyzer Messages



----------------
; Legal Notice ;
----------------
Copyright (C) 2018  Intel Corporation. All rights reserved.
Your use of Intel Corporation's design tools, logic functions 
and other software and tools, and its AMPP partner logic 
functions, and any output files from any of the foregoing 
(including device programming or simulation files), and any 
associated documentation or information are expressly subject 
to the terms and conditions of the Intel Program License 
Subscription Agreement, the Intel Quartus Prime License Agreement,
the Intel FPGA IP License Agreement, or other applicable license
agreement, including, without limitation, that your use is for
the sole purpose of programming logic devices manufactured by
Intel and sold by Intel or its authorized distributors.  Please
refer to the applicable agreement for further details.



+---------------------------------------------------------------------------------+
; Timing Analyzer Summary                                                         ;
+-----------------------+---------------------------------------------------------+
; Quartus Prime Version ; Version 18.1.0 Build 625 09/12/2018 SJ Standard Edition ;
; Timing Analyzer       ; Legacy Timing Analyzer                                  ;
; Revision Name         ; DE2_115                                                 ;
; Device Family         ; Cyclone IV E                                            ;
; Device Name           ; EP4CE115F29C7                                           ;
; Timing Models         ; Final                                                   ;
; Delay Model           ; Combined                                                ;
; Rise/Fall Delays      ; Enabled                                                 ;
+-----------------------+---------------------------------------------------------+


+------------------------------------------+
; Parallel Compilation                     ;
+----------------------------+-------------+
; Processors                 ; Number      ;
+----------------------------+-------------+
; Number detected on machine ; 16          ;
; Maximum allowed            ; 8           ;
;                            ;             ;
; Average used               ; 1.34        ;
; Maximum used               ; 8           ;
;                            ;             ;
; Usage by Processor         ; % Time Used ;
;     Processor 1            ; 100.0%      ;
;     Processor 2            ;  15.6%      ;
;     Processor 3            ;  14.6%      ;
;     Processors 4-8         ;   0.7%      ;
+----------------------------+-------------+


+---------------------------------------------------+
; SDC File List                                     ;
+---------------+--------+--------------------------+
; SDC File Path ; Status ; Read at                  ;
+---------------+--------+--------------------------+
; DE2_115.sdc   ; OK     ; Mon Nov 24 18:05:47 2025 ;
+---------------+--------+--------------------------+


+---------------------------------------------------------------------------------------------------------------------------------------------------------------------------------------+
; Clocks                                                                                                                                                                                ;
+------------+------+--------+-----------+-------+--------+------------+-----------+-------------+-------+--------+-----------+------------+----------+--------+--------+---------------+
; Clock Name ; Type ; Period ; Frequency ; Rise  ; Fall   ; Duty Cycle ; Divide by ; Multiply by ; Phase ; Offset ; Edge List ; Edge Shift ; Inverted ; Master ; Source ; Targets       ;
+------------+------+--------+-----------+-------+--------+------------+-----------+-------------+-------+--------+-----------+------------+----------+--------+--------+---------------+
; CLOCK2_50  ; Base ; 20.000 ; 50.0 MHz  ; 0.000 ; 10.000 ;            ;           ;             ;       ;        ;           ;            ;          ;        ;        ; { CLOCK2_50 } ;
; CLOCK3_50  ; Base ; 20.000 ; 50.0 MHz  ; 0.000 ; 10.000 ;            ;           ;             ;       ;        ;           ;            ;          ;        ;        ; { CLOCK3_50 } ;
; CLOCK_50   ; Base ; 20.000 ; 50.0 MHz  ; 0.000 ; 10.000 ;            ;           ;             ;       ;        ;           ;            ;          ;        ;        ; { CLOCK_50 }  ;
+------------+------+--------+-----------+-------+--------+------------+-----------+-------------+-------+--------+-----------+------------+----------+--------+--------+---------------+


+-------------------------------------------------+
; Slow 1200mV 85C Model Fmax Summary              ;
+-----------+-----------------+------------+------+
; Fmax      ; Restricted Fmax ; Clock Name ; Note ;
+-----------+-----------------+------------+------+
; 62.28 MHz ; 62.28 MHz       ; CLOCK_50   ;      ;
+-----------+-----------------+------------+------+
This panel reports FMAX for every clock in the design, regardless of the user-specified clock periods.  FMAX is only computed for paths where the source and destination registers or ports are driven by the same clock.  Paths of different clocks, including generated clocks, are ignored.  For paths between a clock and its inversion, FMAX is computed as if the rising and falling edges are scaled along with FMAX, such that the duty cycle (in terms of a percentage) is maintained. Altera recommends that you always use clock constraints and other slack reports for sign-off analysis.


----------------------------------
; Timing Closure Recommendations ;
----------------------------------
HTML report is unavailable in plain text report export.


+-------------------------------------+
; Slow 1200mV 85C Model Setup Summary ;
+----------+-------+------------------+
; Clock    ; Slack ; End Point TNS    ;
+----------+-------+------------------+
; CLOCK_50 ; 3.944 ; 0.000            ;
+----------+-------+------------------+


+------------------------------------+
; Slow 1200mV 85C Model Hold Summary ;
+----------+-------+-----------------+
; Clock    ; Slack ; End Point TNS   ;
+----------+-------+-----------------+
; CLOCK_50 ; 0.404 ; 0.000           ;
+----------+-------+-----------------+


------------------------------------------
; Slow 1200mV 85C Model Recovery Summary ;
------------------------------------------
No paths to report.


-----------------------------------------
; Slow 1200mV 85C Model Removal Summary ;
-----------------------------------------
No paths to report.


+---------------------------------------------------+
; Slow 1200mV 85C Model Minimum Pulse Width Summary ;
+-----------+--------+------------------------------+
; Clock     ; Slack  ; End Point TNS                ;
+-----------+--------+------------------------------+
; CLOCK_50  ; 9.550  ; 0.000                        ;
; CLOCK2_50 ; 16.000 ; 0.000                        ;
; CLOCK3_50 ; 16.000 ; 0.000                        ;
+-----------+--------+------------------------------+


+---------------------------------------------------------------------------------------------------------------------------------------------------------------------------------------------------------------+
; Slow 1200mV 85C Model Setup: 'CLOCK_50'                                                                                                                                                                       ;
+-------+-----------------------------------------------------------------------------------------------------------+---------------------+--------------+-------------+--------------+------------+------------+
; Slack ; From Node                                                                                                 ; To Node             ; Launch Clock ; Latch Clock ; Relationship ; Clock Skew ; Data Delay ;
+-------+-----------------------------------------------------------------------------------------------------------+---------------------+--------------+-------------+--------------+------------+------------+
; 3.944 ; cpu:my_cpu|regfile:rf|altsyncram:mem_rtl_0|altsyncram_mcc1:auto_generated|ram_block1a0~portb_address_reg0 ; cpu:my_cpu|pc_F[3]  ; CLOCK_50     ; CLOCK_50    ; 20.000       ; -0.442     ; 15.612     ;
; 4.112 ; cpu:my_cpu|regfile:rf|altsyncram:mem_rtl_0|altsyncram_mcc1:auto_generated|ram_block1a0~portb_address_reg0 ; cpu:my_cpu|pc_F[30] ; CLOCK_50     ; CLOCK_50    ; 20.000       ; -0.446     ; 15.440     ;
; 4.207 ; cpu:my_cpu|regfile:rf|altsyncram:mem_rtl_0|altsyncram_mcc1:auto_generated|ram_block1a0~portb_address_reg0 ; cpu:my_cpu|pc_F[7]  ; CLOCK_50     ; CLOCK_50    ; 20.000       ; -0.438     ; 15.353     ;
; 4.209 ; cpu:my_cpu|regfile:rf|altsyncram:mem_rtl_0|altsyncram_mcc1:auto_generated|ram_block1a0~portb_address_reg0 ; cpu:my_cpu|pc_F[9]  ; CLOCK_50     ; CLOCK_50    ; 20.000       ; -0.438     ; 15.351     ;
; 4.209 ; cpu:my_cpu|regfile:rf|altsyncram:mem_rtl_0|altsyncram_mcc1:auto_generated|ram_block1a0~portb_address_reg0 ; cpu:my_cpu|pc_F[23] ; CLOCK_50     ; CLOCK_50    ; 20.000       ; -0.438     ; 15.351     ;
; 4.210 ; cpu:my_cpu|regfile:rf|altsyncram:mem_rtl_0|altsyncram_mcc1:auto_generated|ram_block1a0~portb_address_reg0 ; cpu:my_cpu|pc_F[31] ; CLOCK_50     ; CLOCK_50    ; 20.000       ; -0.438     ; 15.350     ;
; 4.212 ; cpu:my_cpu|regfile:rf|altsyncram:mem_rtl_0|altsyncram_mcc1:auto_generated|ram_block1a0~portb_address_reg0 ; cpu:my_cpu|pc_F[8]  ; CLOCK_50     ; CLOCK_50    ; 20.000       ; -0.438     ; 15.348     ;
; 4.293 ; cpu:my_cpu|regfile:rf|altsyncram:mem_rtl_0|altsyncram_mcc1:auto_generated|ram_block1a0~portb_address_reg0 ; cpu:my_cpu|pc_F[13] ; CLOCK_50     ; CLOCK_50    ; 20.000       ; -0.442     ; 15.263     ;
; 4.297 ; cpu:my_cpu|regfile:rf|altsyncram:mem_rtl_0|altsyncram_mcc1:auto_generated|ram_block1a0~portb_address_reg0 ; cpu:my_cpu|pc_F[6]  ; CLOCK_50     ; CLOCK_50    ; 20.000       ; -0.446     ; 15.255     ;
; 4.303 ; cpu:my_cpu|regfile:rf|altsyncram:mem_rtl_0|altsyncram_mcc1:auto_generated|ram_block1a0~portb_address_reg0 ; cpu:my_cpu|pc_F[17] ; CLOCK_50     ; CLOCK_50    ; 20.000       ; -0.442     ; 15.253     ;
; 4.310 ; cpu:my_cpu|regfile:rf|altsyncram:mem_rtl_0|altsyncram_mcc1:auto_generated|ram_block1a0~portb_address_reg0 ; cpu:my_cpu|pc_F[12] ; CLOCK_50     ; CLOCK_50    ; 20.000       ; -0.442     ; 15.246     ;
; 4.312 ; cpu:my_cpu|regfile:rf|altsyncram:mem_rtl_0|altsyncram_mcc1:auto_generated|ram_block1a0~portb_address_reg0 ; cpu:my_cpu|pc_F[1]  ; CLOCK_50     ; CLOCK_50    ; 20.000       ; -0.455     ; 15.231     ;
; 4.440 ; cpu:my_cpu|regfile:rf|altsyncram:mem_rtl_0|altsyncram_mcc1:auto_generated|ram_block1a0~portb_address_reg0 ; cpu:my_cpu|pc_F[15] ; CLOCK_50     ; CLOCK_50    ; 20.000       ; -0.442     ; 15.116     ;
; 4.440 ; cpu:my_cpu|regfile:rf|altsyncram:mem_rtl_0|altsyncram_mcc1:auto_generated|ram_block1a0~portb_address_reg0 ; cpu:my_cpu|pc_F[26] ; CLOCK_50     ; CLOCK_50    ; 20.000       ; -0.446     ; 15.112     ;
; 4.443 ; cpu:my_cpu|regfile:rf|altsyncram:mem_rtl_0|altsyncram_mcc1:auto_generated|ram_block1a0~portb_address_reg0 ; cpu:my_cpu|pc_F[16] ; CLOCK_50     ; CLOCK_50    ; 20.000       ; -0.446     ; 15.109     ;
; 4.451 ; cpu:my_cpu|regfile:rf|altsyncram:mem_rtl_0|altsyncram_mcc1:auto_generated|ram_block1a0~portb_address_reg0 ; cpu:my_cpu|pc_F[14] ; CLOCK_50     ; CLOCK_50    ; 20.000       ; -0.446     ; 15.101     ;
; 4.461 ; cpu:my_cpu|regfile:rf|altsyncram:mem_rtl_0|altsyncram_mcc1:auto_generated|ram_block1a0~portb_address_reg0 ; cpu:my_cpu|pc_F[2]  ; CLOCK_50     ; CLOCK_50    ; 20.000       ; -0.442     ; 15.095     ;
; 4.626 ; cpu:my_cpu|regfile:rf|altsyncram:mem_rtl_0|altsyncram_mcc1:auto_generated|ram_block1a0~portb_address_reg0 ; cpu:my_cpu|pc_F[18] ; CLOCK_50     ; CLOCK_50    ; 20.000       ; -0.445     ; 14.927     ;
; 4.627 ; cpu:my_cpu|regfile:rf|altsyncram:mem_rtl_0|altsyncram_mcc1:auto_generated|ram_block1a0~portb_address_reg0 ; cpu:my_cpu|pc_F[21] ; CLOCK_50     ; CLOCK_50    ; 20.000       ; -0.445     ; 14.926     ;
; 4.628 ; cpu:my_cpu|regfile:rf|altsyncram:mem_rtl_0|altsyncram_mcc1:auto_generated|ram_block1a0~portb_address_reg0 ; cpu:my_cpu|pc_F[22] ; CLOCK_50     ; CLOCK_50    ; 20.000       ; -0.445     ; 14.925     ;
; 4.640 ; cpu:my_cpu|regfile:rf|altsyncram:mem_rtl_0|altsyncram_mcc1:auto_generated|ram_block1a0~portb_address_reg0 ; cpu:my_cpu|pc_F[10] ; CLOCK_50     ; CLOCK_50    ; 20.000       ; -0.449     ; 14.909     ;
; 4.772 ; cpu:my_cpu|regfile:rf|altsyncram:mem_rtl_0|altsyncram_mcc1:auto_generated|ram_block1a0~portb_address_reg0 ; cpu:my_cpu|pc_F[19] ; CLOCK_50     ; CLOCK_50    ; 20.000       ; -0.445     ; 14.781     ;
; 4.775 ; cpu:my_cpu|regfile:rf|altsyncram:mem_rtl_0|altsyncram_mcc1:auto_generated|ram_block1a0~portb_address_reg0 ; cpu:my_cpu|pc_F[20] ; CLOCK_50     ; CLOCK_50    ; 20.000       ; -0.445     ; 14.778     ;
; 4.781 ; cpu:my_cpu|regfile:rf|altsyncram:mem_rtl_0|altsyncram_mcc1:auto_generated|ram_block1a0~portb_address_reg0 ; cpu:my_cpu|pc_F[24] ; CLOCK_50     ; CLOCK_50    ; 20.000       ; -0.449     ; 14.768     ;
; 4.782 ; cpu:my_cpu|regfile:rf|altsyncram:mem_rtl_0|altsyncram_mcc1:auto_generated|ram_block1a0~portb_address_reg0 ; cpu:my_cpu|pc_F[28] ; CLOCK_50     ; CLOCK_50    ; 20.000       ; -0.449     ; 14.767     ;
; 4.787 ; cpu:my_cpu|regfile:rf|altsyncram:mem_rtl_0|altsyncram_mcc1:auto_generated|ram_block1a0~portb_address_reg0 ; cpu:my_cpu|pc_F[25] ; CLOCK_50     ; CLOCK_50    ; 20.000       ; -0.449     ; 14.762     ;
; 5.013 ; cpu:my_cpu|regfile:rf|altsyncram:mem_rtl_0|altsyncram_mcc1:auto_generated|ram_block1a0~portb_address_reg0 ; cpu:my_cpu|pc_F[0]  ; CLOCK_50     ; CLOCK_50    ; 20.000       ; -0.455     ; 14.530     ;
; 5.025 ; cpu:my_cpu|regfile:rf|altsyncram:mem_rtl_0|altsyncram_mcc1:auto_generated|ram_block1a0~portb_address_reg0 ; cpu:my_cpu|pc_F[4]  ; CLOCK_50     ; CLOCK_50    ; 20.000       ; -0.438     ; 14.535     ;
; 5.230 ; cpu:my_cpu|regfile:rf|mem_rtl_0_bypass[0]                                                                 ; cpu:my_cpu|pc_F[3]  ; CLOCK_50     ; CLOCK_50    ; 20.000       ; -0.086     ; 14.682     ;
; 5.256 ; cpu:my_cpu|regfile:rf|altsyncram:mem_rtl_1|altsyncram_mcc1:auto_generated|ram_block1a0~portb_address_reg0 ; cpu:my_cpu|pc_F[3]  ; CLOCK_50     ; CLOCK_50    ; 20.000       ; -0.442     ; 14.300     ;
; 5.277 ; cpu:my_cpu|regfile:rf|mem_rtl_0_bypass[8]                                                                 ; cpu:my_cpu|pc_F[3]  ; CLOCK_50     ; CLOCK_50    ; 20.000       ; -0.086     ; 14.635     ;
; 5.360 ; cpu:my_cpu|regfile:rf|altsyncram:mem_rtl_0|altsyncram_mcc1:auto_generated|ram_block1a0~portb_address_reg0 ; cpu:my_cpu|pc_F[11] ; CLOCK_50     ; CLOCK_50    ; 20.000       ; -0.438     ; 14.200     ;
; 5.365 ; cpu:my_cpu|regfile:rf|altsyncram:mem_rtl_0|altsyncram_mcc1:auto_generated|ram_block1a0~portb_address_reg0 ; cpu:my_cpu|pc_F[27] ; CLOCK_50     ; CLOCK_50    ; 20.000       ; -0.438     ; 14.195     ;
; 5.367 ; cpu:my_cpu|regfile:rf|altsyncram:mem_rtl_0|altsyncram_mcc1:auto_generated|ram_block1a0~portb_address_reg0 ; cpu:my_cpu|pc_F[5]  ; CLOCK_50     ; CLOCK_50    ; 20.000       ; -0.438     ; 14.193     ;
; 5.369 ; cpu:my_cpu|regfile:rf|altsyncram:mem_rtl_0|altsyncram_mcc1:auto_generated|ram_block1a0~portb_address_reg0 ; cpu:my_cpu|pc_F[29] ; CLOCK_50     ; CLOCK_50    ; 20.000       ; -0.438     ; 14.191     ;
; 5.398 ; cpu:my_cpu|regfile:rf|mem_rtl_0_bypass[0]                                                                 ; cpu:my_cpu|pc_F[30] ; CLOCK_50     ; CLOCK_50    ; 20.000       ; -0.090     ; 14.510     ;
; 5.424 ; cpu:my_cpu|regfile:rf|altsyncram:mem_rtl_1|altsyncram_mcc1:auto_generated|ram_block1a0~portb_address_reg0 ; cpu:my_cpu|pc_F[30] ; CLOCK_50     ; CLOCK_50    ; 20.000       ; -0.446     ; 14.128     ;
; 5.445 ; cpu:my_cpu|regfile:rf|mem_rtl_0_bypass[8]                                                                 ; cpu:my_cpu|pc_F[30] ; CLOCK_50     ; CLOCK_50    ; 20.000       ; -0.090     ; 14.463     ;
; 5.493 ; cpu:my_cpu|regfile:rf|mem_rtl_0_bypass[0]                                                                 ; cpu:my_cpu|pc_F[7]  ; CLOCK_50     ; CLOCK_50    ; 20.000       ; -0.082     ; 14.423     ;
; 5.495 ; cpu:my_cpu|regfile:rf|mem_rtl_0_bypass[0]                                                                 ; cpu:my_cpu|pc_F[23] ; CLOCK_50     ; CLOCK_50    ; 20.000       ; -0.082     ; 14.421     ;
; 5.495 ; cpu:my_cpu|regfile:rf|mem_rtl_0_bypass[0]                                                                 ; cpu:my_cpu|pc_F[9]  ; CLOCK_50     ; CLOCK_50    ; 20.000       ; -0.082     ; 14.421     ;
; 5.496 ; cpu:my_cpu|regfile:rf|mem_rtl_0_bypass[0]                                                                 ; cpu:my_cpu|pc_F[31] ; CLOCK_50     ; CLOCK_50    ; 20.000       ; -0.082     ; 14.420     ;
; 5.498 ; cpu:my_cpu|regfile:rf|mem_rtl_0_bypass[0]                                                                 ; cpu:my_cpu|pc_F[8]  ; CLOCK_50     ; CLOCK_50    ; 20.000       ; -0.082     ; 14.418     ;
; 5.519 ; cpu:my_cpu|regfile:rf|altsyncram:mem_rtl_1|altsyncram_mcc1:auto_generated|ram_block1a0~portb_address_reg0 ; cpu:my_cpu|pc_F[7]  ; CLOCK_50     ; CLOCK_50    ; 20.000       ; -0.438     ; 14.041     ;
; 5.521 ; cpu:my_cpu|regfile:rf|altsyncram:mem_rtl_1|altsyncram_mcc1:auto_generated|ram_block1a0~portb_address_reg0 ; cpu:my_cpu|pc_F[9]  ; CLOCK_50     ; CLOCK_50    ; 20.000       ; -0.438     ; 14.039     ;
; 5.521 ; cpu:my_cpu|regfile:rf|altsyncram:mem_rtl_1|altsyncram_mcc1:auto_generated|ram_block1a0~portb_address_reg0 ; cpu:my_cpu|pc_F[23] ; CLOCK_50     ; CLOCK_50    ; 20.000       ; -0.438     ; 14.039     ;
; 5.522 ; cpu:my_cpu|regfile:rf|altsyncram:mem_rtl_1|altsyncram_mcc1:auto_generated|ram_block1a0~portb_address_reg0 ; cpu:my_cpu|pc_F[31] ; CLOCK_50     ; CLOCK_50    ; 20.000       ; -0.438     ; 14.038     ;
; 5.524 ; cpu:my_cpu|regfile:rf|altsyncram:mem_rtl_1|altsyncram_mcc1:auto_generated|ram_block1a0~portb_address_reg0 ; cpu:my_cpu|pc_F[8]  ; CLOCK_50     ; CLOCK_50    ; 20.000       ; -0.438     ; 14.036     ;
; 5.540 ; cpu:my_cpu|regfile:rf|mem_rtl_0_bypass[8]                                                                 ; cpu:my_cpu|pc_F[7]  ; CLOCK_50     ; CLOCK_50    ; 20.000       ; -0.082     ; 14.376     ;
; 5.542 ; cpu:my_cpu|regfile:rf|mem_rtl_0_bypass[8]                                                                 ; cpu:my_cpu|pc_F[23] ; CLOCK_50     ; CLOCK_50    ; 20.000       ; -0.082     ; 14.374     ;
; 5.542 ; cpu:my_cpu|regfile:rf|mem_rtl_0_bypass[8]                                                                 ; cpu:my_cpu|pc_F[9]  ; CLOCK_50     ; CLOCK_50    ; 20.000       ; -0.082     ; 14.374     ;
; 5.543 ; cpu:my_cpu|regfile:rf|mem_rtl_0_bypass[8]                                                                 ; cpu:my_cpu|pc_F[31] ; CLOCK_50     ; CLOCK_50    ; 20.000       ; -0.082     ; 14.373     ;
; 5.545 ; cpu:my_cpu|regfile:rf|mem_rtl_0_bypass[8]                                                                 ; cpu:my_cpu|pc_F[8]  ; CLOCK_50     ; CLOCK_50    ; 20.000       ; -0.082     ; 14.371     ;
; 5.570 ; cpu:my_cpu|regfile:rf|mem_rtl_0_bypass[4]                                                                 ; cpu:my_cpu|pc_F[3]  ; CLOCK_50     ; CLOCK_50    ; 20.000       ; -0.086     ; 14.342     ;
; 5.579 ; cpu:my_cpu|regfile:rf|mem_rtl_0_bypass[0]                                                                 ; cpu:my_cpu|pc_F[13] ; CLOCK_50     ; CLOCK_50    ; 20.000       ; -0.086     ; 14.333     ;
; 5.583 ; cpu:my_cpu|regfile:rf|mem_rtl_0_bypass[0]                                                                 ; cpu:my_cpu|pc_F[6]  ; CLOCK_50     ; CLOCK_50    ; 20.000       ; -0.090     ; 14.325     ;
; 5.589 ; cpu:my_cpu|regfile:rf|mem_rtl_0_bypass[0]                                                                 ; cpu:my_cpu|pc_F[17] ; CLOCK_50     ; CLOCK_50    ; 20.000       ; -0.086     ; 14.323     ;
; 5.596 ; cpu:my_cpu|regfile:rf|mem_rtl_0_bypass[0]                                                                 ; cpu:my_cpu|pc_F[12] ; CLOCK_50     ; CLOCK_50    ; 20.000       ; -0.086     ; 14.316     ;
; 5.598 ; cpu:my_cpu|regfile:rf|mem_rtl_0_bypass[0]                                                                 ; cpu:my_cpu|pc_F[1]  ; CLOCK_50     ; CLOCK_50    ; 20.000       ; -0.099     ; 14.301     ;
; 5.605 ; cpu:my_cpu|regfile:rf|altsyncram:mem_rtl_1|altsyncram_mcc1:auto_generated|ram_block1a0~portb_address_reg0 ; cpu:my_cpu|pc_F[13] ; CLOCK_50     ; CLOCK_50    ; 20.000       ; -0.442     ; 13.951     ;
; 5.606 ; cpu:my_cpu|regfile:rf|mem_rtl_0_bypass[10]                                                                ; cpu:my_cpu|pc_F[3]  ; CLOCK_50     ; CLOCK_50    ; 20.000       ; -0.086     ; 14.306     ;
; 5.609 ; cpu:my_cpu|regfile:rf|altsyncram:mem_rtl_1|altsyncram_mcc1:auto_generated|ram_block1a0~portb_address_reg0 ; cpu:my_cpu|pc_F[6]  ; CLOCK_50     ; CLOCK_50    ; 20.000       ; -0.446     ; 13.943     ;
; 5.615 ; cpu:my_cpu|regfile:rf|altsyncram:mem_rtl_1|altsyncram_mcc1:auto_generated|ram_block1a0~portb_address_reg0 ; cpu:my_cpu|pc_F[17] ; CLOCK_50     ; CLOCK_50    ; 20.000       ; -0.442     ; 13.941     ;
; 5.622 ; cpu:my_cpu|regfile:rf|altsyncram:mem_rtl_1|altsyncram_mcc1:auto_generated|ram_block1a0~portb_address_reg0 ; cpu:my_cpu|pc_F[12] ; CLOCK_50     ; CLOCK_50    ; 20.000       ; -0.442     ; 13.934     ;
; 5.624 ; cpu:my_cpu|regfile:rf|altsyncram:mem_rtl_1|altsyncram_mcc1:auto_generated|ram_block1a0~portb_address_reg0 ; cpu:my_cpu|pc_F[1]  ; CLOCK_50     ; CLOCK_50    ; 20.000       ; -0.455     ; 13.919     ;
; 5.626 ; cpu:my_cpu|regfile:rf|mem_rtl_0_bypass[8]                                                                 ; cpu:my_cpu|pc_F[13] ; CLOCK_50     ; CLOCK_50    ; 20.000       ; -0.086     ; 14.286     ;
; 5.630 ; cpu:my_cpu|regfile:rf|mem_rtl_0_bypass[8]                                                                 ; cpu:my_cpu|pc_F[6]  ; CLOCK_50     ; CLOCK_50    ; 20.000       ; -0.090     ; 14.278     ;
; 5.636 ; cpu:my_cpu|regfile:rf|mem_rtl_0_bypass[8]                                                                 ; cpu:my_cpu|pc_F[17] ; CLOCK_50     ; CLOCK_50    ; 20.000       ; -0.086     ; 14.276     ;
; 5.643 ; cpu:my_cpu|regfile:rf|mem_rtl_0_bypass[8]                                                                 ; cpu:my_cpu|pc_F[12] ; CLOCK_50     ; CLOCK_50    ; 20.000       ; -0.086     ; 14.269     ;
; 5.645 ; cpu:my_cpu|regfile:rf|mem_rtl_0_bypass[8]                                                                 ; cpu:my_cpu|pc_F[1]  ; CLOCK_50     ; CLOCK_50    ; 20.000       ; -0.099     ; 14.254     ;
; 5.726 ; cpu:my_cpu|regfile:rf|mem_rtl_0_bypass[0]                                                                 ; cpu:my_cpu|pc_F[26] ; CLOCK_50     ; CLOCK_50    ; 20.000       ; -0.090     ; 14.182     ;
; 5.726 ; cpu:my_cpu|regfile:rf|mem_rtl_0_bypass[0]                                                                 ; cpu:my_cpu|pc_F[15] ; CLOCK_50     ; CLOCK_50    ; 20.000       ; -0.086     ; 14.186     ;
; 5.729 ; cpu:my_cpu|regfile:rf|mem_rtl_0_bypass[0]                                                                 ; cpu:my_cpu|pc_F[16] ; CLOCK_50     ; CLOCK_50    ; 20.000       ; -0.090     ; 14.179     ;
; 5.737 ; cpu:my_cpu|regfile:rf|mem_rtl_0_bypass[0]                                                                 ; cpu:my_cpu|pc_F[14] ; CLOCK_50     ; CLOCK_50    ; 20.000       ; -0.090     ; 14.171     ;
; 5.738 ; cpu:my_cpu|regfile:rf|mem_rtl_0_bypass[4]                                                                 ; cpu:my_cpu|pc_F[30] ; CLOCK_50     ; CLOCK_50    ; 20.000       ; -0.090     ; 14.170     ;
; 5.747 ; cpu:my_cpu|regfile:rf|mem_rtl_0_bypass[0]                                                                 ; cpu:my_cpu|pc_F[2]  ; CLOCK_50     ; CLOCK_50    ; 20.000       ; -0.086     ; 14.165     ;
; 5.752 ; cpu:my_cpu|regfile:rf|altsyncram:mem_rtl_1|altsyncram_mcc1:auto_generated|ram_block1a0~portb_address_reg0 ; cpu:my_cpu|pc_F[15] ; CLOCK_50     ; CLOCK_50    ; 20.000       ; -0.442     ; 13.804     ;
; 5.752 ; cpu:my_cpu|regfile:rf|altsyncram:mem_rtl_1|altsyncram_mcc1:auto_generated|ram_block1a0~portb_address_reg0 ; cpu:my_cpu|pc_F[26] ; CLOCK_50     ; CLOCK_50    ; 20.000       ; -0.446     ; 13.800     ;
; 5.755 ; cpu:my_cpu|regfile:rf|altsyncram:mem_rtl_1|altsyncram_mcc1:auto_generated|ram_block1a0~portb_address_reg0 ; cpu:my_cpu|pc_F[16] ; CLOCK_50     ; CLOCK_50    ; 20.000       ; -0.446     ; 13.797     ;
; 5.763 ; cpu:my_cpu|regfile:rf|altsyncram:mem_rtl_1|altsyncram_mcc1:auto_generated|ram_block1a0~portb_address_reg0 ; cpu:my_cpu|pc_F[14] ; CLOCK_50     ; CLOCK_50    ; 20.000       ; -0.446     ; 13.789     ;
; 5.773 ; cpu:my_cpu|regfile:rf|altsyncram:mem_rtl_1|altsyncram_mcc1:auto_generated|ram_block1a0~portb_address_reg0 ; cpu:my_cpu|pc_F[2]  ; CLOCK_50     ; CLOCK_50    ; 20.000       ; -0.442     ; 13.783     ;
; 5.773 ; cpu:my_cpu|regfile:rf|mem_rtl_0_bypass[8]                                                                 ; cpu:my_cpu|pc_F[26] ; CLOCK_50     ; CLOCK_50    ; 20.000       ; -0.090     ; 14.135     ;
; 5.773 ; cpu:my_cpu|regfile:rf|mem_rtl_0_bypass[8]                                                                 ; cpu:my_cpu|pc_F[15] ; CLOCK_50     ; CLOCK_50    ; 20.000       ; -0.086     ; 14.139     ;
; 5.774 ; cpu:my_cpu|regfile:rf|mem_rtl_0_bypass[10]                                                                ; cpu:my_cpu|pc_F[30] ; CLOCK_50     ; CLOCK_50    ; 20.000       ; -0.090     ; 14.134     ;
; 5.776 ; cpu:my_cpu|regfile:rf|mem_rtl_0_bypass[8]                                                                 ; cpu:my_cpu|pc_F[16] ; CLOCK_50     ; CLOCK_50    ; 20.000       ; -0.090     ; 14.132     ;
; 5.784 ; cpu:my_cpu|regfile:rf|mem_rtl_0_bypass[8]                                                                 ; cpu:my_cpu|pc_F[14] ; CLOCK_50     ; CLOCK_50    ; 20.000       ; -0.090     ; 14.124     ;
; 5.794 ; cpu:my_cpu|regfile:rf|mem_rtl_0_bypass[8]                                                                 ; cpu:my_cpu|pc_F[2]  ; CLOCK_50     ; CLOCK_50    ; 20.000       ; -0.086     ; 14.118     ;
; 5.809 ; cpu:my_cpu|instruction_EX[15]                                                                             ; cpu:my_cpu|pc_F[3]  ; CLOCK_50     ; CLOCK_50    ; 20.000       ; -0.072     ; 14.117     ;
; 5.831 ; cpu:my_cpu|regfile:rf|mem_rtl_1_bypass[4]                                                                 ; cpu:my_cpu|pc_F[3]  ; CLOCK_50     ; CLOCK_50    ; 20.000       ; -0.088     ; 14.079     ;
; 5.833 ; cpu:my_cpu|regfile:rf|mem_rtl_0_bypass[4]                                                                 ; cpu:my_cpu|pc_F[7]  ; CLOCK_50     ; CLOCK_50    ; 20.000       ; -0.082     ; 14.083     ;
; 5.835 ; cpu:my_cpu|regfile:rf|mem_rtl_0_bypass[4]                                                                 ; cpu:my_cpu|pc_F[23] ; CLOCK_50     ; CLOCK_50    ; 20.000       ; -0.082     ; 14.081     ;
; 5.835 ; cpu:my_cpu|regfile:rf|mem_rtl_0_bypass[4]                                                                 ; cpu:my_cpu|pc_F[9]  ; CLOCK_50     ; CLOCK_50    ; 20.000       ; -0.082     ; 14.081     ;
; 5.836 ; cpu:my_cpu|regfile:rf|mem_rtl_0_bypass[4]                                                                 ; cpu:my_cpu|pc_F[31] ; CLOCK_50     ; CLOCK_50    ; 20.000       ; -0.082     ; 14.080     ;
; 5.838 ; cpu:my_cpu|regfile:rf|mem_rtl_0_bypass[4]                                                                 ; cpu:my_cpu|pc_F[8]  ; CLOCK_50     ; CLOCK_50    ; 20.000       ; -0.082     ; 14.078     ;
; 5.869 ; cpu:my_cpu|regfile:rf|mem_rtl_0_bypass[10]                                                                ; cpu:my_cpu|pc_F[7]  ; CLOCK_50     ; CLOCK_50    ; 20.000       ; -0.082     ; 14.047     ;
; 5.871 ; cpu:my_cpu|regfile:rf|mem_rtl_0_bypass[10]                                                                ; cpu:my_cpu|pc_F[23] ; CLOCK_50     ; CLOCK_50    ; 20.000       ; -0.082     ; 14.045     ;
; 5.871 ; cpu:my_cpu|regfile:rf|mem_rtl_0_bypass[10]                                                                ; cpu:my_cpu|pc_F[9]  ; CLOCK_50     ; CLOCK_50    ; 20.000       ; -0.082     ; 14.045     ;
; 5.872 ; cpu:my_cpu|regfile:rf|mem_rtl_0_bypass[10]                                                                ; cpu:my_cpu|pc_F[31] ; CLOCK_50     ; CLOCK_50    ; 20.000       ; -0.082     ; 14.044     ;
; 5.874 ; cpu:my_cpu|regfile:rf|mem_rtl_0_bypass[10]                                                                ; cpu:my_cpu|pc_F[8]  ; CLOCK_50     ; CLOCK_50    ; 20.000       ; -0.082     ; 14.042     ;
; 5.912 ; cpu:my_cpu|regfile:rf|mem_rtl_0_bypass[0]                                                                 ; cpu:my_cpu|pc_F[18] ; CLOCK_50     ; CLOCK_50    ; 20.000       ; -0.089     ; 13.997     ;
+-------+-----------------------------------------------------------------------------------------------------------+---------------------+--------------+-------------+--------------+------------+------------+


+--------------------------------------------------------------------------------------------------------------------------------------------------------------------------------------------------------------------------------------+
; Slow 1200mV 85C Model Hold: 'CLOCK_50'                                                                                                                                                                                               ;
+-------+--------------------------------------------+-----------------------------------------------------------------------------------------------------------+--------------+-------------+--------------+------------+------------+
; Slack ; From Node                                  ; To Node                                                                                                   ; Launch Clock ; Latch Clock ; Relationship ; Clock Skew ; Data Delay ;
+-------+--------------------------------------------+-----------------------------------------------------------------------------------------------------------+--------------+-------------+--------------+------------+------------+
; 0.404 ; cpu:my_cpu|pc_F[1]                         ; cpu:my_cpu|pc_F[1]                                                                                        ; CLOCK_50     ; CLOCK_50    ; 0.000        ; 0.079      ; 0.669      ;
; 0.404 ; cpu:my_cpu|pc_F[0]                         ; cpu:my_cpu|pc_F[0]                                                                                        ; CLOCK_50     ; CLOCK_50    ; 0.000        ; 0.079      ; 0.669      ;
; 0.430 ; cpu:my_cpu|regfile:rf|writedata_prev[23]   ; cpu:my_cpu|gpio_out_reg[23]                                                                               ; CLOCK_50     ; CLOCK_50    ; 0.000        ; 0.080      ; 0.696      ;
; 0.430 ; cpu:my_cpu|regfile:rf|writedata_prev[27]   ; cpu:my_cpu|gpio_out_reg[27]                                                                               ; CLOCK_50     ; CLOCK_50    ; 0.000        ; 0.079      ; 0.695      ;
; 0.432 ; cpu:my_cpu|regfile:rf|writedata_prev[31]   ; cpu:my_cpu|gpio_out_reg[31]                                                                               ; CLOCK_50     ; CLOCK_50    ; 0.000        ; 0.078      ; 0.696      ;
; 0.432 ; cpu:my_cpu|pc_F[1]                         ; cpu:my_cpu|pc_EX[1]                                                                                       ; CLOCK_50     ; CLOCK_50    ; 0.000        ; 0.079      ; 0.697      ;
; 0.451 ; cpu:my_cpu|pc_F[19]                        ; cpu:my_cpu|pc_EX[19]                                                                                      ; CLOCK_50     ; CLOCK_50    ; 0.000        ; 0.080      ; 0.717      ;
; 0.452 ; cpu:my_cpu|pc_F[20]                        ; cpu:my_cpu|pc_EX[20]                                                                                      ; CLOCK_50     ; CLOCK_50    ; 0.000        ; 0.080      ; 0.718      ;
; 0.488 ; cpu:my_cpu|instruction_EX[0]               ; cpu:my_cpu|jump_reg                                                                                       ; CLOCK_50     ; CLOCK_50    ; 0.000        ; 0.079      ; 0.753      ;
; 0.488 ; cpu:my_cpu|instruction_EX[0]               ; cpu:my_cpu|regwrite_EX_reg[0]                                                                             ; CLOCK_50     ; CLOCK_50    ; 0.000        ; 0.079      ; 0.753      ;
; 0.489 ; cpu:my_cpu|instruction_EX[0]               ; cpu:my_cpu|regsel_EX_reg[0]                                                                               ; CLOCK_50     ; CLOCK_50    ; 0.000        ; 0.079      ; 0.754      ;
; 0.490 ; cpu:my_cpu|instruction_EX[0]               ; cpu:my_cpu|branch_reg                                                                                     ; CLOCK_50     ; CLOCK_50    ; 0.000        ; 0.079      ; 0.755      ;
; 0.491 ; cpu:my_cpu|instruction_EX[0]               ; cpu:my_cpu|GPIO_we_reg[0]                                                                                 ; CLOCK_50     ; CLOCK_50    ; 0.000        ; 0.079      ; 0.756      ;
; 0.574 ; cpu:my_cpu|pc_F[23]                        ; cpu:my_cpu|pc_EX[23]                                                                                      ; CLOCK_50     ; CLOCK_50    ; 0.000        ; 0.080      ; 0.840      ;
; 0.575 ; cpu:my_cpu|pc_F[21]                        ; cpu:my_cpu|pc_EX[21]                                                                                      ; CLOCK_50     ; CLOCK_50    ; 0.000        ; 0.080      ; 0.841      ;
; 0.576 ; cpu:my_cpu|pc_F[28]                        ; cpu:my_cpu|pc_EX[28]                                                                                      ; CLOCK_50     ; CLOCK_50    ; 0.000        ; 0.080      ; 0.842      ;
; 0.577 ; cpu:my_cpu|pc_F[22]                        ; cpu:my_cpu|pc_EX[22]                                                                                      ; CLOCK_50     ; CLOCK_50    ; 0.000        ; 0.080      ; 0.843      ;
; 0.577 ; cpu:my_cpu|pc_F[12]                        ; cpu:my_cpu|pc_EX[12]                                                                                      ; CLOCK_50     ; CLOCK_50    ; 0.000        ; 0.080      ; 0.843      ;
; 0.640 ; cpu:my_cpu|regfile:rf|writedata_prev[17]   ; cpu:my_cpu|gpio_out_reg[17]                                                                               ; CLOCK_50     ; CLOCK_50    ; 0.000        ; 0.079      ; 0.905      ;
; 0.640 ; cpu:my_cpu|regfile:rf|writedata_prev[19]   ; cpu:my_cpu|gpio_out_reg[19]                                                                               ; CLOCK_50     ; CLOCK_50    ; 0.000        ; 0.079      ; 0.905      ;
; 0.640 ; cpu:my_cpu|regfile:rf|writedata_prev[28]   ; cpu:my_cpu|gpio_out_reg[28]                                                                               ; CLOCK_50     ; CLOCK_50    ; 0.000        ; 0.079      ; 0.905      ;
; 0.641 ; cpu:my_cpu|regfile:rf|writedata_prev[26]   ; cpu:my_cpu|gpio_out_reg[26]                                                                               ; CLOCK_50     ; CLOCK_50    ; 0.000        ; 0.079      ; 0.906      ;
; 0.642 ; cpu:my_cpu|regfile:rf|writedata_prev[25]   ; cpu:my_cpu|gpio_out_reg[25]                                                                               ; CLOCK_50     ; CLOCK_50    ; 0.000        ; 0.080      ; 0.908      ;
; 0.643 ; cpu:my_cpu|regfile:rf|writedata_prev[22]   ; cpu:my_cpu|gpio_out_reg[22]                                                                               ; CLOCK_50     ; CLOCK_50    ; 0.000        ; 0.079      ; 0.908      ;
; 0.644 ; cpu:my_cpu|pc_F[0]                         ; cpu:my_cpu|pc_EX[0]                                                                                       ; CLOCK_50     ; CLOCK_50    ; 0.000        ; 0.079      ; 0.909      ;
; 0.645 ; cpu:my_cpu|regfile:rf|writedata_prev[24]   ; cpu:my_cpu|gpio_out_reg[24]                                                                               ; CLOCK_50     ; CLOCK_50    ; 0.000        ; 0.080      ; 0.911      ;
; 0.645 ; cpu:my_cpu|regfile:rf|writedata_prev[29]   ; cpu:my_cpu|gpio_out_reg[29]                                                                               ; CLOCK_50     ; CLOCK_50    ; 0.000        ; 0.079      ; 0.910      ;
; 0.646 ; cpu:my_cpu|regfile:rf|writedata_prev[20]   ; cpu:my_cpu|gpio_out_reg[20]                                                                               ; CLOCK_50     ; CLOCK_50    ; 0.000        ; 0.079      ; 0.911      ;
; 0.646 ; cpu:my_cpu|instruction_EX[7]               ; cpu:my_cpu|regfile:rf|mem_rtl_1_bypass[1]                                                                 ; CLOCK_50     ; CLOCK_50    ; 0.000        ; 0.080      ; 0.912      ;
; 0.648 ; cpu:my_cpu|regwrite_EX_reg[0]              ; cpu:my_cpu|regfile:rf|altsyncram:mem_rtl_0|altsyncram_mcc1:auto_generated|ram_block1a0~porta_we_reg       ; CLOCK_50     ; CLOCK_50    ; 0.000        ; 0.453      ; 1.323      ;
; 0.659 ; cpu:my_cpu|pc_F[26]                        ; cpu:my_cpu|pc_EX[26]                                                                                      ; CLOCK_50     ; CLOCK_50    ; 0.000        ; 0.080      ; 0.925      ;
; 0.660 ; cpu:my_cpu|pc_F[24]                        ; cpu:my_cpu|pc_EX[24]                                                                                      ; CLOCK_50     ; CLOCK_50    ; 0.000        ; 0.080      ; 0.926      ;
; 0.661 ; cpu:my_cpu|pc_F[14]                        ; cpu:my_cpu|pc_EX[14]                                                                                      ; CLOCK_50     ; CLOCK_50    ; 0.000        ; 0.080      ; 0.927      ;
; 0.662 ; cpu:my_cpu|pc_F[16]                        ; cpu:my_cpu|pc_EX[16]                                                                                      ; CLOCK_50     ; CLOCK_50    ; 0.000        ; 0.080      ; 0.928      ;
; 0.662 ; cpu:my_cpu|pc_F[13]                        ; cpu:my_cpu|pc_EX[13]                                                                                      ; CLOCK_50     ; CLOCK_50    ; 0.000        ; 0.080      ; 0.928      ;
; 0.662 ; cpu:my_cpu|pc_F[5]                         ; cpu:my_cpu|pc_EX[5]                                                                                       ; CLOCK_50     ; CLOCK_50    ; 0.000        ; 0.080      ; 0.928      ;
; 0.663 ; cpu:my_cpu|pc_F[25]                        ; cpu:my_cpu|pc_EX[25]                                                                                      ; CLOCK_50     ; CLOCK_50    ; 0.000        ; 0.080      ; 0.929      ;
; 0.664 ; cpu:my_cpu|pc_F[15]                        ; cpu:my_cpu|pc_EX[15]                                                                                      ; CLOCK_50     ; CLOCK_50    ; 0.000        ; 0.080      ; 0.930      ;
; 0.665 ; cpu:my_cpu|pc_F[2]                         ; cpu:my_cpu|pc_EX[2]                                                                                       ; CLOCK_50     ; CLOCK_50    ; 0.000        ; 0.080      ; 0.931      ;
; 0.672 ; cpu:my_cpu|pc_F[7]                         ; cpu:my_cpu|pc_EX[7]                                                                                       ; CLOCK_50     ; CLOCK_50    ; 0.000        ; 0.080      ; 0.938      ;
; 0.676 ; cpu:my_cpu|pc_F[9]                         ; cpu:my_cpu|pc_EX[9]                                                                                       ; CLOCK_50     ; CLOCK_50    ; 0.000        ; 0.080      ; 0.942      ;
; 0.685 ; cpu:my_cpu|pc_F[6]                         ; cpu:my_cpu|pc_EX[6]                                                                                       ; CLOCK_50     ; CLOCK_50    ; 0.000        ; 0.080      ; 0.951      ;
; 0.688 ; cpu:my_cpu|instruction_EX[4]               ; cpu:my_cpu|regwrite_EX_reg[0]                                                                             ; CLOCK_50     ; CLOCK_50    ; 0.000        ; 0.079      ; 0.953      ;
; 0.690 ; cpu:my_cpu|instruction_EX[4]               ; cpu:my_cpu|regsel_EX_reg[0]                                                                               ; CLOCK_50     ; CLOCK_50    ; 0.000        ; 0.079      ; 0.955      ;
; 0.691 ; cpu:my_cpu|instruction_EX[4]               ; cpu:my_cpu|GPIO_we_reg[0]                                                                                 ; CLOCK_50     ; CLOCK_50    ; 0.000        ; 0.079      ; 0.956      ;
; 0.695 ; cpu:my_cpu|instruction_EX[7]               ; cpu:my_cpu|regfile:rf|altsyncram:mem_rtl_0|altsyncram_mcc1:auto_generated|ram_block1a0~porta_address_reg0 ; CLOCK_50     ; CLOCK_50    ; 0.000        ; 0.433      ; 1.350      ;
; 0.699 ; cpu:my_cpu|instruction_EX[4]               ; cpu:my_cpu|branch_reg                                                                                     ; CLOCK_50     ; CLOCK_50    ; 0.000        ; 0.079      ; 0.964      ;
; 0.700 ; cpu:my_cpu|instruction_EX[4]               ; cpu:my_cpu|jump_reg                                                                                       ; CLOCK_50     ; CLOCK_50    ; 0.000        ; 0.079      ; 0.965      ;
; 0.704 ; cpu:my_cpu|regsel_EX_reg[1]                ; cpu:my_cpu|regfile:rf|mem_rtl_1_bypass[30]                                                                ; CLOCK_50     ; CLOCK_50    ; 0.000        ; 0.079      ; 0.969      ;
; 0.723 ; cpu:my_cpu|regfile:rf|writedata_prev[21]   ; cpu:my_cpu|gpio_out_reg[21]                                                                               ; CLOCK_50     ; CLOCK_50    ; 0.000        ; 0.079      ; 0.988      ;
; 0.727 ; cpu:my_cpu|pc_F[18]                        ; cpu:my_cpu|pc_EX[18]                                                                                      ; CLOCK_50     ; CLOCK_50    ; 0.000        ; 0.080      ; 0.993      ;
; 0.729 ; cpu:my_cpu|regfile:rf|writedata_prev[30]   ; cpu:my_cpu|gpio_out_reg[30]                                                                               ; CLOCK_50     ; CLOCK_50    ; 0.000        ; 0.079      ; 0.994      ;
; 0.731 ; cpu:my_cpu|pc_F[27]                        ; cpu:my_cpu|pc_EX[27]                                                                                      ; CLOCK_50     ; CLOCK_50    ; 0.000        ; 0.078      ; 0.995      ;
; 0.753 ; cpu:my_cpu|regfile:rf|mem_rtl_0_bypass[36] ; cpu:my_cpu|gpio_out_reg[25]                                                                               ; CLOCK_50     ; CLOCK_50    ; 0.000        ; 0.080      ; 1.019      ;
; 0.754 ; cpu:my_cpu|regfile:rf|mem_rtl_0_bypass[35] ; cpu:my_cpu|gpio_out_reg[24]                                                                               ; CLOCK_50     ; CLOCK_50    ; 0.000        ; 0.080      ; 1.020      ;
; 0.755 ; cpu:my_cpu|regfile:rf|mem_rtl_0_bypass[26] ; cpu:my_cpu|gpio_out_reg[15]                                                                               ; CLOCK_50     ; CLOCK_50    ; 0.000        ; 0.079      ; 1.020      ;
; 0.756 ; cpu:my_cpu|regfile:rf|mem_rtl_0_bypass[12] ; cpu:my_cpu|gpio_out_reg[1]                                                                                ; CLOCK_50     ; CLOCK_50    ; 0.000        ; 0.080      ; 1.022      ;
; 0.758 ; cpu:my_cpu|regfile:rf|mem_rtl_0_bypass[40] ; cpu:my_cpu|gpio_out_reg[29]                                                                               ; CLOCK_50     ; CLOCK_50    ; 0.000        ; 0.079      ; 1.023      ;
; 0.766 ; cpu:my_cpu|pc_F[8]                         ; cpu:my_cpu|pc_EX[8]                                                                                       ; CLOCK_50     ; CLOCK_50    ; 0.000        ; 0.080      ; 1.032      ;
; 0.830 ; cpu:my_cpu|pc_EX[0]                        ; cpu:my_cpu|pc_F[0]                                                                                        ; CLOCK_50     ; CLOCK_50    ; 0.000        ; 0.079      ; 1.095      ;
; 0.881 ; cpu:my_cpu|pc_F[3]                         ; cpu:my_cpu|pc_EX[3]                                                                                       ; CLOCK_50     ; CLOCK_50    ; 0.000        ; 0.078      ; 1.145      ;
; 0.884 ; cpu:my_cpu|pc_F[4]                         ; cpu:my_cpu|pc_EX[4]                                                                                       ; CLOCK_50     ; CLOCK_50    ; 0.000        ; 0.081      ; 1.151      ;
; 0.885 ; cpu:my_cpu|regfile:rf|mem_rtl_0_bypass[13] ; cpu:my_cpu|gpio_out_reg[2]                                                                                ; CLOCK_50     ; CLOCK_50    ; 0.000        ; 0.080      ; 1.151      ;
; 0.886 ; cpu:my_cpu|regfile:rf|writedata_prev[3]    ; cpu:my_cpu|gpio_out_reg[3]                                                                                ; CLOCK_50     ; CLOCK_50    ; 0.000        ; 0.080      ; 1.152      ;
; 0.886 ; cpu:my_cpu|regfile:rf|writedata_prev[1]    ; cpu:my_cpu|gpio_out_reg[1]                                                                                ; CLOCK_50     ; CLOCK_50    ; 0.000        ; 0.080      ; 1.152      ;
; 0.930 ; cpu:my_cpu|regwrite_EX_reg[0]              ; cpu:my_cpu|regfile:rf|altsyncram:mem_rtl_1|altsyncram_mcc1:auto_generated|ram_block1a0~porta_we_reg       ; CLOCK_50     ; CLOCK_50    ; 0.000        ; 0.453      ; 1.605      ;
; 0.963 ; cpu:my_cpu|regsel_EX_reg[0]                ; cpu:my_cpu|regfile:rf|mem_rtl_1_bypass[30]                                                                ; CLOCK_50     ; CLOCK_50    ; 0.000        ; 0.079      ; 1.228      ;
; 0.969 ; cpu:my_cpu|regfile:rf|mem_rtl_0_bypass[14] ; cpu:my_cpu|gpio_out_reg[3]                                                                                ; CLOCK_50     ; CLOCK_50    ; 0.000        ; 0.080      ; 1.235      ;
; 0.971 ; cpu:my_cpu|regfile:rf|mem_rtl_0_bypass[27] ; cpu:my_cpu|gpio_out_reg[16]                                                                               ; CLOCK_50     ; CLOCK_50    ; 0.000        ; 0.079      ; 1.236      ;
; 0.972 ; cpu:my_cpu|regfile:rf|mem_rtl_0_bypass[25] ; cpu:my_cpu|gpio_out_reg[14]                                                                               ; CLOCK_50     ; CLOCK_50    ; 0.000        ; 0.079      ; 1.237      ;
; 0.973 ; cpu:my_cpu|regfile:rf|mem_rtl_0_bypass[21] ; cpu:my_cpu|gpio_out_reg[10]                                                                               ; CLOCK_50     ; CLOCK_50    ; 0.000        ; 0.080      ; 1.239      ;
; 0.973 ; cpu:my_cpu|regfile:rf|mem_rtl_0_bypass[28] ; cpu:my_cpu|gpio_out_reg[17]                                                                               ; CLOCK_50     ; CLOCK_50    ; 0.000        ; 0.079      ; 1.238      ;
; 0.973 ; cpu:my_cpu|regfile:rf|mem_rtl_0_bypass[30] ; cpu:my_cpu|gpio_out_reg[19]                                                                               ; CLOCK_50     ; CLOCK_50    ; 0.000        ; 0.079      ; 1.238      ;
; 0.975 ; cpu:my_cpu|regfile:rf|mem_rtl_0_bypass[39] ; cpu:my_cpu|gpio_out_reg[28]                                                                               ; CLOCK_50     ; CLOCK_50    ; 0.000        ; 0.079      ; 1.240      ;
; 0.983 ; cpu:my_cpu|regfile:rf|mem_rtl_0_bypass[34] ; cpu:my_cpu|gpio_out_reg[23]                                                                               ; CLOCK_50     ; CLOCK_50    ; 0.000        ; 0.080      ; 1.249      ;
; 0.985 ; cpu:my_cpu|regsel_EX_reg[1]                ; cpu:my_cpu|regfile:rf|mem_rtl_1_bypass[37]                                                                ; CLOCK_50     ; CLOCK_50    ; 0.000        ; 0.083      ; 1.254      ;
; 0.985 ; cpu:my_cpu|regfile:rf|mem_rtl_0_bypass[33] ; cpu:my_cpu|gpio_out_reg[22]                                                                               ; CLOCK_50     ; CLOCK_50    ; 0.000        ; 0.079      ; 1.250      ;
; 0.990 ; cpu:my_cpu|regfile:rf|mem_rtl_0_bypass[41] ; cpu:my_cpu|gpio_out_reg[30]                                                                               ; CLOCK_50     ; CLOCK_50    ; 0.000        ; 0.079      ; 1.255      ;
; 0.990 ; cpu:my_cpu|regfile:rf|mem_rtl_0_bypass[32] ; cpu:my_cpu|gpio_out_reg[21]                                                                               ; CLOCK_50     ; CLOCK_50    ; 0.000        ; 0.079      ; 1.255      ;
; 0.992 ; cpu:my_cpu|regfile:rf|mem_rtl_0_bypass[42] ; cpu:my_cpu|gpio_out_reg[31]                                                                               ; CLOCK_50     ; CLOCK_50    ; 0.000        ; 0.078      ; 1.256      ;
; 0.994 ; cpu:my_cpu|pc_F[11]                        ; cpu:my_cpu|pc_EX[11]                                                                                      ; CLOCK_50     ; CLOCK_50    ; 0.000        ; 0.069      ; 1.249      ;
; 1.017 ; cpu:my_cpu|instruction_EX[15]              ; cpu:my_cpu|gpio_out_reg[8]                                                                                ; CLOCK_50     ; CLOCK_50    ; 0.000        ; 0.072      ; 1.275      ;
; 1.028 ; cpu:my_cpu|regfile:rf|mem_rtl_0_bypass[11] ; cpu:my_cpu|gpio_out_reg[0]                                                                                ; CLOCK_50     ; CLOCK_50    ; 0.000        ; 0.080      ; 1.294      ;
; 1.028 ; cpu:my_cpu|instruction_EX[7]               ; cpu:my_cpu|regfile:rf|altsyncram:mem_rtl_1|altsyncram_mcc1:auto_generated|ram_block1a0~porta_address_reg0 ; CLOCK_50     ; CLOCK_50    ; 0.000        ; 0.433      ; 1.683      ;
; 1.047 ; cpu:my_cpu|instruction_EX[13]              ; cpu:my_cpu|gpio_out_reg[5]                                                                                ; CLOCK_50     ; CLOCK_50    ; 0.000        ; 0.081      ; 1.314      ;
; 1.048 ; cpu:my_cpu|instruction_EX[13]              ; cpu:my_cpu|gpio_out_reg[8]                                                                                ; CLOCK_50     ; CLOCK_50    ; 0.000        ; 0.081      ; 1.315      ;
; 1.049 ; cpu:my_cpu|instruction_EX[13]              ; cpu:my_cpu|gpio_out_reg[4]                                                                                ; CLOCK_50     ; CLOCK_50    ; 0.000        ; 0.081      ; 1.316      ;
; 1.049 ; cpu:my_cpu|instruction_EX[13]              ; cpu:my_cpu|gpio_out_reg[6]                                                                                ; CLOCK_50     ; CLOCK_50    ; 0.000        ; 0.081      ; 1.316      ;
; 1.049 ; cpu:my_cpu|instruction_EX[13]              ; cpu:my_cpu|gpio_out_reg[7]                                                                                ; CLOCK_50     ; CLOCK_50    ; 0.000        ; 0.081      ; 1.316      ;
; 1.051 ; cpu:my_cpu|instruction_EX[15]              ; cpu:my_cpu|gpio_out_reg[9]                                                                                ; CLOCK_50     ; CLOCK_50    ; 0.000        ; 0.075      ; 1.312      ;
; 1.064 ; cpu:my_cpu|regfile:rf|mem_rtl_0_bypass[37] ; cpu:my_cpu|gpio_out_reg[26]                                                                               ; CLOCK_50     ; CLOCK_50    ; 0.000        ; 0.079      ; 1.329      ;
; 1.073 ; cpu:my_cpu|pc_F[29]                        ; cpu:my_cpu|pc_EX[29]                                                                                      ; CLOCK_50     ; CLOCK_50    ; 0.000        ; 0.069      ; 1.328      ;
; 1.074 ; cpu:my_cpu|instruction_EX[15]              ; cpu:my_cpu|gpio_out_reg[14]                                                                               ; CLOCK_50     ; CLOCK_50    ; 0.000        ; 0.077      ; 1.337      ;
; 1.075 ; cpu:my_cpu|instruction_EX[15]              ; cpu:my_cpu|gpio_out_reg[13]                                                                               ; CLOCK_50     ; CLOCK_50    ; 0.000        ; 0.077      ; 1.338      ;
; 1.075 ; cpu:my_cpu|instruction_EX[15]              ; cpu:my_cpu|gpio_out_reg[15]                                                                               ; CLOCK_50     ; CLOCK_50    ; 0.000        ; 0.077      ; 1.338      ;
; 1.076 ; cpu:my_cpu|instruction_EX[15]              ; cpu:my_cpu|gpio_out_reg[16]                                                                               ; CLOCK_50     ; CLOCK_50    ; 0.000        ; 0.077      ; 1.339      ;
; 1.081 ; cpu:my_cpu|pc_F[31]                        ; cpu:my_cpu|pc_EX[31]                                                                                      ; CLOCK_50     ; CLOCK_50    ; 0.000        ; 0.075      ; 1.342      ;
; 1.094 ; cpu:my_cpu|regfile:rf|writedata_prev[15]   ; cpu:my_cpu|gpio_out_reg[15]                                                                               ; CLOCK_50     ; CLOCK_50    ; 0.000        ; 0.079      ; 1.359      ;
; 1.108 ; cpu:my_cpu|funct3_reg[0]                   ; cpu:my_cpu|pc_F[5]                                                                                        ; CLOCK_50     ; CLOCK_50    ; 0.000        ; 0.080      ; 1.374      ;
; 1.110 ; cpu:my_cpu|regsel_EX_reg[0]                ; cpu:my_cpu|regfile:rf|mem_rtl_1_bypass[35]                                                                ; CLOCK_50     ; CLOCK_50    ; 0.000        ; 0.098      ; 1.394      ;
+-------+--------------------------------------------+-----------------------------------------------------------------------------------------------------------+--------------+-------------+--------------+------------+------------+


-----------------------------------------------
; Slow 1200mV 85C Model Metastability Summary ;
-----------------------------------------------
No synchronizer chains to report.


+-------------------------------------------------+
; Slow 1200mV 0C Model Fmax Summary               ;
+-----------+-----------------+------------+------+
; Fmax      ; Restricted Fmax ; Clock Name ; Note ;
+-----------+-----------------+------------+------+
; 68.96 MHz ; 68.96 MHz       ; CLOCK_50   ;      ;
+-----------+-----------------+------------+------+
This panel reports FMAX for every clock in the design, regardless of the user-specified clock periods.  FMAX is only computed for paths where the source and destination registers or ports are driven by the same clock.  Paths of different clocks, including generated clocks, are ignored.  For paths between a clock and its inversion, FMAX is computed as if the rising and falling edges are scaled along with FMAX, such that the duty cycle (in terms of a percentage) is maintained. Altera recommends that you always use clock constraints and other slack reports for sign-off analysis.


+------------------------------------+
; Slow 1200mV 0C Model Setup Summary ;
+----------+-------+-----------------+
; Clock    ; Slack ; End Point TNS   ;
+----------+-------+-----------------+
; CLOCK_50 ; 5.499 ; 0.000           ;
+----------+-------+-----------------+


+-----------------------------------+
; Slow 1200mV 0C Model Hold Summary ;
+----------+-------+----------------+
; Clock    ; Slack ; End Point TNS  ;
+----------+-------+----------------+
; CLOCK_50 ; 0.356 ; 0.000          ;
+----------+-------+----------------+


-----------------------------------------
; Slow 1200mV 0C Model Recovery Summary ;
-----------------------------------------
No paths to report.


----------------------------------------
; Slow 1200mV 0C Model Removal Summary ;
----------------------------------------
No paths to report.


+--------------------------------------------------+
; Slow 1200mV 0C Model Minimum Pulse Width Summary ;
+-----------+--------+-----------------------------+
; Clock     ; Slack  ; End Point TNS               ;
+-----------+--------+-----------------------------+
; CLOCK_50  ; 9.557  ; 0.000                       ;
; CLOCK2_50 ; 16.000 ; 0.000                       ;
; CLOCK3_50 ; 16.000 ; 0.000                       ;
+-----------+--------+-----------------------------+


+---------------------------------------------------------------------------------------------------------------------------------------------------------------------------------------------------------------+
; Slow 1200mV 0C Model Setup: 'CLOCK_50'                                                                                                                                                                        ;
+-------+-----------------------------------------------------------------------------------------------------------+---------------------+--------------+-------------+--------------+------------+------------+
; Slack ; From Node                                                                                                 ; To Node             ; Launch Clock ; Latch Clock ; Relationship ; Clock Skew ; Data Delay ;
+-------+-----------------------------------------------------------------------------------------------------------+---------------------+--------------+-------------+--------------+------------+------------+
; 5.499 ; cpu:my_cpu|regfile:rf|altsyncram:mem_rtl_0|altsyncram_mcc1:auto_generated|ram_block1a0~portb_address_reg0 ; cpu:my_cpu|pc_F[3]  ; CLOCK_50     ; CLOCK_50    ; 20.000       ; -0.394     ; 14.106     ;
; 5.634 ; cpu:my_cpu|regfile:rf|altsyncram:mem_rtl_0|altsyncram_mcc1:auto_generated|ram_block1a0~portb_address_reg0 ; cpu:my_cpu|pc_F[30] ; CLOCK_50     ; CLOCK_50    ; 20.000       ; -0.398     ; 13.967     ;
; 5.677 ; cpu:my_cpu|regfile:rf|altsyncram:mem_rtl_0|altsyncram_mcc1:auto_generated|ram_block1a0~portb_address_reg0 ; cpu:my_cpu|pc_F[7]  ; CLOCK_50     ; CLOCK_50    ; 20.000       ; -0.390     ; 13.932     ;
; 5.679 ; cpu:my_cpu|regfile:rf|altsyncram:mem_rtl_0|altsyncram_mcc1:auto_generated|ram_block1a0~portb_address_reg0 ; cpu:my_cpu|pc_F[9]  ; CLOCK_50     ; CLOCK_50    ; 20.000       ; -0.390     ; 13.930     ;
; 5.679 ; cpu:my_cpu|regfile:rf|altsyncram:mem_rtl_0|altsyncram_mcc1:auto_generated|ram_block1a0~portb_address_reg0 ; cpu:my_cpu|pc_F[23] ; CLOCK_50     ; CLOCK_50    ; 20.000       ; -0.390     ; 13.930     ;
; 5.680 ; cpu:my_cpu|regfile:rf|altsyncram:mem_rtl_0|altsyncram_mcc1:auto_generated|ram_block1a0~portb_address_reg0 ; cpu:my_cpu|pc_F[31] ; CLOCK_50     ; CLOCK_50    ; 20.000       ; -0.390     ; 13.929     ;
; 5.682 ; cpu:my_cpu|regfile:rf|altsyncram:mem_rtl_0|altsyncram_mcc1:auto_generated|ram_block1a0~portb_address_reg0 ; cpu:my_cpu|pc_F[8]  ; CLOCK_50     ; CLOCK_50    ; 20.000       ; -0.390     ; 13.927     ;
; 5.771 ; cpu:my_cpu|regfile:rf|altsyncram:mem_rtl_0|altsyncram_mcc1:auto_generated|ram_block1a0~portb_address_reg0 ; cpu:my_cpu|pc_F[13] ; CLOCK_50     ; CLOCK_50    ; 20.000       ; -0.394     ; 13.834     ;
; 5.779 ; cpu:my_cpu|regfile:rf|altsyncram:mem_rtl_0|altsyncram_mcc1:auto_generated|ram_block1a0~portb_address_reg0 ; cpu:my_cpu|pc_F[17] ; CLOCK_50     ; CLOCK_50    ; 20.000       ; -0.394     ; 13.826     ;
; 5.784 ; cpu:my_cpu|regfile:rf|altsyncram:mem_rtl_0|altsyncram_mcc1:auto_generated|ram_block1a0~portb_address_reg0 ; cpu:my_cpu|pc_F[6]  ; CLOCK_50     ; CLOCK_50    ; 20.000       ; -0.398     ; 13.817     ;
; 5.784 ; cpu:my_cpu|regfile:rf|altsyncram:mem_rtl_0|altsyncram_mcc1:auto_generated|ram_block1a0~portb_address_reg0 ; cpu:my_cpu|pc_F[12] ; CLOCK_50     ; CLOCK_50    ; 20.000       ; -0.394     ; 13.821     ;
; 5.789 ; cpu:my_cpu|regfile:rf|altsyncram:mem_rtl_0|altsyncram_mcc1:auto_generated|ram_block1a0~portb_address_reg0 ; cpu:my_cpu|pc_F[1]  ; CLOCK_50     ; CLOCK_50    ; 20.000       ; -0.408     ; 13.802     ;
; 5.896 ; cpu:my_cpu|regfile:rf|altsyncram:mem_rtl_0|altsyncram_mcc1:auto_generated|ram_block1a0~portb_address_reg0 ; cpu:my_cpu|pc_F[26] ; CLOCK_50     ; CLOCK_50    ; 20.000       ; -0.398     ; 13.705     ;
; 5.899 ; cpu:my_cpu|regfile:rf|altsyncram:mem_rtl_0|altsyncram_mcc1:auto_generated|ram_block1a0~portb_address_reg0 ; cpu:my_cpu|pc_F[15] ; CLOCK_50     ; CLOCK_50    ; 20.000       ; -0.394     ; 13.706     ;
; 5.900 ; cpu:my_cpu|regfile:rf|altsyncram:mem_rtl_0|altsyncram_mcc1:auto_generated|ram_block1a0~portb_address_reg0 ; cpu:my_cpu|pc_F[16] ; CLOCK_50     ; CLOCK_50    ; 20.000       ; -0.398     ; 13.701     ;
; 5.907 ; cpu:my_cpu|regfile:rf|altsyncram:mem_rtl_0|altsyncram_mcc1:auto_generated|ram_block1a0~portb_address_reg0 ; cpu:my_cpu|pc_F[14] ; CLOCK_50     ; CLOCK_50    ; 20.000       ; -0.398     ; 13.694     ;
; 5.919 ; cpu:my_cpu|regfile:rf|altsyncram:mem_rtl_0|altsyncram_mcc1:auto_generated|ram_block1a0~portb_address_reg0 ; cpu:my_cpu|pc_F[2]  ; CLOCK_50     ; CLOCK_50    ; 20.000       ; -0.394     ; 13.686     ;
; 6.083 ; cpu:my_cpu|regfile:rf|altsyncram:mem_rtl_0|altsyncram_mcc1:auto_generated|ram_block1a0~portb_address_reg0 ; cpu:my_cpu|pc_F[18] ; CLOCK_50     ; CLOCK_50    ; 20.000       ; -0.399     ; 13.517     ;
; 6.084 ; cpu:my_cpu|regfile:rf|altsyncram:mem_rtl_0|altsyncram_mcc1:auto_generated|ram_block1a0~portb_address_reg0 ; cpu:my_cpu|pc_F[21] ; CLOCK_50     ; CLOCK_50    ; 20.000       ; -0.399     ; 13.516     ;
; 6.085 ; cpu:my_cpu|regfile:rf|altsyncram:mem_rtl_0|altsyncram_mcc1:auto_generated|ram_block1a0~portb_address_reg0 ; cpu:my_cpu|pc_F[22] ; CLOCK_50     ; CLOCK_50    ; 20.000       ; -0.399     ; 13.515     ;
; 6.094 ; cpu:my_cpu|regfile:rf|altsyncram:mem_rtl_0|altsyncram_mcc1:auto_generated|ram_block1a0~portb_address_reg0 ; cpu:my_cpu|pc_F[10] ; CLOCK_50     ; CLOCK_50    ; 20.000       ; -0.403     ; 13.502     ;
; 6.201 ; cpu:my_cpu|regfile:rf|altsyncram:mem_rtl_0|altsyncram_mcc1:auto_generated|ram_block1a0~portb_address_reg0 ; cpu:my_cpu|pc_F[19] ; CLOCK_50     ; CLOCK_50    ; 20.000       ; -0.399     ; 13.399     ;
; 6.204 ; cpu:my_cpu|regfile:rf|altsyncram:mem_rtl_0|altsyncram_mcc1:auto_generated|ram_block1a0~portb_address_reg0 ; cpu:my_cpu|pc_F[20] ; CLOCK_50     ; CLOCK_50    ; 20.000       ; -0.399     ; 13.396     ;
; 6.209 ; cpu:my_cpu|regfile:rf|altsyncram:mem_rtl_0|altsyncram_mcc1:auto_generated|ram_block1a0~portb_address_reg0 ; cpu:my_cpu|pc_F[24] ; CLOCK_50     ; CLOCK_50    ; 20.000       ; -0.403     ; 13.387     ;
; 6.210 ; cpu:my_cpu|regfile:rf|altsyncram:mem_rtl_0|altsyncram_mcc1:auto_generated|ram_block1a0~portb_address_reg0 ; cpu:my_cpu|pc_F[28] ; CLOCK_50     ; CLOCK_50    ; 20.000       ; -0.403     ; 13.386     ;
; 6.215 ; cpu:my_cpu|regfile:rf|altsyncram:mem_rtl_0|altsyncram_mcc1:auto_generated|ram_block1a0~portb_address_reg0 ; cpu:my_cpu|pc_F[25] ; CLOCK_50     ; CLOCK_50    ; 20.000       ; -0.403     ; 13.381     ;
; 6.408 ; cpu:my_cpu|regfile:rf|altsyncram:mem_rtl_0|altsyncram_mcc1:auto_generated|ram_block1a0~portb_address_reg0 ; cpu:my_cpu|pc_F[0]  ; CLOCK_50     ; CLOCK_50    ; 20.000       ; -0.408     ; 13.183     ;
; 6.479 ; cpu:my_cpu|regfile:rf|altsyncram:mem_rtl_0|altsyncram_mcc1:auto_generated|ram_block1a0~portb_address_reg0 ; cpu:my_cpu|pc_F[4]  ; CLOCK_50     ; CLOCK_50    ; 20.000       ; -0.392     ; 13.128     ;
; 6.587 ; cpu:my_cpu|regfile:rf|altsyncram:mem_rtl_1|altsyncram_mcc1:auto_generated|ram_block1a0~portb_address_reg0 ; cpu:my_cpu|pc_F[3]  ; CLOCK_50     ; CLOCK_50    ; 20.000       ; -0.394     ; 13.018     ;
; 6.602 ; cpu:my_cpu|regfile:rf|mem_rtl_0_bypass[0]                                                                 ; cpu:my_cpu|pc_F[3]  ; CLOCK_50     ; CLOCK_50    ; 20.000       ; -0.077     ; 13.320     ;
; 6.636 ; cpu:my_cpu|regfile:rf|mem_rtl_0_bypass[8]                                                                 ; cpu:my_cpu|pc_F[3]  ; CLOCK_50     ; CLOCK_50    ; 20.000       ; -0.077     ; 13.286     ;
; 6.722 ; cpu:my_cpu|regfile:rf|altsyncram:mem_rtl_1|altsyncram_mcc1:auto_generated|ram_block1a0~portb_address_reg0 ; cpu:my_cpu|pc_F[30] ; CLOCK_50     ; CLOCK_50    ; 20.000       ; -0.398     ; 12.879     ;
; 6.737 ; cpu:my_cpu|regfile:rf|mem_rtl_0_bypass[0]                                                                 ; cpu:my_cpu|pc_F[30] ; CLOCK_50     ; CLOCK_50    ; 20.000       ; -0.081     ; 13.181     ;
; 6.753 ; cpu:my_cpu|regfile:rf|altsyncram:mem_rtl_0|altsyncram_mcc1:auto_generated|ram_block1a0~portb_address_reg0 ; cpu:my_cpu|pc_F[11] ; CLOCK_50     ; CLOCK_50    ; 20.000       ; -0.392     ; 12.854     ;
; 6.758 ; cpu:my_cpu|regfile:rf|altsyncram:mem_rtl_0|altsyncram_mcc1:auto_generated|ram_block1a0~portb_address_reg0 ; cpu:my_cpu|pc_F[27] ; CLOCK_50     ; CLOCK_50    ; 20.000       ; -0.392     ; 12.849     ;
; 6.759 ; cpu:my_cpu|regfile:rf|altsyncram:mem_rtl_0|altsyncram_mcc1:auto_generated|ram_block1a0~portb_address_reg0 ; cpu:my_cpu|pc_F[5]  ; CLOCK_50     ; CLOCK_50    ; 20.000       ; -0.392     ; 12.848     ;
; 6.761 ; cpu:my_cpu|regfile:rf|altsyncram:mem_rtl_0|altsyncram_mcc1:auto_generated|ram_block1a0~portb_address_reg0 ; cpu:my_cpu|pc_F[29] ; CLOCK_50     ; CLOCK_50    ; 20.000       ; -0.392     ; 12.846     ;
; 6.765 ; cpu:my_cpu|regfile:rf|altsyncram:mem_rtl_1|altsyncram_mcc1:auto_generated|ram_block1a0~portb_address_reg0 ; cpu:my_cpu|pc_F[7]  ; CLOCK_50     ; CLOCK_50    ; 20.000       ; -0.390     ; 12.844     ;
; 6.767 ; cpu:my_cpu|regfile:rf|altsyncram:mem_rtl_1|altsyncram_mcc1:auto_generated|ram_block1a0~portb_address_reg0 ; cpu:my_cpu|pc_F[9]  ; CLOCK_50     ; CLOCK_50    ; 20.000       ; -0.390     ; 12.842     ;
; 6.767 ; cpu:my_cpu|regfile:rf|altsyncram:mem_rtl_1|altsyncram_mcc1:auto_generated|ram_block1a0~portb_address_reg0 ; cpu:my_cpu|pc_F[23] ; CLOCK_50     ; CLOCK_50    ; 20.000       ; -0.390     ; 12.842     ;
; 6.768 ; cpu:my_cpu|regfile:rf|altsyncram:mem_rtl_1|altsyncram_mcc1:auto_generated|ram_block1a0~portb_address_reg0 ; cpu:my_cpu|pc_F[31] ; CLOCK_50     ; CLOCK_50    ; 20.000       ; -0.390     ; 12.841     ;
; 6.770 ; cpu:my_cpu|regfile:rf|altsyncram:mem_rtl_1|altsyncram_mcc1:auto_generated|ram_block1a0~portb_address_reg0 ; cpu:my_cpu|pc_F[8]  ; CLOCK_50     ; CLOCK_50    ; 20.000       ; -0.390     ; 12.839     ;
; 6.771 ; cpu:my_cpu|regfile:rf|mem_rtl_0_bypass[8]                                                                 ; cpu:my_cpu|pc_F[30] ; CLOCK_50     ; CLOCK_50    ; 20.000       ; -0.081     ; 13.147     ;
; 6.780 ; cpu:my_cpu|regfile:rf|mem_rtl_0_bypass[0]                                                                 ; cpu:my_cpu|pc_F[7]  ; CLOCK_50     ; CLOCK_50    ; 20.000       ; -0.073     ; 13.146     ;
; 6.782 ; cpu:my_cpu|regfile:rf|mem_rtl_0_bypass[0]                                                                 ; cpu:my_cpu|pc_F[23] ; CLOCK_50     ; CLOCK_50    ; 20.000       ; -0.073     ; 13.144     ;
; 6.782 ; cpu:my_cpu|regfile:rf|mem_rtl_0_bypass[0]                                                                 ; cpu:my_cpu|pc_F[9]  ; CLOCK_50     ; CLOCK_50    ; 20.000       ; -0.073     ; 13.144     ;
; 6.783 ; cpu:my_cpu|regfile:rf|mem_rtl_0_bypass[0]                                                                 ; cpu:my_cpu|pc_F[31] ; CLOCK_50     ; CLOCK_50    ; 20.000       ; -0.073     ; 13.143     ;
; 6.785 ; cpu:my_cpu|regfile:rf|mem_rtl_0_bypass[0]                                                                 ; cpu:my_cpu|pc_F[8]  ; CLOCK_50     ; CLOCK_50    ; 20.000       ; -0.073     ; 13.141     ;
; 6.814 ; cpu:my_cpu|regfile:rf|mem_rtl_0_bypass[8]                                                                 ; cpu:my_cpu|pc_F[7]  ; CLOCK_50     ; CLOCK_50    ; 20.000       ; -0.073     ; 13.112     ;
; 6.816 ; cpu:my_cpu|regfile:rf|mem_rtl_0_bypass[8]                                                                 ; cpu:my_cpu|pc_F[23] ; CLOCK_50     ; CLOCK_50    ; 20.000       ; -0.073     ; 13.110     ;
; 6.816 ; cpu:my_cpu|regfile:rf|mem_rtl_0_bypass[8]                                                                 ; cpu:my_cpu|pc_F[9]  ; CLOCK_50     ; CLOCK_50    ; 20.000       ; -0.073     ; 13.110     ;
; 6.817 ; cpu:my_cpu|regfile:rf|mem_rtl_0_bypass[8]                                                                 ; cpu:my_cpu|pc_F[31] ; CLOCK_50     ; CLOCK_50    ; 20.000       ; -0.073     ; 13.109     ;
; 6.819 ; cpu:my_cpu|regfile:rf|mem_rtl_0_bypass[8]                                                                 ; cpu:my_cpu|pc_F[8]  ; CLOCK_50     ; CLOCK_50    ; 20.000       ; -0.073     ; 13.107     ;
; 6.859 ; cpu:my_cpu|regfile:rf|altsyncram:mem_rtl_1|altsyncram_mcc1:auto_generated|ram_block1a0~portb_address_reg0 ; cpu:my_cpu|pc_F[13] ; CLOCK_50     ; CLOCK_50    ; 20.000       ; -0.394     ; 12.746     ;
; 6.867 ; cpu:my_cpu|regfile:rf|altsyncram:mem_rtl_1|altsyncram_mcc1:auto_generated|ram_block1a0~portb_address_reg0 ; cpu:my_cpu|pc_F[17] ; CLOCK_50     ; CLOCK_50    ; 20.000       ; -0.394     ; 12.738     ;
; 6.872 ; cpu:my_cpu|regfile:rf|altsyncram:mem_rtl_1|altsyncram_mcc1:auto_generated|ram_block1a0~portb_address_reg0 ; cpu:my_cpu|pc_F[6]  ; CLOCK_50     ; CLOCK_50    ; 20.000       ; -0.398     ; 12.729     ;
; 6.872 ; cpu:my_cpu|regfile:rf|altsyncram:mem_rtl_1|altsyncram_mcc1:auto_generated|ram_block1a0~portb_address_reg0 ; cpu:my_cpu|pc_F[12] ; CLOCK_50     ; CLOCK_50    ; 20.000       ; -0.394     ; 12.733     ;
; 6.874 ; cpu:my_cpu|regfile:rf|mem_rtl_0_bypass[0]                                                                 ; cpu:my_cpu|pc_F[13] ; CLOCK_50     ; CLOCK_50    ; 20.000       ; -0.077     ; 13.048     ;
; 6.877 ; cpu:my_cpu|regfile:rf|altsyncram:mem_rtl_1|altsyncram_mcc1:auto_generated|ram_block1a0~portb_address_reg0 ; cpu:my_cpu|pc_F[1]  ; CLOCK_50     ; CLOCK_50    ; 20.000       ; -0.408     ; 12.714     ;
; 6.882 ; cpu:my_cpu|regfile:rf|mem_rtl_0_bypass[0]                                                                 ; cpu:my_cpu|pc_F[17] ; CLOCK_50     ; CLOCK_50    ; 20.000       ; -0.077     ; 13.040     ;
; 6.887 ; cpu:my_cpu|regfile:rf|mem_rtl_0_bypass[0]                                                                 ; cpu:my_cpu|pc_F[12] ; CLOCK_50     ; CLOCK_50    ; 20.000       ; -0.077     ; 13.035     ;
; 6.887 ; cpu:my_cpu|regfile:rf|mem_rtl_0_bypass[0]                                                                 ; cpu:my_cpu|pc_F[6]  ; CLOCK_50     ; CLOCK_50    ; 20.000       ; -0.081     ; 13.031     ;
; 6.892 ; cpu:my_cpu|regfile:rf|mem_rtl_0_bypass[0]                                                                 ; cpu:my_cpu|pc_F[1]  ; CLOCK_50     ; CLOCK_50    ; 20.000       ; -0.091     ; 13.016     ;
; 6.908 ; cpu:my_cpu|regfile:rf|mem_rtl_0_bypass[8]                                                                 ; cpu:my_cpu|pc_F[13] ; CLOCK_50     ; CLOCK_50    ; 20.000       ; -0.077     ; 13.014     ;
; 6.913 ; cpu:my_cpu|regfile:rf|mem_rtl_0_bypass[4]                                                                 ; cpu:my_cpu|pc_F[3]  ; CLOCK_50     ; CLOCK_50    ; 20.000       ; -0.077     ; 13.009     ;
; 6.916 ; cpu:my_cpu|regfile:rf|mem_rtl_0_bypass[8]                                                                 ; cpu:my_cpu|pc_F[17] ; CLOCK_50     ; CLOCK_50    ; 20.000       ; -0.077     ; 13.006     ;
; 6.921 ; cpu:my_cpu|regfile:rf|mem_rtl_0_bypass[8]                                                                 ; cpu:my_cpu|pc_F[12] ; CLOCK_50     ; CLOCK_50    ; 20.000       ; -0.077     ; 13.001     ;
; 6.921 ; cpu:my_cpu|regfile:rf|mem_rtl_0_bypass[8]                                                                 ; cpu:my_cpu|pc_F[6]  ; CLOCK_50     ; CLOCK_50    ; 20.000       ; -0.081     ; 12.997     ;
; 6.926 ; cpu:my_cpu|regfile:rf|mem_rtl_0_bypass[8]                                                                 ; cpu:my_cpu|pc_F[1]  ; CLOCK_50     ; CLOCK_50    ; 20.000       ; -0.091     ; 12.982     ;
; 6.936 ; cpu:my_cpu|regfile:rf|mem_rtl_0_bypass[10]                                                                ; cpu:my_cpu|pc_F[3]  ; CLOCK_50     ; CLOCK_50    ; 20.000       ; -0.077     ; 12.986     ;
; 6.984 ; cpu:my_cpu|regfile:rf|altsyncram:mem_rtl_1|altsyncram_mcc1:auto_generated|ram_block1a0~portb_address_reg0 ; cpu:my_cpu|pc_F[26] ; CLOCK_50     ; CLOCK_50    ; 20.000       ; -0.398     ; 12.617     ;
; 6.987 ; cpu:my_cpu|regfile:rf|altsyncram:mem_rtl_1|altsyncram_mcc1:auto_generated|ram_block1a0~portb_address_reg0 ; cpu:my_cpu|pc_F[15] ; CLOCK_50     ; CLOCK_50    ; 20.000       ; -0.394     ; 12.618     ;
; 6.988 ; cpu:my_cpu|regfile:rf|altsyncram:mem_rtl_1|altsyncram_mcc1:auto_generated|ram_block1a0~portb_address_reg0 ; cpu:my_cpu|pc_F[16] ; CLOCK_50     ; CLOCK_50    ; 20.000       ; -0.398     ; 12.613     ;
; 6.995 ; cpu:my_cpu|regfile:rf|altsyncram:mem_rtl_1|altsyncram_mcc1:auto_generated|ram_block1a0~portb_address_reg0 ; cpu:my_cpu|pc_F[14] ; CLOCK_50     ; CLOCK_50    ; 20.000       ; -0.398     ; 12.606     ;
; 6.999 ; cpu:my_cpu|regfile:rf|mem_rtl_0_bypass[0]                                                                 ; cpu:my_cpu|pc_F[26] ; CLOCK_50     ; CLOCK_50    ; 20.000       ; -0.081     ; 12.919     ;
; 7.002 ; cpu:my_cpu|regfile:rf|mem_rtl_0_bypass[0]                                                                 ; cpu:my_cpu|pc_F[15] ; CLOCK_50     ; CLOCK_50    ; 20.000       ; -0.077     ; 12.920     ;
; 7.003 ; cpu:my_cpu|regfile:rf|mem_rtl_0_bypass[0]                                                                 ; cpu:my_cpu|pc_F[16] ; CLOCK_50     ; CLOCK_50    ; 20.000       ; -0.081     ; 12.915     ;
; 7.007 ; cpu:my_cpu|regfile:rf|altsyncram:mem_rtl_1|altsyncram_mcc1:auto_generated|ram_block1a0~portb_address_reg0 ; cpu:my_cpu|pc_F[2]  ; CLOCK_50     ; CLOCK_50    ; 20.000       ; -0.394     ; 12.598     ;
; 7.010 ; cpu:my_cpu|regfile:rf|mem_rtl_0_bypass[0]                                                                 ; cpu:my_cpu|pc_F[14] ; CLOCK_50     ; CLOCK_50    ; 20.000       ; -0.081     ; 12.908     ;
; 7.022 ; cpu:my_cpu|regfile:rf|mem_rtl_0_bypass[0]                                                                 ; cpu:my_cpu|pc_F[2]  ; CLOCK_50     ; CLOCK_50    ; 20.000       ; -0.077     ; 12.900     ;
; 7.033 ; cpu:my_cpu|regfile:rf|mem_rtl_0_bypass[8]                                                                 ; cpu:my_cpu|pc_F[26] ; CLOCK_50     ; CLOCK_50    ; 20.000       ; -0.081     ; 12.885     ;
; 7.036 ; cpu:my_cpu|regfile:rf|mem_rtl_0_bypass[8]                                                                 ; cpu:my_cpu|pc_F[15] ; CLOCK_50     ; CLOCK_50    ; 20.000       ; -0.077     ; 12.886     ;
; 7.037 ; cpu:my_cpu|regfile:rf|mem_rtl_0_bypass[8]                                                                 ; cpu:my_cpu|pc_F[16] ; CLOCK_50     ; CLOCK_50    ; 20.000       ; -0.081     ; 12.881     ;
; 7.044 ; cpu:my_cpu|regfile:rf|mem_rtl_0_bypass[8]                                                                 ; cpu:my_cpu|pc_F[14] ; CLOCK_50     ; CLOCK_50    ; 20.000       ; -0.081     ; 12.874     ;
; 7.048 ; cpu:my_cpu|regfile:rf|mem_rtl_0_bypass[4]                                                                 ; cpu:my_cpu|pc_F[30] ; CLOCK_50     ; CLOCK_50    ; 20.000       ; -0.081     ; 12.870     ;
; 7.056 ; cpu:my_cpu|regfile:rf|mem_rtl_0_bypass[8]                                                                 ; cpu:my_cpu|pc_F[2]  ; CLOCK_50     ; CLOCK_50    ; 20.000       ; -0.077     ; 12.866     ;
; 7.071 ; cpu:my_cpu|regfile:rf|mem_rtl_0_bypass[10]                                                                ; cpu:my_cpu|pc_F[30] ; CLOCK_50     ; CLOCK_50    ; 20.000       ; -0.081     ; 12.847     ;
; 7.072 ; cpu:my_cpu|instruction_EX[15]                                                                             ; cpu:my_cpu|pc_F[3]  ; CLOCK_50     ; CLOCK_50    ; 20.000       ; -0.062     ; 12.865     ;
; 7.086 ; cpu:my_cpu|regfile:rf|mem_rtl_1_bypass[4]                                                                 ; cpu:my_cpu|pc_F[3]  ; CLOCK_50     ; CLOCK_50    ; 20.000       ; -0.078     ; 12.835     ;
; 7.091 ; cpu:my_cpu|regfile:rf|mem_rtl_0_bypass[4]                                                                 ; cpu:my_cpu|pc_F[7]  ; CLOCK_50     ; CLOCK_50    ; 20.000       ; -0.073     ; 12.835     ;
; 7.093 ; cpu:my_cpu|regfile:rf|mem_rtl_0_bypass[4]                                                                 ; cpu:my_cpu|pc_F[23] ; CLOCK_50     ; CLOCK_50    ; 20.000       ; -0.073     ; 12.833     ;
; 7.093 ; cpu:my_cpu|regfile:rf|mem_rtl_0_bypass[4]                                                                 ; cpu:my_cpu|pc_F[9]  ; CLOCK_50     ; CLOCK_50    ; 20.000       ; -0.073     ; 12.833     ;
; 7.094 ; cpu:my_cpu|regfile:rf|mem_rtl_0_bypass[4]                                                                 ; cpu:my_cpu|pc_F[31] ; CLOCK_50     ; CLOCK_50    ; 20.000       ; -0.073     ; 12.832     ;
; 7.096 ; cpu:my_cpu|regfile:rf|mem_rtl_0_bypass[4]                                                                 ; cpu:my_cpu|pc_F[8]  ; CLOCK_50     ; CLOCK_50    ; 20.000       ; -0.073     ; 12.830     ;
; 7.114 ; cpu:my_cpu|regfile:rf|mem_rtl_0_bypass[10]                                                                ; cpu:my_cpu|pc_F[7]  ; CLOCK_50     ; CLOCK_50    ; 20.000       ; -0.073     ; 12.812     ;
; 7.116 ; cpu:my_cpu|regfile:rf|mem_rtl_0_bypass[10]                                                                ; cpu:my_cpu|pc_F[23] ; CLOCK_50     ; CLOCK_50    ; 20.000       ; -0.073     ; 12.810     ;
; 7.116 ; cpu:my_cpu|regfile:rf|mem_rtl_0_bypass[10]                                                                ; cpu:my_cpu|pc_F[9]  ; CLOCK_50     ; CLOCK_50    ; 20.000       ; -0.073     ; 12.810     ;
; 7.117 ; cpu:my_cpu|regfile:rf|mem_rtl_0_bypass[10]                                                                ; cpu:my_cpu|pc_F[31] ; CLOCK_50     ; CLOCK_50    ; 20.000       ; -0.073     ; 12.809     ;
; 7.119 ; cpu:my_cpu|regfile:rf|mem_rtl_0_bypass[10]                                                                ; cpu:my_cpu|pc_F[8]  ; CLOCK_50     ; CLOCK_50    ; 20.000       ; -0.073     ; 12.807     ;
; 7.161 ; cpu:my_cpu|regfile:rf|mem_rtl_1_bypass[0]                                                                 ; cpu:my_cpu|pc_F[3]  ; CLOCK_50     ; CLOCK_50    ; 20.000       ; -0.078     ; 12.760     ;
+-------+-----------------------------------------------------------------------------------------------------------+---------------------+--------------+-------------+--------------+------------+------------+


+--------------------------------------------------------------------------------------------------------------------------------------------------------------------------------------------------------------------------------------+
; Slow 1200mV 0C Model Hold: 'CLOCK_50'                                                                                                                                                                                                ;
+-------+--------------------------------------------+-----------------------------------------------------------------------------------------------------------+--------------+-------------+--------------+------------+------------+
; Slack ; From Node                                  ; To Node                                                                                                   ; Launch Clock ; Latch Clock ; Relationship ; Clock Skew ; Data Delay ;
+-------+--------------------------------------------+-----------------------------------------------------------------------------------------------------------+--------------+-------------+--------------+------------+------------+
; 0.356 ; cpu:my_cpu|pc_F[1]                         ; cpu:my_cpu|pc_F[1]                                                                                        ; CLOCK_50     ; CLOCK_50    ; 0.000        ; 0.070      ; 0.597      ;
; 0.356 ; cpu:my_cpu|pc_F[0]                         ; cpu:my_cpu|pc_F[0]                                                                                        ; CLOCK_50     ; CLOCK_50    ; 0.000        ; 0.070      ; 0.597      ;
; 0.398 ; cpu:my_cpu|regfile:rf|writedata_prev[23]   ; cpu:my_cpu|gpio_out_reg[23]                                                                               ; CLOCK_50     ; CLOCK_50    ; 0.000        ; 0.071      ; 0.640      ;
; 0.398 ; cpu:my_cpu|regfile:rf|writedata_prev[27]   ; cpu:my_cpu|gpio_out_reg[27]                                                                               ; CLOCK_50     ; CLOCK_50    ; 0.000        ; 0.070      ; 0.639      ;
; 0.398 ; cpu:my_cpu|regfile:rf|writedata_prev[31]   ; cpu:my_cpu|gpio_out_reg[31]                                                                               ; CLOCK_50     ; CLOCK_50    ; 0.000        ; 0.070      ; 0.639      ;
; 0.399 ; cpu:my_cpu|pc_F[1]                         ; cpu:my_cpu|pc_EX[1]                                                                                       ; CLOCK_50     ; CLOCK_50    ; 0.000        ; 0.070      ; 0.640      ;
; 0.416 ; cpu:my_cpu|pc_F[19]                        ; cpu:my_cpu|pc_EX[19]                                                                                      ; CLOCK_50     ; CLOCK_50    ; 0.000        ; 0.071      ; 0.658      ;
; 0.417 ; cpu:my_cpu|pc_F[20]                        ; cpu:my_cpu|pc_EX[20]                                                                                      ; CLOCK_50     ; CLOCK_50    ; 0.000        ; 0.071      ; 0.659      ;
; 0.448 ; cpu:my_cpu|instruction_EX[0]               ; cpu:my_cpu|jump_reg                                                                                       ; CLOCK_50     ; CLOCK_50    ; 0.000        ; 0.071      ; 0.690      ;
; 0.449 ; cpu:my_cpu|instruction_EX[0]               ; cpu:my_cpu|regsel_EX_reg[0]                                                                               ; CLOCK_50     ; CLOCK_50    ; 0.000        ; 0.071      ; 0.691      ;
; 0.449 ; cpu:my_cpu|instruction_EX[0]               ; cpu:my_cpu|regwrite_EX_reg[0]                                                                             ; CLOCK_50     ; CLOCK_50    ; 0.000        ; 0.071      ; 0.691      ;
; 0.451 ; cpu:my_cpu|instruction_EX[0]               ; cpu:my_cpu|GPIO_we_reg[0]                                                                                 ; CLOCK_50     ; CLOCK_50    ; 0.000        ; 0.071      ; 0.693      ;
; 0.451 ; cpu:my_cpu|instruction_EX[0]               ; cpu:my_cpu|branch_reg                                                                                     ; CLOCK_50     ; CLOCK_50    ; 0.000        ; 0.071      ; 0.693      ;
; 0.527 ; cpu:my_cpu|pc_F[23]                        ; cpu:my_cpu|pc_EX[23]                                                                                      ; CLOCK_50     ; CLOCK_50    ; 0.000        ; 0.071      ; 0.769      ;
; 0.528 ; cpu:my_cpu|pc_F[21]                        ; cpu:my_cpu|pc_EX[21]                                                                                      ; CLOCK_50     ; CLOCK_50    ; 0.000        ; 0.071      ; 0.770      ;
; 0.529 ; cpu:my_cpu|pc_F[28]                        ; cpu:my_cpu|pc_EX[28]                                                                                      ; CLOCK_50     ; CLOCK_50    ; 0.000        ; 0.071      ; 0.771      ;
; 0.530 ; cpu:my_cpu|pc_F[22]                        ; cpu:my_cpu|pc_EX[22]                                                                                      ; CLOCK_50     ; CLOCK_50    ; 0.000        ; 0.071      ; 0.772      ;
; 0.530 ; cpu:my_cpu|pc_F[12]                        ; cpu:my_cpu|pc_EX[12]                                                                                      ; CLOCK_50     ; CLOCK_50    ; 0.000        ; 0.071      ; 0.772      ;
; 0.584 ; cpu:my_cpu|regfile:rf|writedata_prev[17]   ; cpu:my_cpu|gpio_out_reg[17]                                                                               ; CLOCK_50     ; CLOCK_50    ; 0.000        ; 0.070      ; 0.825      ;
; 0.585 ; cpu:my_cpu|regfile:rf|writedata_prev[19]   ; cpu:my_cpu|gpio_out_reg[19]                                                                               ; CLOCK_50     ; CLOCK_50    ; 0.000        ; 0.070      ; 0.826      ;
; 0.585 ; cpu:my_cpu|regfile:rf|writedata_prev[28]   ; cpu:my_cpu|gpio_out_reg[28]                                                                               ; CLOCK_50     ; CLOCK_50    ; 0.000        ; 0.070      ; 0.826      ;
; 0.587 ; cpu:my_cpu|regfile:rf|writedata_prev[26]   ; cpu:my_cpu|gpio_out_reg[26]                                                                               ; CLOCK_50     ; CLOCK_50    ; 0.000        ; 0.070      ; 0.828      ;
; 0.588 ; cpu:my_cpu|regfile:rf|writedata_prev[25]   ; cpu:my_cpu|gpio_out_reg[25]                                                                               ; CLOCK_50     ; CLOCK_50    ; 0.000        ; 0.071      ; 0.830      ;
; 0.589 ; cpu:my_cpu|regfile:rf|writedata_prev[22]   ; cpu:my_cpu|gpio_out_reg[22]                                                                               ; CLOCK_50     ; CLOCK_50    ; 0.000        ; 0.070      ; 0.830      ;
; 0.589 ; cpu:my_cpu|instruction_EX[7]               ; cpu:my_cpu|regfile:rf|mem_rtl_1_bypass[1]                                                                 ; CLOCK_50     ; CLOCK_50    ; 0.000        ; 0.071      ; 0.831      ;
; 0.590 ; cpu:my_cpu|pc_F[0]                         ; cpu:my_cpu|pc_EX[0]                                                                                       ; CLOCK_50     ; CLOCK_50    ; 0.000        ; 0.070      ; 0.831      ;
; 0.590 ; cpu:my_cpu|regwrite_EX_reg[0]              ; cpu:my_cpu|regfile:rf|altsyncram:mem_rtl_0|altsyncram_mcc1:auto_generated|ram_block1a0~porta_we_reg       ; CLOCK_50     ; CLOCK_50    ; 0.000        ; 0.407      ; 1.198      ;
; 0.591 ; cpu:my_cpu|regfile:rf|writedata_prev[20]   ; cpu:my_cpu|gpio_out_reg[20]                                                                               ; CLOCK_50     ; CLOCK_50    ; 0.000        ; 0.070      ; 0.832      ;
; 0.591 ; cpu:my_cpu|regfile:rf|writedata_prev[24]   ; cpu:my_cpu|gpio_out_reg[24]                                                                               ; CLOCK_50     ; CLOCK_50    ; 0.000        ; 0.071      ; 0.833      ;
; 0.591 ; cpu:my_cpu|regfile:rf|writedata_prev[29]   ; cpu:my_cpu|gpio_out_reg[29]                                                                               ; CLOCK_50     ; CLOCK_50    ; 0.000        ; 0.070      ; 0.832      ;
; 0.602 ; cpu:my_cpu|pc_F[26]                        ; cpu:my_cpu|pc_EX[26]                                                                                      ; CLOCK_50     ; CLOCK_50    ; 0.000        ; 0.071      ; 0.844      ;
; 0.604 ; cpu:my_cpu|pc_F[13]                        ; cpu:my_cpu|pc_EX[13]                                                                                      ; CLOCK_50     ; CLOCK_50    ; 0.000        ; 0.071      ; 0.846      ;
; 0.605 ; cpu:my_cpu|pc_F[24]                        ; cpu:my_cpu|pc_EX[24]                                                                                      ; CLOCK_50     ; CLOCK_50    ; 0.000        ; 0.071      ; 0.847      ;
; 0.605 ; cpu:my_cpu|pc_F[14]                        ; cpu:my_cpu|pc_EX[14]                                                                                      ; CLOCK_50     ; CLOCK_50    ; 0.000        ; 0.071      ; 0.847      ;
; 0.606 ; cpu:my_cpu|pc_F[5]                         ; cpu:my_cpu|pc_EX[5]                                                                                       ; CLOCK_50     ; CLOCK_50    ; 0.000        ; 0.071      ; 0.848      ;
; 0.607 ; cpu:my_cpu|pc_F[25]                        ; cpu:my_cpu|pc_EX[25]                                                                                      ; CLOCK_50     ; CLOCK_50    ; 0.000        ; 0.071      ; 0.849      ;
; 0.607 ; cpu:my_cpu|pc_F[16]                        ; cpu:my_cpu|pc_EX[16]                                                                                      ; CLOCK_50     ; CLOCK_50    ; 0.000        ; 0.071      ; 0.849      ;
; 0.608 ; cpu:my_cpu|pc_F[15]                        ; cpu:my_cpu|pc_EX[15]                                                                                      ; CLOCK_50     ; CLOCK_50    ; 0.000        ; 0.071      ; 0.850      ;
; 0.609 ; cpu:my_cpu|pc_F[2]                         ; cpu:my_cpu|pc_EX[2]                                                                                       ; CLOCK_50     ; CLOCK_50    ; 0.000        ; 0.071      ; 0.851      ;
; 0.614 ; cpu:my_cpu|pc_F[7]                         ; cpu:my_cpu|pc_EX[7]                                                                                       ; CLOCK_50     ; CLOCK_50    ; 0.000        ; 0.071      ; 0.856      ;
; 0.618 ; cpu:my_cpu|pc_F[9]                         ; cpu:my_cpu|pc_EX[9]                                                                                       ; CLOCK_50     ; CLOCK_50    ; 0.000        ; 0.071      ; 0.860      ;
; 0.626 ; cpu:my_cpu|pc_F[6]                         ; cpu:my_cpu|pc_EX[6]                                                                                       ; CLOCK_50     ; CLOCK_50    ; 0.000        ; 0.071      ; 0.868      ;
; 0.629 ; cpu:my_cpu|instruction_EX[4]               ; cpu:my_cpu|regwrite_EX_reg[0]                                                                             ; CLOCK_50     ; CLOCK_50    ; 0.000        ; 0.071      ; 0.871      ;
; 0.631 ; cpu:my_cpu|instruction_EX[4]               ; cpu:my_cpu|regsel_EX_reg[0]                                                                               ; CLOCK_50     ; CLOCK_50    ; 0.000        ; 0.071      ; 0.873      ;
; 0.633 ; cpu:my_cpu|instruction_EX[4]               ; cpu:my_cpu|GPIO_we_reg[0]                                                                                 ; CLOCK_50     ; CLOCK_50    ; 0.000        ; 0.071      ; 0.875      ;
; 0.634 ; cpu:my_cpu|instruction_EX[4]               ; cpu:my_cpu|branch_reg                                                                                     ; CLOCK_50     ; CLOCK_50    ; 0.000        ; 0.071      ; 0.876      ;
; 0.638 ; cpu:my_cpu|instruction_EX[4]               ; cpu:my_cpu|jump_reg                                                                                       ; CLOCK_50     ; CLOCK_50    ; 0.000        ; 0.071      ; 0.880      ;
; 0.643 ; cpu:my_cpu|regsel_EX_reg[1]                ; cpu:my_cpu|regfile:rf|mem_rtl_1_bypass[30]                                                                ; CLOCK_50     ; CLOCK_50    ; 0.000        ; 0.070      ; 0.884      ;
; 0.667 ; cpu:my_cpu|instruction_EX[7]               ; cpu:my_cpu|regfile:rf|altsyncram:mem_rtl_0|altsyncram_mcc1:auto_generated|ram_block1a0~porta_address_reg0 ; CLOCK_50     ; CLOCK_50    ; 0.000        ; 0.387      ; 1.255      ;
; 0.669 ; cpu:my_cpu|regfile:rf|mem_rtl_0_bypass[36] ; cpu:my_cpu|gpio_out_reg[25]                                                                               ; CLOCK_50     ; CLOCK_50    ; 0.000        ; 0.071      ; 0.911      ;
; 0.670 ; cpu:my_cpu|regfile:rf|mem_rtl_0_bypass[26] ; cpu:my_cpu|gpio_out_reg[15]                                                                               ; CLOCK_50     ; CLOCK_50    ; 0.000        ; 0.071      ; 0.912      ;
; 0.670 ; cpu:my_cpu|regfile:rf|mem_rtl_0_bypass[35] ; cpu:my_cpu|gpio_out_reg[24]                                                                               ; CLOCK_50     ; CLOCK_50    ; 0.000        ; 0.071      ; 0.912      ;
; 0.672 ; cpu:my_cpu|regfile:rf|mem_rtl_0_bypass[12] ; cpu:my_cpu|gpio_out_reg[1]                                                                                ; CLOCK_50     ; CLOCK_50    ; 0.000        ; 0.071      ; 0.914      ;
; 0.674 ; cpu:my_cpu|regfile:rf|writedata_prev[21]   ; cpu:my_cpu|gpio_out_reg[21]                                                                               ; CLOCK_50     ; CLOCK_50    ; 0.000        ; 0.070      ; 0.915      ;
; 0.674 ; cpu:my_cpu|regfile:rf|mem_rtl_0_bypass[40] ; cpu:my_cpu|gpio_out_reg[29]                                                                               ; CLOCK_50     ; CLOCK_50    ; 0.000        ; 0.070      ; 0.915      ;
; 0.677 ; cpu:my_cpu|pc_F[18]                        ; cpu:my_cpu|pc_EX[18]                                                                                      ; CLOCK_50     ; CLOCK_50    ; 0.000        ; 0.071      ; 0.919      ;
; 0.679 ; cpu:my_cpu|regfile:rf|writedata_prev[30]   ; cpu:my_cpu|gpio_out_reg[30]                                                                               ; CLOCK_50     ; CLOCK_50    ; 0.000        ; 0.070      ; 0.920      ;
; 0.681 ; cpu:my_cpu|pc_F[27]                        ; cpu:my_cpu|pc_EX[27]                                                                                      ; CLOCK_50     ; CLOCK_50    ; 0.000        ; 0.070      ; 0.922      ;
; 0.714 ; cpu:my_cpu|pc_F[8]                         ; cpu:my_cpu|pc_EX[8]                                                                                       ; CLOCK_50     ; CLOCK_50    ; 0.000        ; 0.071      ; 0.956      ;
; 0.770 ; cpu:my_cpu|pc_EX[0]                        ; cpu:my_cpu|pc_F[0]                                                                                        ; CLOCK_50     ; CLOCK_50    ; 0.000        ; 0.070      ; 1.011      ;
; 0.806 ; cpu:my_cpu|regfile:rf|mem_rtl_0_bypass[13] ; cpu:my_cpu|gpio_out_reg[2]                                                                                ; CLOCK_50     ; CLOCK_50    ; 0.000        ; 0.071      ; 1.048      ;
; 0.807 ; cpu:my_cpu|regfile:rf|writedata_prev[3]    ; cpu:my_cpu|gpio_out_reg[3]                                                                                ; CLOCK_50     ; CLOCK_50    ; 0.000        ; 0.071      ; 1.049      ;
; 0.808 ; cpu:my_cpu|regfile:rf|writedata_prev[1]    ; cpu:my_cpu|gpio_out_reg[1]                                                                                ; CLOCK_50     ; CLOCK_50    ; 0.000        ; 0.071      ; 1.050      ;
; 0.810 ; cpu:my_cpu|pc_F[4]                         ; cpu:my_cpu|pc_EX[4]                                                                                       ; CLOCK_50     ; CLOCK_50    ; 0.000        ; 0.074      ; 1.055      ;
; 0.811 ; cpu:my_cpu|pc_F[3]                         ; cpu:my_cpu|pc_EX[3]                                                                                       ; CLOCK_50     ; CLOCK_50    ; 0.000        ; 0.069      ; 1.051      ;
; 0.843 ; cpu:my_cpu|regwrite_EX_reg[0]              ; cpu:my_cpu|regfile:rf|altsyncram:mem_rtl_1|altsyncram_mcc1:auto_generated|ram_block1a0~porta_we_reg       ; CLOCK_50     ; CLOCK_50    ; 0.000        ; 0.407      ; 1.451      ;
; 0.874 ; cpu:my_cpu|regfile:rf|mem_rtl_0_bypass[34] ; cpu:my_cpu|gpio_out_reg[23]                                                                               ; CLOCK_50     ; CLOCK_50    ; 0.000        ; 0.071      ; 1.116      ;
; 0.880 ; cpu:my_cpu|regfile:rf|mem_rtl_0_bypass[27] ; cpu:my_cpu|gpio_out_reg[16]                                                                               ; CLOCK_50     ; CLOCK_50    ; 0.000        ; 0.071      ; 1.122      ;
; 0.881 ; cpu:my_cpu|regfile:rf|mem_rtl_0_bypass[28] ; cpu:my_cpu|gpio_out_reg[17]                                                                               ; CLOCK_50     ; CLOCK_50    ; 0.000        ; 0.070      ; 1.122      ;
; 0.881 ; cpu:my_cpu|regfile:rf|mem_rtl_0_bypass[32] ; cpu:my_cpu|gpio_out_reg[21]                                                                               ; CLOCK_50     ; CLOCK_50    ; 0.000        ; 0.070      ; 1.122      ;
; 0.882 ; cpu:my_cpu|regfile:rf|mem_rtl_0_bypass[21] ; cpu:my_cpu|gpio_out_reg[10]                                                                               ; CLOCK_50     ; CLOCK_50    ; 0.000        ; 0.072      ; 1.125      ;
; 0.882 ; cpu:my_cpu|regfile:rf|mem_rtl_0_bypass[42] ; cpu:my_cpu|gpio_out_reg[31]                                                                               ; CLOCK_50     ; CLOCK_50    ; 0.000        ; 0.070      ; 1.123      ;
; 0.882 ; cpu:my_cpu|regfile:rf|mem_rtl_0_bypass[30] ; cpu:my_cpu|gpio_out_reg[19]                                                                               ; CLOCK_50     ; CLOCK_50    ; 0.000        ; 0.070      ; 1.123      ;
; 0.882 ; cpu:my_cpu|regfile:rf|mem_rtl_0_bypass[14] ; cpu:my_cpu|gpio_out_reg[3]                                                                                ; CLOCK_50     ; CLOCK_50    ; 0.000        ; 0.071      ; 1.124      ;
; 0.884 ; cpu:my_cpu|regfile:rf|mem_rtl_0_bypass[25] ; cpu:my_cpu|gpio_out_reg[14]                                                                               ; CLOCK_50     ; CLOCK_50    ; 0.000        ; 0.071      ; 1.126      ;
; 0.884 ; cpu:my_cpu|regfile:rf|mem_rtl_0_bypass[39] ; cpu:my_cpu|gpio_out_reg[28]                                                                               ; CLOCK_50     ; CLOCK_50    ; 0.000        ; 0.070      ; 1.125      ;
; 0.885 ; cpu:my_cpu|regfile:rf|mem_rtl_0_bypass[41] ; cpu:my_cpu|gpio_out_reg[30]                                                                               ; CLOCK_50     ; CLOCK_50    ; 0.000        ; 0.070      ; 1.126      ;
; 0.891 ; cpu:my_cpu|regsel_EX_reg[0]                ; cpu:my_cpu|regfile:rf|mem_rtl_1_bypass[30]                                                                ; CLOCK_50     ; CLOCK_50    ; 0.000        ; 0.070      ; 1.132      ;
; 0.896 ; cpu:my_cpu|regfile:rf|mem_rtl_0_bypass[33] ; cpu:my_cpu|gpio_out_reg[22]                                                                               ; CLOCK_50     ; CLOCK_50    ; 0.000        ; 0.070      ; 1.137      ;
; 0.909 ; cpu:my_cpu|regsel_EX_reg[1]                ; cpu:my_cpu|regfile:rf|mem_rtl_1_bypass[37]                                                                ; CLOCK_50     ; CLOCK_50    ; 0.000        ; 0.074      ; 1.154      ;
; 0.915 ; cpu:my_cpu|regfile:rf|mem_rtl_0_bypass[11] ; cpu:my_cpu|gpio_out_reg[0]                                                                                ; CLOCK_50     ; CLOCK_50    ; 0.000        ; 0.071      ; 1.157      ;
; 0.922 ; cpu:my_cpu|pc_F[11]                        ; cpu:my_cpu|pc_EX[11]                                                                                      ; CLOCK_50     ; CLOCK_50    ; 0.000        ; 0.060      ; 1.153      ;
; 0.947 ; cpu:my_cpu|instruction_EX[15]              ; cpu:my_cpu|gpio_out_reg[8]                                                                                ; CLOCK_50     ; CLOCK_50    ; 0.000        ; 0.063      ; 1.181      ;
; 0.947 ; cpu:my_cpu|regfile:rf|mem_rtl_0_bypass[37] ; cpu:my_cpu|gpio_out_reg[26]                                                                               ; CLOCK_50     ; CLOCK_50    ; 0.000        ; 0.070      ; 1.188      ;
; 0.965 ; cpu:my_cpu|instruction_EX[7]               ; cpu:my_cpu|regfile:rf|altsyncram:mem_rtl_1|altsyncram_mcc1:auto_generated|ram_block1a0~porta_address_reg0 ; CLOCK_50     ; CLOCK_50    ; 0.000        ; 0.387      ; 1.553      ;
; 0.974 ; cpu:my_cpu|instruction_EX[15]              ; cpu:my_cpu|gpio_out_reg[9]                                                                                ; CLOCK_50     ; CLOCK_50    ; 0.000        ; 0.067      ; 1.212      ;
; 0.975 ; cpu:my_cpu|instruction_EX[13]              ; cpu:my_cpu|gpio_out_reg[5]                                                                                ; CLOCK_50     ; CLOCK_50    ; 0.000        ; 0.072      ; 1.218      ;
; 0.975 ; cpu:my_cpu|regfile:rf|writedata_prev[15]   ; cpu:my_cpu|gpio_out_reg[15]                                                                               ; CLOCK_50     ; CLOCK_50    ; 0.000        ; 0.071      ; 1.217      ;
; 0.976 ; cpu:my_cpu|instruction_EX[13]              ; cpu:my_cpu|gpio_out_reg[8]                                                                                ; CLOCK_50     ; CLOCK_50    ; 0.000        ; 0.072      ; 1.219      ;
; 0.977 ; cpu:my_cpu|instruction_EX[13]              ; cpu:my_cpu|gpio_out_reg[4]                                                                                ; CLOCK_50     ; CLOCK_50    ; 0.000        ; 0.072      ; 1.220      ;
; 0.977 ; cpu:my_cpu|instruction_EX[13]              ; cpu:my_cpu|gpio_out_reg[6]                                                                                ; CLOCK_50     ; CLOCK_50    ; 0.000        ; 0.072      ; 1.220      ;
; 0.977 ; cpu:my_cpu|instruction_EX[13]              ; cpu:my_cpu|gpio_out_reg[7]                                                                                ; CLOCK_50     ; CLOCK_50    ; 0.000        ; 0.072      ; 1.220      ;
; 0.993 ; cpu:my_cpu|pc_F[29]                        ; cpu:my_cpu|pc_EX[29]                                                                                      ; CLOCK_50     ; CLOCK_50    ; 0.000        ; 0.060      ; 1.224      ;
; 0.995 ; cpu:my_cpu|instruction_EX[15]              ; cpu:my_cpu|gpio_out_reg[13]                                                                               ; CLOCK_50     ; CLOCK_50    ; 0.000        ; 0.069      ; 1.235      ;
; 0.995 ; cpu:my_cpu|instruction_EX[15]              ; cpu:my_cpu|gpio_out_reg[15]                                                                               ; CLOCK_50     ; CLOCK_50    ; 0.000        ; 0.069      ; 1.235      ;
; 0.995 ; cpu:my_cpu|instruction_EX[15]              ; cpu:my_cpu|gpio_out_reg[14]                                                                               ; CLOCK_50     ; CLOCK_50    ; 0.000        ; 0.069      ; 1.235      ;
; 0.996 ; cpu:my_cpu|instruction_EX[15]              ; cpu:my_cpu|gpio_out_reg[16]                                                                               ; CLOCK_50     ; CLOCK_50    ; 0.000        ; 0.069      ; 1.236      ;
; 1.009 ; cpu:my_cpu|regwrite_EX_reg[0]              ; cpu:my_cpu|regfile:rf|mem_rtl_0_bypass[0]                                                                 ; CLOCK_50     ; CLOCK_50    ; 0.000        ; 0.090      ; 1.270      ;
; 1.009 ; cpu:my_cpu|regfile:rf|writedata_prev[2]    ; cpu:my_cpu|gpio_out_reg[2]                                                                                ; CLOCK_50     ; CLOCK_50    ; 0.000        ; 0.069      ; 1.249      ;
; 1.011 ; cpu:my_cpu|pc_F[31]                        ; cpu:my_cpu|pc_EX[31]                                                                                      ; CLOCK_50     ; CLOCK_50    ; 0.000        ; 0.064      ; 1.246      ;
+-------+--------------------------------------------+-----------------------------------------------------------------------------------------------------------+--------------+-------------+--------------+------------+------------+


----------------------------------------------
; Slow 1200mV 0C Model Metastability Summary ;
----------------------------------------------
No synchronizer chains to report.


+------------------------------------+
; Fast 1200mV 0C Model Setup Summary ;
+----------+--------+----------------+
; Clock    ; Slack  ; End Point TNS  ;
+----------+--------+----------------+
; CLOCK_50 ; 12.242 ; 0.000          ;
+----------+--------+----------------+


+-----------------------------------+
; Fast 1200mV 0C Model Hold Summary ;
+----------+-------+----------------+
; Clock    ; Slack ; End Point TNS  ;
+----------+-------+----------------+
; CLOCK_50 ; 0.184 ; 0.000          ;
+----------+-------+----------------+


-----------------------------------------
; Fast 1200mV 0C Model Recovery Summary ;
-----------------------------------------
No paths to report.


----------------------------------------
; Fast 1200mV 0C Model Removal Summary ;
----------------------------------------
No paths to report.


+--------------------------------------------------+
; Fast 1200mV 0C Model Minimum Pulse Width Summary ;
+-----------+--------+-----------------------------+
; Clock     ; Slack  ; End Point TNS               ;
+-----------+--------+-----------------------------+
; CLOCK_50  ; 9.201  ; 0.000                       ;
; CLOCK2_50 ; 16.000 ; 0.000                       ;
; CLOCK3_50 ; 16.000 ; 0.000                       ;
+-----------+--------+-----------------------------+


+----------------------------------------------------------------------------------------------------------------------------------------------------------------------------------------------------------------+
; Fast 1200mV 0C Model Setup: 'CLOCK_50'                                                                                                                                                                         ;
+--------+-----------------------------------------------------------------------------------------------------------+---------------------+--------------+-------------+--------------+------------+------------+
; Slack  ; From Node                                                                                                 ; To Node             ; Launch Clock ; Latch Clock ; Relationship ; Clock Skew ; Data Delay ;
+--------+-----------------------------------------------------------------------------------------------------------+---------------------+--------------+-------------+--------------+------------+------------+
; 12.242 ; cpu:my_cpu|regfile:rf|altsyncram:mem_rtl_0|altsyncram_mcc1:auto_generated|ram_block1a0~portb_address_reg0 ; cpu:my_cpu|pc_F[3]  ; CLOCK_50     ; CLOCK_50    ; 20.000       ; -0.230     ; 7.515      ;
; 12.335 ; cpu:my_cpu|regfile:rf|altsyncram:mem_rtl_0|altsyncram_mcc1:auto_generated|ram_block1a0~portb_address_reg0 ; cpu:my_cpu|pc_F[30] ; CLOCK_50     ; CLOCK_50    ; 20.000       ; -0.234     ; 7.418      ;
; 12.381 ; cpu:my_cpu|regfile:rf|altsyncram:mem_rtl_0|altsyncram_mcc1:auto_generated|ram_block1a0~portb_address_reg0 ; cpu:my_cpu|pc_F[7]  ; CLOCK_50     ; CLOCK_50    ; 20.000       ; -0.226     ; 7.380      ;
; 12.382 ; cpu:my_cpu|regfile:rf|altsyncram:mem_rtl_0|altsyncram_mcc1:auto_generated|ram_block1a0~portb_address_reg0 ; cpu:my_cpu|pc_F[9]  ; CLOCK_50     ; CLOCK_50    ; 20.000       ; -0.226     ; 7.379      ;
; 12.382 ; cpu:my_cpu|regfile:rf|altsyncram:mem_rtl_0|altsyncram_mcc1:auto_generated|ram_block1a0~portb_address_reg0 ; cpu:my_cpu|pc_F[23] ; CLOCK_50     ; CLOCK_50    ; 20.000       ; -0.226     ; 7.379      ;
; 12.384 ; cpu:my_cpu|regfile:rf|altsyncram:mem_rtl_0|altsyncram_mcc1:auto_generated|ram_block1a0~portb_address_reg0 ; cpu:my_cpu|pc_F[31] ; CLOCK_50     ; CLOCK_50    ; 20.000       ; -0.226     ; 7.377      ;
; 12.386 ; cpu:my_cpu|regfile:rf|altsyncram:mem_rtl_0|altsyncram_mcc1:auto_generated|ram_block1a0~portb_address_reg0 ; cpu:my_cpu|pc_F[8]  ; CLOCK_50     ; CLOCK_50    ; 20.000       ; -0.226     ; 7.375      ;
; 12.416 ; cpu:my_cpu|regfile:rf|altsyncram:mem_rtl_0|altsyncram_mcc1:auto_generated|ram_block1a0~portb_address_reg0 ; cpu:my_cpu|pc_F[13] ; CLOCK_50     ; CLOCK_50    ; 20.000       ; -0.230     ; 7.341      ;
; 12.426 ; cpu:my_cpu|regfile:rf|altsyncram:mem_rtl_0|altsyncram_mcc1:auto_generated|ram_block1a0~portb_address_reg0 ; cpu:my_cpu|pc_F[6]  ; CLOCK_50     ; CLOCK_50    ; 20.000       ; -0.234     ; 7.327      ;
; 12.432 ; cpu:my_cpu|regfile:rf|altsyncram:mem_rtl_0|altsyncram_mcc1:auto_generated|ram_block1a0~portb_address_reg0 ; cpu:my_cpu|pc_F[17] ; CLOCK_50     ; CLOCK_50    ; 20.000       ; -0.230     ; 7.325      ;
; 12.439 ; cpu:my_cpu|regfile:rf|altsyncram:mem_rtl_0|altsyncram_mcc1:auto_generated|ram_block1a0~portb_address_reg0 ; cpu:my_cpu|pc_F[12] ; CLOCK_50     ; CLOCK_50    ; 20.000       ; -0.230     ; 7.318      ;
; 12.489 ; cpu:my_cpu|regfile:rf|altsyncram:mem_rtl_0|altsyncram_mcc1:auto_generated|ram_block1a0~portb_address_reg0 ; cpu:my_cpu|pc_F[1]  ; CLOCK_50     ; CLOCK_50    ; 20.000       ; -0.243     ; 7.255      ;
; 12.497 ; cpu:my_cpu|regfile:rf|altsyncram:mem_rtl_0|altsyncram_mcc1:auto_generated|ram_block1a0~portb_address_reg0 ; cpu:my_cpu|pc_F[26] ; CLOCK_50     ; CLOCK_50    ; 20.000       ; -0.234     ; 7.256      ;
; 12.504 ; cpu:my_cpu|regfile:rf|altsyncram:mem_rtl_0|altsyncram_mcc1:auto_generated|ram_block1a0~portb_address_reg0 ; cpu:my_cpu|pc_F[16] ; CLOCK_50     ; CLOCK_50    ; 20.000       ; -0.234     ; 7.249      ;
; 12.508 ; cpu:my_cpu|regfile:rf|altsyncram:mem_rtl_0|altsyncram_mcc1:auto_generated|ram_block1a0~portb_address_reg0 ; cpu:my_cpu|pc_F[15] ; CLOCK_50     ; CLOCK_50    ; 20.000       ; -0.230     ; 7.249      ;
; 12.509 ; cpu:my_cpu|regfile:rf|altsyncram:mem_rtl_0|altsyncram_mcc1:auto_generated|ram_block1a0~portb_address_reg0 ; cpu:my_cpu|pc_F[14] ; CLOCK_50     ; CLOCK_50    ; 20.000       ; -0.234     ; 7.244      ;
; 12.523 ; cpu:my_cpu|regfile:rf|altsyncram:mem_rtl_0|altsyncram_mcc1:auto_generated|ram_block1a0~portb_address_reg0 ; cpu:my_cpu|pc_F[2]  ; CLOCK_50     ; CLOCK_50    ; 20.000       ; -0.230     ; 7.234      ;
; 12.613 ; cpu:my_cpu|regfile:rf|altsyncram:mem_rtl_0|altsyncram_mcc1:auto_generated|ram_block1a0~portb_address_reg0 ; cpu:my_cpu|pc_F[18] ; CLOCK_50     ; CLOCK_50    ; 20.000       ; -0.233     ; 7.141      ;
; 12.613 ; cpu:my_cpu|regfile:rf|altsyncram:mem_rtl_0|altsyncram_mcc1:auto_generated|ram_block1a0~portb_address_reg0 ; cpu:my_cpu|pc_F[21] ; CLOCK_50     ; CLOCK_50    ; 20.000       ; -0.233     ; 7.141      ;
; 12.614 ; cpu:my_cpu|regfile:rf|altsyncram:mem_rtl_0|altsyncram_mcc1:auto_generated|ram_block1a0~portb_address_reg0 ; cpu:my_cpu|pc_F[22] ; CLOCK_50     ; CLOCK_50    ; 20.000       ; -0.233     ; 7.140      ;
; 12.620 ; cpu:my_cpu|regfile:rf|altsyncram:mem_rtl_0|altsyncram_mcc1:auto_generated|ram_block1a0~portb_address_reg0 ; cpu:my_cpu|pc_F[10] ; CLOCK_50     ; CLOCK_50    ; 20.000       ; -0.236     ; 7.131      ;
; 12.685 ; cpu:my_cpu|regfile:rf|altsyncram:mem_rtl_0|altsyncram_mcc1:auto_generated|ram_block1a0~portb_address_reg0 ; cpu:my_cpu|pc_F[19] ; CLOCK_50     ; CLOCK_50    ; 20.000       ; -0.233     ; 7.069      ;
; 12.689 ; cpu:my_cpu|regfile:rf|altsyncram:mem_rtl_0|altsyncram_mcc1:auto_generated|ram_block1a0~portb_address_reg0 ; cpu:my_cpu|pc_F[20] ; CLOCK_50     ; CLOCK_50    ; 20.000       ; -0.233     ; 7.065      ;
; 12.689 ; cpu:my_cpu|regfile:rf|altsyncram:mem_rtl_0|altsyncram_mcc1:auto_generated|ram_block1a0~portb_address_reg0 ; cpu:my_cpu|pc_F[24] ; CLOCK_50     ; CLOCK_50    ; 20.000       ; -0.236     ; 7.062      ;
; 12.689 ; cpu:my_cpu|regfile:rf|altsyncram:mem_rtl_0|altsyncram_mcc1:auto_generated|ram_block1a0~portb_address_reg0 ; cpu:my_cpu|pc_F[28] ; CLOCK_50     ; CLOCK_50    ; 20.000       ; -0.236     ; 7.062      ;
; 12.694 ; cpu:my_cpu|regfile:rf|altsyncram:mem_rtl_0|altsyncram_mcc1:auto_generated|ram_block1a0~portb_address_reg0 ; cpu:my_cpu|pc_F[25] ; CLOCK_50     ; CLOCK_50    ; 20.000       ; -0.236     ; 7.057      ;
; 12.723 ; cpu:my_cpu|regfile:rf|mem_rtl_0_bypass[0]                                                                 ; cpu:my_cpu|pc_F[3]  ; CLOCK_50     ; CLOCK_50    ; 20.000       ; -0.046     ; 7.218      ;
; 12.754 ; cpu:my_cpu|regfile:rf|mem_rtl_0_bypass[8]                                                                 ; cpu:my_cpu|pc_F[3]  ; CLOCK_50     ; CLOCK_50    ; 20.000       ; -0.046     ; 7.187      ;
; 12.785 ; cpu:my_cpu|regfile:rf|altsyncram:mem_rtl_0|altsyncram_mcc1:auto_generated|ram_block1a0~portb_address_reg0 ; cpu:my_cpu|pc_F[0]  ; CLOCK_50     ; CLOCK_50    ; 20.000       ; -0.243     ; 6.959      ;
; 12.816 ; cpu:my_cpu|regfile:rf|mem_rtl_0_bypass[0]                                                                 ; cpu:my_cpu|pc_F[30] ; CLOCK_50     ; CLOCK_50    ; 20.000       ; -0.050     ; 7.121      ;
; 12.826 ; cpu:my_cpu|regfile:rf|altsyncram:mem_rtl_0|altsyncram_mcc1:auto_generated|ram_block1a0~portb_address_reg0 ; cpu:my_cpu|pc_F[4]  ; CLOCK_50     ; CLOCK_50    ; 20.000       ; -0.229     ; 6.932      ;
; 12.847 ; cpu:my_cpu|regfile:rf|mem_rtl_0_bypass[8]                                                                 ; cpu:my_cpu|pc_F[30] ; CLOCK_50     ; CLOCK_50    ; 20.000       ; -0.050     ; 7.090      ;
; 12.862 ; cpu:my_cpu|regfile:rf|mem_rtl_0_bypass[0]                                                                 ; cpu:my_cpu|pc_F[7]  ; CLOCK_50     ; CLOCK_50    ; 20.000       ; -0.042     ; 7.083      ;
; 12.863 ; cpu:my_cpu|regfile:rf|mem_rtl_0_bypass[0]                                                                 ; cpu:my_cpu|pc_F[23] ; CLOCK_50     ; CLOCK_50    ; 20.000       ; -0.042     ; 7.082      ;
; 12.863 ; cpu:my_cpu|regfile:rf|mem_rtl_0_bypass[0]                                                                 ; cpu:my_cpu|pc_F[9]  ; CLOCK_50     ; CLOCK_50    ; 20.000       ; -0.042     ; 7.082      ;
; 12.865 ; cpu:my_cpu|regfile:rf|mem_rtl_0_bypass[0]                                                                 ; cpu:my_cpu|pc_F[31] ; CLOCK_50     ; CLOCK_50    ; 20.000       ; -0.042     ; 7.080      ;
; 12.867 ; cpu:my_cpu|regfile:rf|mem_rtl_0_bypass[0]                                                                 ; cpu:my_cpu|pc_F[8]  ; CLOCK_50     ; CLOCK_50    ; 20.000       ; -0.042     ; 7.078      ;
; 12.887 ; cpu:my_cpu|regfile:rf|mem_rtl_0_bypass[4]                                                                 ; cpu:my_cpu|pc_F[3]  ; CLOCK_50     ; CLOCK_50    ; 20.000       ; -0.046     ; 7.054      ;
; 12.893 ; cpu:my_cpu|regfile:rf|mem_rtl_0_bypass[8]                                                                 ; cpu:my_cpu|pc_F[7]  ; CLOCK_50     ; CLOCK_50    ; 20.000       ; -0.042     ; 7.052      ;
; 12.894 ; cpu:my_cpu|regfile:rf|mem_rtl_0_bypass[8]                                                                 ; cpu:my_cpu|pc_F[23] ; CLOCK_50     ; CLOCK_50    ; 20.000       ; -0.042     ; 7.051      ;
; 12.894 ; cpu:my_cpu|regfile:rf|mem_rtl_0_bypass[8]                                                                 ; cpu:my_cpu|pc_F[9]  ; CLOCK_50     ; CLOCK_50    ; 20.000       ; -0.042     ; 7.051      ;
; 12.896 ; cpu:my_cpu|regfile:rf|mem_rtl_0_bypass[8]                                                                 ; cpu:my_cpu|pc_F[31] ; CLOCK_50     ; CLOCK_50    ; 20.000       ; -0.042     ; 7.049      ;
; 12.897 ; cpu:my_cpu|regfile:rf|mem_rtl_0_bypass[0]                                                                 ; cpu:my_cpu|pc_F[13] ; CLOCK_50     ; CLOCK_50    ; 20.000       ; -0.046     ; 7.044      ;
; 12.898 ; cpu:my_cpu|regfile:rf|mem_rtl_0_bypass[8]                                                                 ; cpu:my_cpu|pc_F[8]  ; CLOCK_50     ; CLOCK_50    ; 20.000       ; -0.042     ; 7.047      ;
; 12.907 ; cpu:my_cpu|regfile:rf|mem_rtl_0_bypass[0]                                                                 ; cpu:my_cpu|pc_F[6]  ; CLOCK_50     ; CLOCK_50    ; 20.000       ; -0.050     ; 7.030      ;
; 12.908 ; cpu:my_cpu|regfile:rf|mem_rtl_0_bypass[10]                                                                ; cpu:my_cpu|pc_F[3]  ; CLOCK_50     ; CLOCK_50    ; 20.000       ; -0.046     ; 7.033      ;
; 12.913 ; cpu:my_cpu|regfile:rf|mem_rtl_0_bypass[0]                                                                 ; cpu:my_cpu|pc_F[17] ; CLOCK_50     ; CLOCK_50    ; 20.000       ; -0.046     ; 7.028      ;
; 12.920 ; cpu:my_cpu|regfile:rf|mem_rtl_0_bypass[0]                                                                 ; cpu:my_cpu|pc_F[12] ; CLOCK_50     ; CLOCK_50    ; 20.000       ; -0.046     ; 7.021      ;
; 12.921 ; cpu:my_cpu|instruction_EX[15]                                                                             ; cpu:my_cpu|pc_F[3]  ; CLOCK_50     ; CLOCK_50    ; 20.000       ; -0.031     ; 7.035      ;
; 12.926 ; cpu:my_cpu|regfile:rf|altsyncram:mem_rtl_1|altsyncram_mcc1:auto_generated|ram_block1a0~portb_address_reg0 ; cpu:my_cpu|pc_F[3]  ; CLOCK_50     ; CLOCK_50    ; 20.000       ; -0.227     ; 6.834      ;
; 12.928 ; cpu:my_cpu|regfile:rf|mem_rtl_0_bypass[8]                                                                 ; cpu:my_cpu|pc_F[13] ; CLOCK_50     ; CLOCK_50    ; 20.000       ; -0.046     ; 7.013      ;
; 12.938 ; cpu:my_cpu|regfile:rf|mem_rtl_0_bypass[8]                                                                 ; cpu:my_cpu|pc_F[6]  ; CLOCK_50     ; CLOCK_50    ; 20.000       ; -0.050     ; 6.999      ;
; 12.944 ; cpu:my_cpu|regfile:rf|mem_rtl_0_bypass[8]                                                                 ; cpu:my_cpu|pc_F[17] ; CLOCK_50     ; CLOCK_50    ; 20.000       ; -0.046     ; 6.997      ;
; 12.951 ; cpu:my_cpu|regfile:rf|mem_rtl_0_bypass[8]                                                                 ; cpu:my_cpu|pc_F[12] ; CLOCK_50     ; CLOCK_50    ; 20.000       ; -0.046     ; 6.990      ;
; 12.970 ; cpu:my_cpu|regfile:rf|mem_rtl_0_bypass[0]                                                                 ; cpu:my_cpu|pc_F[1]  ; CLOCK_50     ; CLOCK_50    ; 20.000       ; -0.059     ; 6.958      ;
; 12.978 ; cpu:my_cpu|regfile:rf|mem_rtl_0_bypass[0]                                                                 ; cpu:my_cpu|pc_F[26] ; CLOCK_50     ; CLOCK_50    ; 20.000       ; -0.050     ; 6.959      ;
; 12.980 ; cpu:my_cpu|regfile:rf|mem_rtl_0_bypass[4]                                                                 ; cpu:my_cpu|pc_F[30] ; CLOCK_50     ; CLOCK_50    ; 20.000       ; -0.050     ; 6.957      ;
; 12.985 ; cpu:my_cpu|regfile:rf|mem_rtl_0_bypass[0]                                                                 ; cpu:my_cpu|pc_F[16] ; CLOCK_50     ; CLOCK_50    ; 20.000       ; -0.050     ; 6.952      ;
; 12.989 ; cpu:my_cpu|regfile:rf|mem_rtl_0_bypass[0]                                                                 ; cpu:my_cpu|pc_F[15] ; CLOCK_50     ; CLOCK_50    ; 20.000       ; -0.046     ; 6.952      ;
; 12.990 ; cpu:my_cpu|regfile:rf|mem_rtl_0_bypass[0]                                                                 ; cpu:my_cpu|pc_F[14] ; CLOCK_50     ; CLOCK_50    ; 20.000       ; -0.050     ; 6.947      ;
; 12.991 ; cpu:my_cpu|regfile:rf|altsyncram:mem_rtl_0|altsyncram_mcc1:auto_generated|ram_block1a0~portb_address_reg0 ; cpu:my_cpu|pc_F[11] ; CLOCK_50     ; CLOCK_50    ; 20.000       ; -0.229     ; 6.767      ;
; 12.996 ; cpu:my_cpu|regfile:rf|altsyncram:mem_rtl_0|altsyncram_mcc1:auto_generated|ram_block1a0~portb_address_reg0 ; cpu:my_cpu|pc_F[27] ; CLOCK_50     ; CLOCK_50    ; 20.000       ; -0.229     ; 6.762      ;
; 12.997 ; cpu:my_cpu|regfile:rf|altsyncram:mem_rtl_0|altsyncram_mcc1:auto_generated|ram_block1a0~portb_address_reg0 ; cpu:my_cpu|pc_F[5]  ; CLOCK_50     ; CLOCK_50    ; 20.000       ; -0.229     ; 6.761      ;
; 12.999 ; cpu:my_cpu|regfile:rf|altsyncram:mem_rtl_0|altsyncram_mcc1:auto_generated|ram_block1a0~portb_address_reg0 ; cpu:my_cpu|pc_F[29] ; CLOCK_50     ; CLOCK_50    ; 20.000       ; -0.229     ; 6.759      ;
; 13.001 ; cpu:my_cpu|regfile:rf|mem_rtl_0_bypass[10]                                                                ; cpu:my_cpu|pc_F[30] ; CLOCK_50     ; CLOCK_50    ; 20.000       ; -0.050     ; 6.936      ;
; 13.001 ; cpu:my_cpu|regfile:rf|mem_rtl_0_bypass[8]                                                                 ; cpu:my_cpu|pc_F[1]  ; CLOCK_50     ; CLOCK_50    ; 20.000       ; -0.059     ; 6.927      ;
; 13.004 ; cpu:my_cpu|regfile:rf|mem_rtl_0_bypass[0]                                                                 ; cpu:my_cpu|pc_F[2]  ; CLOCK_50     ; CLOCK_50    ; 20.000       ; -0.046     ; 6.937      ;
; 13.009 ; cpu:my_cpu|regfile:rf|mem_rtl_0_bypass[8]                                                                 ; cpu:my_cpu|pc_F[26] ; CLOCK_50     ; CLOCK_50    ; 20.000       ; -0.050     ; 6.928      ;
; 13.014 ; cpu:my_cpu|instruction_EX[15]                                                                             ; cpu:my_cpu|pc_F[30] ; CLOCK_50     ; CLOCK_50    ; 20.000       ; -0.035     ; 6.938      ;
; 13.016 ; cpu:my_cpu|regfile:rf|mem_rtl_0_bypass[8]                                                                 ; cpu:my_cpu|pc_F[16] ; CLOCK_50     ; CLOCK_50    ; 20.000       ; -0.050     ; 6.921      ;
; 13.019 ; cpu:my_cpu|regfile:rf|altsyncram:mem_rtl_1|altsyncram_mcc1:auto_generated|ram_block1a0~portb_address_reg0 ; cpu:my_cpu|pc_F[30] ; CLOCK_50     ; CLOCK_50    ; 20.000       ; -0.231     ; 6.737      ;
; 13.020 ; cpu:my_cpu|regfile:rf|mem_rtl_0_bypass[8]                                                                 ; cpu:my_cpu|pc_F[15] ; CLOCK_50     ; CLOCK_50    ; 20.000       ; -0.046     ; 6.921      ;
; 13.021 ; cpu:my_cpu|regfile:rf|mem_rtl_0_bypass[8]                                                                 ; cpu:my_cpu|pc_F[14] ; CLOCK_50     ; CLOCK_50    ; 20.000       ; -0.050     ; 6.916      ;
; 13.026 ; cpu:my_cpu|regfile:rf|mem_rtl_0_bypass[4]                                                                 ; cpu:my_cpu|pc_F[7]  ; CLOCK_50     ; CLOCK_50    ; 20.000       ; -0.042     ; 6.919      ;
; 13.027 ; cpu:my_cpu|regfile:rf|mem_rtl_0_bypass[4]                                                                 ; cpu:my_cpu|pc_F[23] ; CLOCK_50     ; CLOCK_50    ; 20.000       ; -0.042     ; 6.918      ;
; 13.027 ; cpu:my_cpu|regfile:rf|mem_rtl_0_bypass[4]                                                                 ; cpu:my_cpu|pc_F[9]  ; CLOCK_50     ; CLOCK_50    ; 20.000       ; -0.042     ; 6.918      ;
; 13.029 ; cpu:my_cpu|regfile:rf|mem_rtl_0_bypass[4]                                                                 ; cpu:my_cpu|pc_F[31] ; CLOCK_50     ; CLOCK_50    ; 20.000       ; -0.042     ; 6.916      ;
; 13.031 ; cpu:my_cpu|regfile:rf|mem_rtl_0_bypass[4]                                                                 ; cpu:my_cpu|pc_F[8]  ; CLOCK_50     ; CLOCK_50    ; 20.000       ; -0.042     ; 6.914      ;
; 13.035 ; cpu:my_cpu|regfile:rf|mem_rtl_0_bypass[8]                                                                 ; cpu:my_cpu|pc_F[2]  ; CLOCK_50     ; CLOCK_50    ; 20.000       ; -0.046     ; 6.906      ;
; 13.047 ; cpu:my_cpu|regfile:rf|mem_rtl_0_bypass[10]                                                                ; cpu:my_cpu|pc_F[7]  ; CLOCK_50     ; CLOCK_50    ; 20.000       ; -0.042     ; 6.898      ;
; 13.048 ; cpu:my_cpu|regfile:rf|mem_rtl_0_bypass[10]                                                                ; cpu:my_cpu|pc_F[23] ; CLOCK_50     ; CLOCK_50    ; 20.000       ; -0.042     ; 6.897      ;
; 13.048 ; cpu:my_cpu|regfile:rf|mem_rtl_0_bypass[10]                                                                ; cpu:my_cpu|pc_F[9]  ; CLOCK_50     ; CLOCK_50    ; 20.000       ; -0.042     ; 6.897      ;
; 13.050 ; cpu:my_cpu|regfile:rf|mem_rtl_0_bypass[10]                                                                ; cpu:my_cpu|pc_F[31] ; CLOCK_50     ; CLOCK_50    ; 20.000       ; -0.042     ; 6.895      ;
; 13.052 ; cpu:my_cpu|regfile:rf|mem_rtl_0_bypass[10]                                                                ; cpu:my_cpu|pc_F[8]  ; CLOCK_50     ; CLOCK_50    ; 20.000       ; -0.042     ; 6.893      ;
; 13.054 ; cpu:my_cpu|regfile:rf|mem_rtl_1_bypass[0]                                                                 ; cpu:my_cpu|pc_F[3]  ; CLOCK_50     ; CLOCK_50    ; 20.000       ; -0.044     ; 6.889      ;
; 13.056 ; cpu:my_cpu|instruction_EX[13]                                                                             ; cpu:my_cpu|pc_F[3]  ; CLOCK_50     ; CLOCK_50    ; 20.000       ; -0.022     ; 6.909      ;
; 13.060 ; cpu:my_cpu|instruction_EX[15]                                                                             ; cpu:my_cpu|pc_F[7]  ; CLOCK_50     ; CLOCK_50    ; 20.000       ; -0.027     ; 6.900      ;
; 13.061 ; cpu:my_cpu|instruction_EX[15]                                                                             ; cpu:my_cpu|pc_F[23] ; CLOCK_50     ; CLOCK_50    ; 20.000       ; -0.027     ; 6.899      ;
; 13.061 ; cpu:my_cpu|instruction_EX[15]                                                                             ; cpu:my_cpu|pc_F[9]  ; CLOCK_50     ; CLOCK_50    ; 20.000       ; -0.027     ; 6.899      ;
; 13.061 ; cpu:my_cpu|regfile:rf|mem_rtl_0_bypass[4]                                                                 ; cpu:my_cpu|pc_F[13] ; CLOCK_50     ; CLOCK_50    ; 20.000       ; -0.046     ; 6.880      ;
; 13.063 ; cpu:my_cpu|instruction_EX[15]                                                                             ; cpu:my_cpu|pc_F[31] ; CLOCK_50     ; CLOCK_50    ; 20.000       ; -0.027     ; 6.897      ;
; 13.065 ; cpu:my_cpu|regfile:rf|altsyncram:mem_rtl_1|altsyncram_mcc1:auto_generated|ram_block1a0~portb_address_reg0 ; cpu:my_cpu|pc_F[7]  ; CLOCK_50     ; CLOCK_50    ; 20.000       ; -0.223     ; 6.699      ;
; 13.065 ; cpu:my_cpu|instruction_EX[15]                                                                             ; cpu:my_cpu|pc_F[8]  ; CLOCK_50     ; CLOCK_50    ; 20.000       ; -0.027     ; 6.895      ;
; 13.066 ; cpu:my_cpu|regfile:rf|altsyncram:mem_rtl_1|altsyncram_mcc1:auto_generated|ram_block1a0~portb_address_reg0 ; cpu:my_cpu|pc_F[9]  ; CLOCK_50     ; CLOCK_50    ; 20.000       ; -0.223     ; 6.698      ;
; 13.066 ; cpu:my_cpu|regfile:rf|altsyncram:mem_rtl_1|altsyncram_mcc1:auto_generated|ram_block1a0~portb_address_reg0 ; cpu:my_cpu|pc_F[23] ; CLOCK_50     ; CLOCK_50    ; 20.000       ; -0.223     ; 6.698      ;
; 13.068 ; cpu:my_cpu|regfile:rf|altsyncram:mem_rtl_1|altsyncram_mcc1:auto_generated|ram_block1a0~portb_address_reg0 ; cpu:my_cpu|pc_F[31] ; CLOCK_50     ; CLOCK_50    ; 20.000       ; -0.223     ; 6.696      ;
; 13.070 ; cpu:my_cpu|regfile:rf|altsyncram:mem_rtl_1|altsyncram_mcc1:auto_generated|ram_block1a0~portb_address_reg0 ; cpu:my_cpu|pc_F[8]  ; CLOCK_50     ; CLOCK_50    ; 20.000       ; -0.223     ; 6.694      ;
; 13.071 ; cpu:my_cpu|regfile:rf|mem_rtl_0_bypass[4]                                                                 ; cpu:my_cpu|pc_F[6]  ; CLOCK_50     ; CLOCK_50    ; 20.000       ; -0.050     ; 6.866      ;
; 13.077 ; cpu:my_cpu|regfile:rf|mem_rtl_0_bypass[4]                                                                 ; cpu:my_cpu|pc_F[17] ; CLOCK_50     ; CLOCK_50    ; 20.000       ; -0.046     ; 6.864      ;
; 13.082 ; cpu:my_cpu|regfile:rf|mem_rtl_0_bypass[10]                                                                ; cpu:my_cpu|pc_F[13] ; CLOCK_50     ; CLOCK_50    ; 20.000       ; -0.046     ; 6.859      ;
+--------+-----------------------------------------------------------------------------------------------------------+---------------------+--------------+-------------+--------------+------------+------------+


+--------------------------------------------------------------------------------------------------------------------------------------------------------------------------------------------------------------------------------------+
; Fast 1200mV 0C Model Hold: 'CLOCK_50'                                                                                                                                                                                                ;
+-------+--------------------------------------------+-----------------------------------------------------------------------------------------------------------+--------------+-------------+--------------+------------+------------+
; Slack ; From Node                                  ; To Node                                                                                                   ; Launch Clock ; Latch Clock ; Relationship ; Clock Skew ; Data Delay ;
+-------+--------------------------------------------+-----------------------------------------------------------------------------------------------------------+--------------+-------------+--------------+------------+------------+
; 0.184 ; cpu:my_cpu|pc_F[1]                         ; cpu:my_cpu|pc_F[1]                                                                                        ; CLOCK_50     ; CLOCK_50    ; 0.000        ; 0.039      ; 0.307      ;
; 0.184 ; cpu:my_cpu|pc_F[0]                         ; cpu:my_cpu|pc_F[0]                                                                                        ; CLOCK_50     ; CLOCK_50    ; 0.000        ; 0.039      ; 0.307      ;
; 0.190 ; cpu:my_cpu|regfile:rf|writedata_prev[23]   ; cpu:my_cpu|gpio_out_reg[23]                                                                               ; CLOCK_50     ; CLOCK_50    ; 0.000        ; 0.040      ; 0.314      ;
; 0.190 ; cpu:my_cpu|regfile:rf|writedata_prev[27]   ; cpu:my_cpu|gpio_out_reg[27]                                                                               ; CLOCK_50     ; CLOCK_50    ; 0.000        ; 0.040      ; 0.314      ;
; 0.191 ; cpu:my_cpu|regfile:rf|writedata_prev[31]   ; cpu:my_cpu|gpio_out_reg[31]                                                                               ; CLOCK_50     ; CLOCK_50    ; 0.000        ; 0.039      ; 0.314      ;
; 0.192 ; cpu:my_cpu|pc_F[1]                         ; cpu:my_cpu|pc_EX[1]                                                                                       ; CLOCK_50     ; CLOCK_50    ; 0.000        ; 0.039      ; 0.315      ;
; 0.200 ; cpu:my_cpu|pc_F[19]                        ; cpu:my_cpu|pc_EX[19]                                                                                      ; CLOCK_50     ; CLOCK_50    ; 0.000        ; 0.041      ; 0.325      ;
; 0.201 ; cpu:my_cpu|pc_F[20]                        ; cpu:my_cpu|pc_EX[20]                                                                                      ; CLOCK_50     ; CLOCK_50    ; 0.000        ; 0.041      ; 0.326      ;
; 0.220 ; cpu:my_cpu|instruction_EX[0]               ; cpu:my_cpu|jump_reg                                                                                       ; CLOCK_50     ; CLOCK_50    ; 0.000        ; 0.040      ; 0.344      ;
; 0.221 ; cpu:my_cpu|instruction_EX[0]               ; cpu:my_cpu|regsel_EX_reg[0]                                                                               ; CLOCK_50     ; CLOCK_50    ; 0.000        ; 0.040      ; 0.345      ;
; 0.222 ; cpu:my_cpu|instruction_EX[0]               ; cpu:my_cpu|regwrite_EX_reg[0]                                                                             ; CLOCK_50     ; CLOCK_50    ; 0.000        ; 0.040      ; 0.346      ;
; 0.223 ; cpu:my_cpu|instruction_EX[0]               ; cpu:my_cpu|GPIO_we_reg[0]                                                                                 ; CLOCK_50     ; CLOCK_50    ; 0.000        ; 0.040      ; 0.347      ;
; 0.224 ; cpu:my_cpu|instruction_EX[0]               ; cpu:my_cpu|branch_reg                                                                                     ; CLOCK_50     ; CLOCK_50    ; 0.000        ; 0.040      ; 0.348      ;
; 0.259 ; cpu:my_cpu|pc_F[23]                        ; cpu:my_cpu|pc_EX[23]                                                                                      ; CLOCK_50     ; CLOCK_50    ; 0.000        ; 0.041      ; 0.384      ;
; 0.260 ; cpu:my_cpu|pc_F[21]                        ; cpu:my_cpu|pc_EX[21]                                                                                      ; CLOCK_50     ; CLOCK_50    ; 0.000        ; 0.041      ; 0.385      ;
; 0.261 ; cpu:my_cpu|pc_F[28]                        ; cpu:my_cpu|pc_EX[28]                                                                                      ; CLOCK_50     ; CLOCK_50    ; 0.000        ; 0.040      ; 0.385      ;
; 0.261 ; cpu:my_cpu|pc_F[12]                        ; cpu:my_cpu|pc_EX[12]                                                                                      ; CLOCK_50     ; CLOCK_50    ; 0.000        ; 0.041      ; 0.386      ;
; 0.262 ; cpu:my_cpu|pc_F[22]                        ; cpu:my_cpu|pc_EX[22]                                                                                      ; CLOCK_50     ; CLOCK_50    ; 0.000        ; 0.041      ; 0.387      ;
; 0.287 ; cpu:my_cpu|instruction_EX[7]               ; cpu:my_cpu|regfile:rf|mem_rtl_1_bypass[1]                                                                 ; CLOCK_50     ; CLOCK_50    ; 0.000        ; 0.040      ; 0.411      ;
; 0.291 ; cpu:my_cpu|regfile:rf|writedata_prev[26]   ; cpu:my_cpu|gpio_out_reg[26]                                                                               ; CLOCK_50     ; CLOCK_50    ; 0.000        ; 0.040      ; 0.415      ;
; 0.292 ; cpu:my_cpu|regfile:rf|writedata_prev[17]   ; cpu:my_cpu|gpio_out_reg[17]                                                                               ; CLOCK_50     ; CLOCK_50    ; 0.000        ; 0.039      ; 0.415      ;
; 0.292 ; cpu:my_cpu|regfile:rf|writedata_prev[19]   ; cpu:my_cpu|gpio_out_reg[19]                                                                               ; CLOCK_50     ; CLOCK_50    ; 0.000        ; 0.039      ; 0.415      ;
; 0.292 ; cpu:my_cpu|regfile:rf|writedata_prev[25]   ; cpu:my_cpu|gpio_out_reg[25]                                                                               ; CLOCK_50     ; CLOCK_50    ; 0.000        ; 0.040      ; 0.416      ;
; 0.292 ; cpu:my_cpu|regfile:rf|writedata_prev[28]   ; cpu:my_cpu|gpio_out_reg[28]                                                                               ; CLOCK_50     ; CLOCK_50    ; 0.000        ; 0.039      ; 0.415      ;
; 0.293 ; cpu:my_cpu|regfile:rf|writedata_prev[22]   ; cpu:my_cpu|gpio_out_reg[22]                                                                               ; CLOCK_50     ; CLOCK_50    ; 0.000        ; 0.040      ; 0.417      ;
; 0.294 ; cpu:my_cpu|regfile:rf|writedata_prev[20]   ; cpu:my_cpu|gpio_out_reg[20]                                                                               ; CLOCK_50     ; CLOCK_50    ; 0.000        ; 0.040      ; 0.418      ;
; 0.294 ; cpu:my_cpu|pc_F[0]                         ; cpu:my_cpu|pc_EX[0]                                                                                       ; CLOCK_50     ; CLOCK_50    ; 0.000        ; 0.039      ; 0.417      ;
; 0.295 ; cpu:my_cpu|regfile:rf|writedata_prev[24]   ; cpu:my_cpu|gpio_out_reg[24]                                                                               ; CLOCK_50     ; CLOCK_50    ; 0.000        ; 0.040      ; 0.419      ;
; 0.295 ; cpu:my_cpu|regfile:rf|writedata_prev[29]   ; cpu:my_cpu|gpio_out_reg[29]                                                                               ; CLOCK_50     ; CLOCK_50    ; 0.000        ; 0.039      ; 0.418      ;
; 0.300 ; cpu:my_cpu|pc_F[26]                        ; cpu:my_cpu|pc_EX[26]                                                                                      ; CLOCK_50     ; CLOCK_50    ; 0.000        ; 0.041      ; 0.425      ;
; 0.302 ; cpu:my_cpu|pc_F[24]                        ; cpu:my_cpu|pc_EX[24]                                                                                      ; CLOCK_50     ; CLOCK_50    ; 0.000        ; 0.040      ; 0.426      ;
; 0.302 ; cpu:my_cpu|pc_F[16]                        ; cpu:my_cpu|pc_EX[16]                                                                                      ; CLOCK_50     ; CLOCK_50    ; 0.000        ; 0.041      ; 0.427      ;
; 0.302 ; cpu:my_cpu|pc_F[15]                        ; cpu:my_cpu|pc_EX[15]                                                                                      ; CLOCK_50     ; CLOCK_50    ; 0.000        ; 0.041      ; 0.427      ;
; 0.302 ; cpu:my_cpu|pc_F[14]                        ; cpu:my_cpu|pc_EX[14]                                                                                      ; CLOCK_50     ; CLOCK_50    ; 0.000        ; 0.041      ; 0.427      ;
; 0.302 ; cpu:my_cpu|pc_F[13]                        ; cpu:my_cpu|pc_EX[13]                                                                                      ; CLOCK_50     ; CLOCK_50    ; 0.000        ; 0.041      ; 0.427      ;
; 0.303 ; cpu:my_cpu|pc_F[2]                         ; cpu:my_cpu|pc_EX[2]                                                                                       ; CLOCK_50     ; CLOCK_50    ; 0.000        ; 0.041      ; 0.428      ;
; 0.303 ; cpu:my_cpu|pc_F[5]                         ; cpu:my_cpu|pc_EX[5]                                                                                       ; CLOCK_50     ; CLOCK_50    ; 0.000        ; 0.040      ; 0.427      ;
; 0.304 ; cpu:my_cpu|pc_F[25]                        ; cpu:my_cpu|pc_EX[25]                                                                                      ; CLOCK_50     ; CLOCK_50    ; 0.000        ; 0.040      ; 0.428      ;
; 0.304 ; cpu:my_cpu|regwrite_EX_reg[0]              ; cpu:my_cpu|regfile:rf|altsyncram:mem_rtl_0|altsyncram_mcc1:auto_generated|ram_block1a0~porta_we_reg       ; CLOCK_50     ; CLOCK_50    ; 0.000        ; 0.241      ; 0.649      ;
; 0.307 ; cpu:my_cpu|pc_F[7]                         ; cpu:my_cpu|pc_EX[7]                                                                                       ; CLOCK_50     ; CLOCK_50    ; 0.000        ; 0.041      ; 0.432      ;
; 0.308 ; cpu:my_cpu|instruction_EX[7]               ; cpu:my_cpu|regfile:rf|altsyncram:mem_rtl_0|altsyncram_mcc1:auto_generated|ram_block1a0~porta_address_reg0 ; CLOCK_50     ; CLOCK_50    ; 0.000        ; 0.224      ; 0.636      ;
; 0.310 ; cpu:my_cpu|pc_F[9]                         ; cpu:my_cpu|pc_EX[9]                                                                                       ; CLOCK_50     ; CLOCK_50    ; 0.000        ; 0.041      ; 0.435      ;
; 0.314 ; cpu:my_cpu|pc_F[6]                         ; cpu:my_cpu|pc_EX[6]                                                                                       ; CLOCK_50     ; CLOCK_50    ; 0.000        ; 0.041      ; 0.439      ;
; 0.318 ; cpu:my_cpu|instruction_EX[4]               ; cpu:my_cpu|regsel_EX_reg[0]                                                                               ; CLOCK_50     ; CLOCK_50    ; 0.000        ; 0.040      ; 0.442      ;
; 0.318 ; cpu:my_cpu|instruction_EX[4]               ; cpu:my_cpu|regwrite_EX_reg[0]                                                                             ; CLOCK_50     ; CLOCK_50    ; 0.000        ; 0.040      ; 0.442      ;
; 0.318 ; cpu:my_cpu|instruction_EX[4]               ; cpu:my_cpu|GPIO_we_reg[0]                                                                                 ; CLOCK_50     ; CLOCK_50    ; 0.000        ; 0.040      ; 0.442      ;
; 0.319 ; cpu:my_cpu|regfile:rf|writedata_prev[21]   ; cpu:my_cpu|gpio_out_reg[21]                                                                               ; CLOCK_50     ; CLOCK_50    ; 0.000        ; 0.040      ; 0.443      ;
; 0.321 ; cpu:my_cpu|pc_F[18]                        ; cpu:my_cpu|pc_EX[18]                                                                                      ; CLOCK_50     ; CLOCK_50    ; 0.000        ; 0.041      ; 0.446      ;
; 0.322 ; cpu:my_cpu|regfile:rf|writedata_prev[30]   ; cpu:my_cpu|gpio_out_reg[30]                                                                               ; CLOCK_50     ; CLOCK_50    ; 0.000        ; 0.039      ; 0.445      ;
; 0.323 ; cpu:my_cpu|instruction_EX[4]               ; cpu:my_cpu|branch_reg                                                                                     ; CLOCK_50     ; CLOCK_50    ; 0.000        ; 0.040      ; 0.447      ;
; 0.325 ; cpu:my_cpu|instruction_EX[4]               ; cpu:my_cpu|jump_reg                                                                                       ; CLOCK_50     ; CLOCK_50    ; 0.000        ; 0.040      ; 0.449      ;
; 0.326 ; cpu:my_cpu|regsel_EX_reg[1]                ; cpu:my_cpu|regfile:rf|mem_rtl_1_bypass[30]                                                                ; CLOCK_50     ; CLOCK_50    ; 0.000        ; 0.040      ; 0.450      ;
; 0.326 ; cpu:my_cpu|pc_F[27]                        ; cpu:my_cpu|pc_EX[27]                                                                                      ; CLOCK_50     ; CLOCK_50    ; 0.000        ; 0.038      ; 0.448      ;
; 0.338 ; cpu:my_cpu|pc_F[8]                         ; cpu:my_cpu|pc_EX[8]                                                                                       ; CLOCK_50     ; CLOCK_50    ; 0.000        ; 0.041      ; 0.463      ;
; 0.339 ; cpu:my_cpu|regfile:rf|mem_rtl_0_bypass[36] ; cpu:my_cpu|gpio_out_reg[25]                                                                               ; CLOCK_50     ; CLOCK_50    ; 0.000        ; 0.040      ; 0.463      ;
; 0.340 ; cpu:my_cpu|regfile:rf|mem_rtl_0_bypass[26] ; cpu:my_cpu|gpio_out_reg[15]                                                                               ; CLOCK_50     ; CLOCK_50    ; 0.000        ; 0.040      ; 0.464      ;
; 0.341 ; cpu:my_cpu|regfile:rf|mem_rtl_0_bypass[35] ; cpu:my_cpu|gpio_out_reg[24]                                                                               ; CLOCK_50     ; CLOCK_50    ; 0.000        ; 0.040      ; 0.465      ;
; 0.342 ; cpu:my_cpu|regfile:rf|mem_rtl_0_bypass[12] ; cpu:my_cpu|gpio_out_reg[1]                                                                                ; CLOCK_50     ; CLOCK_50    ; 0.000        ; 0.040      ; 0.466      ;
; 0.343 ; cpu:my_cpu|regfile:rf|mem_rtl_0_bypass[40] ; cpu:my_cpu|gpio_out_reg[29]                                                                               ; CLOCK_50     ; CLOCK_50    ; 0.000        ; 0.039      ; 0.466      ;
; 0.373 ; cpu:my_cpu|pc_EX[0]                        ; cpu:my_cpu|pc_F[0]                                                                                        ; CLOCK_50     ; CLOCK_50    ; 0.000        ; 0.039      ; 0.496      ;
; 0.392 ; cpu:my_cpu|pc_F[3]                         ; cpu:my_cpu|pc_EX[3]                                                                                       ; CLOCK_50     ; CLOCK_50    ; 0.000        ; 0.039      ; 0.515      ;
; 0.397 ; cpu:my_cpu|regfile:rf|writedata_prev[1]    ; cpu:my_cpu|gpio_out_reg[1]                                                                                ; CLOCK_50     ; CLOCK_50    ; 0.000        ; 0.040      ; 0.521      ;
; 0.398 ; cpu:my_cpu|regfile:rf|mem_rtl_0_bypass[13] ; cpu:my_cpu|gpio_out_reg[2]                                                                                ; CLOCK_50     ; CLOCK_50    ; 0.000        ; 0.040      ; 0.522      ;
; 0.398 ; cpu:my_cpu|regfile:rf|writedata_prev[3]    ; cpu:my_cpu|gpio_out_reg[3]                                                                                ; CLOCK_50     ; CLOCK_50    ; 0.000        ; 0.040      ; 0.522      ;
; 0.401 ; cpu:my_cpu|pc_F[4]                         ; cpu:my_cpu|pc_EX[4]                                                                                       ; CLOCK_50     ; CLOCK_50    ; 0.000        ; 0.041      ; 0.526      ;
; 0.440 ; cpu:my_cpu|regfile:rf|mem_rtl_0_bypass[14] ; cpu:my_cpu|gpio_out_reg[3]                                                                                ; CLOCK_50     ; CLOCK_50    ; 0.000        ; 0.040      ; 0.564      ;
; 0.441 ; cpu:my_cpu|regfile:rf|mem_rtl_0_bypass[27] ; cpu:my_cpu|gpio_out_reg[16]                                                                               ; CLOCK_50     ; CLOCK_50    ; 0.000        ; 0.040      ; 0.565      ;
; 0.441 ; cpu:my_cpu|regfile:rf|mem_rtl_0_bypass[28] ; cpu:my_cpu|gpio_out_reg[17]                                                                               ; CLOCK_50     ; CLOCK_50    ; 0.000        ; 0.039      ; 0.564      ;
; 0.441 ; cpu:my_cpu|regfile:rf|mem_rtl_0_bypass[30] ; cpu:my_cpu|gpio_out_reg[19]                                                                               ; CLOCK_50     ; CLOCK_50    ; 0.000        ; 0.039      ; 0.564      ;
; 0.442 ; cpu:my_cpu|regfile:rf|mem_rtl_0_bypass[21] ; cpu:my_cpu|gpio_out_reg[10]                                                                               ; CLOCK_50     ; CLOCK_50    ; 0.000        ; 0.041      ; 0.567      ;
; 0.442 ; cpu:my_cpu|regfile:rf|mem_rtl_0_bypass[25] ; cpu:my_cpu|gpio_out_reg[14]                                                                               ; CLOCK_50     ; CLOCK_50    ; 0.000        ; 0.040      ; 0.566      ;
; 0.443 ; cpu:my_cpu|regfile:rf|mem_rtl_0_bypass[39] ; cpu:my_cpu|gpio_out_reg[28]                                                                               ; CLOCK_50     ; CLOCK_50    ; 0.000        ; 0.039      ; 0.566      ;
; 0.444 ; cpu:my_cpu|regsel_EX_reg[1]                ; cpu:my_cpu|regfile:rf|mem_rtl_1_bypass[37]                                                                ; CLOCK_50     ; CLOCK_50    ; 0.000        ; 0.044      ; 0.572      ;
; 0.447 ; cpu:my_cpu|regfile:rf|mem_rtl_0_bypass[34] ; cpu:my_cpu|gpio_out_reg[23]                                                                               ; CLOCK_50     ; CLOCK_50    ; 0.000        ; 0.040      ; 0.571      ;
; 0.447 ; cpu:my_cpu|regfile:rf|mem_rtl_0_bypass[33] ; cpu:my_cpu|gpio_out_reg[22]                                                                               ; CLOCK_50     ; CLOCK_50    ; 0.000        ; 0.040      ; 0.571      ;
; 0.448 ; cpu:my_cpu|regfile:rf|mem_rtl_0_bypass[41] ; cpu:my_cpu|gpio_out_reg[30]                                                                               ; CLOCK_50     ; CLOCK_50    ; 0.000        ; 0.039      ; 0.571      ;
; 0.449 ; cpu:my_cpu|regfile:rf|mem_rtl_0_bypass[42] ; cpu:my_cpu|gpio_out_reg[31]                                                                               ; CLOCK_50     ; CLOCK_50    ; 0.000        ; 0.039      ; 0.572      ;
; 0.450 ; cpu:my_cpu|regfile:rf|mem_rtl_0_bypass[32] ; cpu:my_cpu|gpio_out_reg[21]                                                                               ; CLOCK_50     ; CLOCK_50    ; 0.000        ; 0.040      ; 0.574      ;
; 0.454 ; cpu:my_cpu|regwrite_EX_reg[0]              ; cpu:my_cpu|regfile:rf|altsyncram:mem_rtl_1|altsyncram_mcc1:auto_generated|ram_block1a0~porta_we_reg       ; CLOCK_50     ; CLOCK_50    ; 0.000        ; 0.238      ; 0.796      ;
; 0.454 ; cpu:my_cpu|pc_F[11]                        ; cpu:my_cpu|pc_EX[11]                                                                                      ; CLOCK_50     ; CLOCK_50    ; 0.000        ; 0.033      ; 0.571      ;
; 0.454 ; cpu:my_cpu|regsel_EX_reg[0]                ; cpu:my_cpu|regfile:rf|mem_rtl_1_bypass[30]                                                                ; CLOCK_50     ; CLOCK_50    ; 0.000        ; 0.037      ; 0.575      ;
; 0.467 ; cpu:my_cpu|regfile:rf|mem_rtl_0_bypass[11] ; cpu:my_cpu|gpio_out_reg[0]                                                                                ; CLOCK_50     ; CLOCK_50    ; 0.000        ; 0.040      ; 0.591      ;
; 0.472 ; cpu:my_cpu|instruction_EX[7]               ; cpu:my_cpu|regfile:rf|altsyncram:mem_rtl_1|altsyncram_mcc1:auto_generated|ram_block1a0~porta_address_reg0 ; CLOCK_50     ; CLOCK_50    ; 0.000        ; 0.221      ; 0.797      ;
; 0.475 ; cpu:my_cpu|instruction_EX[15]              ; cpu:my_cpu|gpio_out_reg[9]                                                                                ; CLOCK_50     ; CLOCK_50    ; 0.000        ; 0.036      ; 0.595      ;
; 0.476 ; cpu:my_cpu|instruction_EX[15]              ; cpu:my_cpu|gpio_out_reg[8]                                                                                ; CLOCK_50     ; CLOCK_50    ; 0.000        ; 0.033      ; 0.593      ;
; 0.477 ; cpu:my_cpu|regfile:rf|mem_rtl_0_bypass[37] ; cpu:my_cpu|gpio_out_reg[26]                                                                               ; CLOCK_50     ; CLOCK_50    ; 0.000        ; 0.040      ; 0.601      ;
; 0.479 ; cpu:my_cpu|instruction_EX[13]              ; cpu:my_cpu|gpio_out_reg[8]                                                                                ; CLOCK_50     ; CLOCK_50    ; 0.000        ; 0.041      ; 0.604      ;
; 0.480 ; cpu:my_cpu|instruction_EX[13]              ; cpu:my_cpu|gpio_out_reg[5]                                                                                ; CLOCK_50     ; CLOCK_50    ; 0.000        ; 0.041      ; 0.605      ;
; 0.482 ; cpu:my_cpu|instruction_EX[13]              ; cpu:my_cpu|gpio_out_reg[6]                                                                                ; CLOCK_50     ; CLOCK_50    ; 0.000        ; 0.041      ; 0.607      ;
; 0.482 ; cpu:my_cpu|instruction_EX[13]              ; cpu:my_cpu|gpio_out_reg[7]                                                                                ; CLOCK_50     ; CLOCK_50    ; 0.000        ; 0.041      ; 0.607      ;
; 0.483 ; cpu:my_cpu|instruction_EX[13]              ; cpu:my_cpu|gpio_out_reg[4]                                                                                ; CLOCK_50     ; CLOCK_50    ; 0.000        ; 0.041      ; 0.608      ;
; 0.484 ; cpu:my_cpu|instruction_EX[15]              ; cpu:my_cpu|gpio_out_reg[13]                                                                               ; CLOCK_50     ; CLOCK_50    ; 0.000        ; 0.038      ; 0.606      ;
; 0.484 ; cpu:my_cpu|instruction_EX[15]              ; cpu:my_cpu|gpio_out_reg[15]                                                                               ; CLOCK_50     ; CLOCK_50    ; 0.000        ; 0.038      ; 0.606      ;
; 0.484 ; cpu:my_cpu|instruction_EX[15]              ; cpu:my_cpu|gpio_out_reg[14]                                                                               ; CLOCK_50     ; CLOCK_50    ; 0.000        ; 0.038      ; 0.606      ;
; 0.485 ; cpu:my_cpu|instruction_EX[15]              ; cpu:my_cpu|gpio_out_reg[16]                                                                               ; CLOCK_50     ; CLOCK_50    ; 0.000        ; 0.038      ; 0.607      ;
; 0.490 ; cpu:my_cpu|pc_F[31]                        ; cpu:my_cpu|pc_EX[31]                                                                                      ; CLOCK_50     ; CLOCK_50    ; 0.000        ; 0.036      ; 0.610      ;
; 0.492 ; cpu:my_cpu|pc_F[29]                        ; cpu:my_cpu|pc_EX[29]                                                                                      ; CLOCK_50     ; CLOCK_50    ; 0.000        ; 0.033      ; 0.609      ;
; 0.493 ; cpu:my_cpu|regfile:rf|writedata_prev[15]   ; cpu:my_cpu|gpio_out_reg[15]                                                                               ; CLOCK_50     ; CLOCK_50    ; 0.000        ; 0.040      ; 0.617      ;
; 0.505 ; cpu:my_cpu|regsel_EX_reg[0]                ; cpu:my_cpu|regfile:rf|mem_rtl_1_bypass[35]                                                                ; CLOCK_50     ; CLOCK_50    ; 0.000        ; 0.056      ; 0.645      ;
; 0.507 ; cpu:my_cpu|regsel_EX_reg[0]                ; cpu:my_cpu|regfile:rf|mem_rtl_1_bypass[36]                                                                ; CLOCK_50     ; CLOCK_50    ; 0.000        ; 0.056      ; 0.647      ;
+-------+--------------------------------------------+-----------------------------------------------------------------------------------------------------------+--------------+-------------+--------------+------------+------------+


----------------------------------------------
; Fast 1200mV 0C Model Metastability Summary ;
----------------------------------------------
No synchronizer chains to report.


+-----------------------------------------------------------------------------+
; Multicorner Timing Analysis Summary                                         ;
+------------------+-------+-------+----------+---------+---------------------+
; Clock            ; Setup ; Hold  ; Recovery ; Removal ; Minimum Pulse Width ;
+------------------+-------+-------+----------+---------+---------------------+
; Worst-case Slack ; 3.944 ; 0.184 ; N/A      ; N/A     ; 9.201               ;
;  CLOCK2_50       ; N/A   ; N/A   ; N/A      ; N/A     ; 16.000              ;
;  CLOCK3_50       ; N/A   ; N/A   ; N/A      ; N/A     ; 16.000              ;
;  CLOCK_50        ; 3.944 ; 0.184 ; N/A      ; N/A     ; 9.201               ;
; Design-wide TNS  ; 0.0   ; 0.0   ; 0.0      ; 0.0     ; 0.0                 ;
;  CLOCK2_50       ; N/A   ; N/A   ; N/A      ; N/A     ; 0.000               ;
;  CLOCK3_50       ; N/A   ; N/A   ; N/A      ; N/A     ; 0.000               ;
;  CLOCK_50        ; 0.000 ; 0.000 ; N/A      ; N/A     ; 0.000               ;
+------------------+-------+-------+----------+---------+---------------------+


+------------------------------------------------------------------------------------------------------------------------------------------------------------------------------------------------------------------------------------------------------------------------------------------------------------------------------------------------------------------------------------------------------------------+
; Board Trace Model Assignments                                                                                                                                                                                                                                                                                                                                                                                    ;
+---------------+--------------+-------------------+-------------------------+-------------------------+---------------+---------------------+----------------+------------------+--------+------------------+------------------------+------------------------+--------------+---------------+-----------------+-------+---------------------+--------------------+---------------+-----------------+-------------+
; Pin           ; I/O Standard ; Near Tline Length ; Near Tline L per Length ; Near Tline C per Length ; Near Series R ; Near Differential R ; Near Pull-up R ; Near Pull-down R ; Near C ; Far Tline Length ; Far Tline L per Length ; Far Tline C per Length ; Far Series R ; Far Pull-up R ; Far Pull-down R ; Far C ; Termination Voltage ; Far Differential R ; EBD File Name ; EBD Signal Name ; EBD Far-end ;
+---------------+--------------+-------------------+-------------------------+-------------------------+---------------+---------------------+----------------+------------------+--------+------------------+------------------------+------------------------+--------------+---------------+-----------------+-------+---------------------+--------------------+---------------+-----------------+-------------+
; LEDG[0]       ; 2.5 V        ; 0 in              ; 0 H/in                  ; 0 F/in                  ; short         ; -                   ; open           ; open             ; open   ; 0 in             ; 0 H/in                 ; 0 F/in                 ; short        ; open          ; open            ; open  ; 0 V                 ; -                  ; n/a           ; n/a             ; n/a         ;
; LEDG[1]       ; 2.5 V        ; 0 in              ; 0 H/in                  ; 0 F/in                  ; short         ; -                   ; open           ; open             ; open   ; 0 in             ; 0 H/in                 ; 0 F/in                 ; short        ; open          ; open            ; open  ; 0 V                 ; -                  ; n/a           ; n/a             ; n/a         ;
; LEDG[2]       ; 2.5 V        ; 0 in              ; 0 H/in                  ; 0 F/in                  ; short         ; -                   ; open           ; open             ; open   ; 0 in             ; 0 H/in                 ; 0 F/in                 ; short        ; open          ; open            ; open  ; 0 V                 ; -                  ; n/a           ; n/a             ; n/a         ;
; LEDG[3]       ; 2.5 V        ; 0 in              ; 0 H/in                  ; 0 F/in                  ; short         ; -                   ; open           ; open             ; open   ; 0 in             ; 0 H/in                 ; 0 F/in                 ; short        ; open          ; open            ; open  ; 0 V                 ; -                  ; n/a           ; n/a             ; n/a         ;
; LEDG[4]       ; 2.5 V        ; 0 in              ; 0 H/in                  ; 0 F/in                  ; short         ; -                   ; open           ; open             ; open   ; 0 in             ; 0 H/in                 ; 0 F/in                 ; short        ; open          ; open            ; open  ; 0 V                 ; -                  ; n/a           ; n/a             ; n/a         ;
; LEDG[5]       ; 2.5 V        ; 0 in              ; 0 H/in                  ; 0 F/in                  ; short         ; -                   ; open           ; open             ; open   ; 0 in             ; 0 H/in                 ; 0 F/in                 ; short        ; open          ; open            ; open  ; 0 V                 ; -                  ; n/a           ; n/a             ; n/a         ;
; LEDG[6]       ; 2.5 V        ; 0 in              ; 0 H/in                  ; 0 F/in                  ; short         ; -                   ; open           ; open             ; open   ; 0 in             ; 0 H/in                 ; 0 F/in                 ; short        ; open          ; open            ; open  ; 0 V                 ; -                  ; n/a           ; n/a             ; n/a         ;
; LEDG[7]       ; 2.5 V        ; 0 in              ; 0 H/in                  ; 0 F/in                  ; short         ; -                   ; open           ; open             ; open   ; 0 in             ; 0 H/in                 ; 0 F/in                 ; short        ; open          ; open            ; open  ; 0 V                 ; -                  ; n/a           ; n/a             ; n/a         ;
; LEDG[8]       ; 2.5 V        ; 0 in              ; 0 H/in                  ; 0 F/in                  ; short         ; -                   ; open           ; open             ; open   ; 0 in             ; 0 H/in                 ; 0 F/in                 ; short        ; open          ; open            ; open  ; 0 V                 ; -                  ; n/a           ; n/a             ; n/a         ;
; LEDR[0]       ; 2.5 V        ; 0 in              ; 0 H/in                  ; 0 F/in                  ; short         ; -                   ; open           ; open             ; open   ; 0 in             ; 0 H/in                 ; 0 F/in                 ; short        ; open          ; open            ; open  ; 0 V                 ; -                  ; n/a           ; n/a             ; n/a         ;
; LEDR[1]       ; 2.5 V        ; 0 in              ; 0 H/in                  ; 0 F/in                  ; short         ; -                   ; open           ; open             ; open   ; 0 in             ; 0 H/in                 ; 0 F/in                 ; short        ; open          ; open            ; open  ; 0 V                 ; -                  ; n/a           ; n/a             ; n/a         ;
; LEDR[2]       ; 2.5 V        ; 0 in              ; 0 H/in                  ; 0 F/in                  ; short         ; -                   ; open           ; open             ; open   ; 0 in             ; 0 H/in                 ; 0 F/in                 ; short        ; open          ; open            ; open  ; 0 V                 ; -                  ; n/a           ; n/a             ; n/a         ;
; LEDR[3]       ; 2.5 V        ; 0 in              ; 0 H/in                  ; 0 F/in                  ; short         ; -                   ; open           ; open             ; open   ; 0 in             ; 0 H/in                 ; 0 F/in                 ; short        ; open          ; open            ; open  ; 0 V                 ; -                  ; n/a           ; n/a             ; n/a         ;
; LEDR[4]       ; 2.5 V        ; 0 in              ; 0 H/in                  ; 0 F/in                  ; short         ; -                   ; open           ; open             ; open   ; 0 in             ; 0 H/in                 ; 0 F/in                 ; short        ; open          ; open            ; open  ; 0 V                 ; -                  ; n/a           ; n/a             ; n/a         ;
; LEDR[5]       ; 2.5 V        ; 0 in              ; 0 H/in                  ; 0 F/in                  ; short         ; -                   ; open           ; open             ; open   ; 0 in             ; 0 H/in                 ; 0 F/in                 ; short        ; open          ; open            ; open  ; 0 V                 ; -                  ; n/a           ; n/a             ; n/a         ;
; LEDR[6]       ; 2.5 V        ; 0 in              ; 0 H/in                  ; 0 F/in                  ; short         ; -                   ; open           ; open             ; open   ; 0 in             ; 0 H/in                 ; 0 F/in                 ; short        ; open          ; open            ; open  ; 0 V                 ; -                  ; n/a           ; n/a             ; n/a         ;
; LEDR[7]       ; 2.5 V        ; 0 in              ; 0 H/in                  ; 0 F/in                  ; short         ; -                   ; open           ; open             ; open   ; 0 in             ; 0 H/in                 ; 0 F/in                 ; short        ; open          ; open            ; open  ; 0 V                 ; -                  ; n/a           ; n/a             ; n/a         ;
; LEDR[8]       ; 2.5 V        ; 0 in              ; 0 H/in                  ; 0 F/in                  ; short         ; -                   ; open           ; open             ; open   ; 0 in             ; 0 H/in                 ; 0 F/in                 ; short        ; open          ; open            ; open  ; 0 V                 ; -                  ; n/a           ; n/a             ; n/a         ;
; LEDR[9]       ; 2.5 V        ; 0 in              ; 0 H/in                  ; 0 F/in                  ; short         ; -                   ; open           ; open             ; open   ; 0 in             ; 0 H/in                 ; 0 F/in                 ; short        ; open          ; open            ; open  ; 0 V                 ; -                  ; n/a           ; n/a             ; n/a         ;
; LEDR[10]      ; 2.5 V        ; 0 in              ; 0 H/in                  ; 0 F/in                  ; short         ; -                   ; open           ; open             ; open   ; 0 in             ; 0 H/in                 ; 0 F/in                 ; short        ; open          ; open            ; open  ; 0 V                 ; -                  ; n/a           ; n/a             ; n/a         ;
; LEDR[11]      ; 2.5 V        ; 0 in              ; 0 H/in                  ; 0 F/in                  ; short         ; -                   ; open           ; open             ; open   ; 0 in             ; 0 H/in                 ; 0 F/in                 ; short        ; open          ; open            ; open  ; 0 V                 ; -                  ; n/a           ; n/a             ; n/a         ;
; LEDR[12]      ; 2.5 V        ; 0 in              ; 0 H/in                  ; 0 F/in                  ; short         ; -                   ; open           ; open             ; open   ; 0 in             ; 0 H/in                 ; 0 F/in                 ; short        ; open          ; open            ; open  ; 0 V                 ; -                  ; n/a           ; n/a             ; n/a         ;
; LEDR[13]      ; 2.5 V        ; 0 in              ; 0 H/in                  ; 0 F/in                  ; short         ; -                   ; open           ; open             ; open   ; 0 in             ; 0 H/in                 ; 0 F/in                 ; short        ; open          ; open            ; open  ; 0 V                 ; -                  ; n/a           ; n/a             ; n/a         ;
; LEDR[14]      ; 2.5 V        ; 0 in              ; 0 H/in                  ; 0 F/in                  ; short         ; -                   ; open           ; open             ; open   ; 0 in             ; 0 H/in                 ; 0 F/in                 ; short        ; open          ; open            ; open  ; 0 V                 ; -                  ; n/a           ; n/a             ; n/a         ;
; LEDR[15]      ; 2.5 V        ; 0 in              ; 0 H/in                  ; 0 F/in                  ; short         ; -                   ; open           ; open             ; open   ; 0 in             ; 0 H/in                 ; 0 F/in                 ; short        ; open          ; open            ; open  ; 0 V                 ; -                  ; n/a           ; n/a             ; n/a         ;
; LEDR[16]      ; 2.5 V        ; 0 in              ; 0 H/in                  ; 0 F/in                  ; short         ; -                   ; open           ; open             ; open   ; 0 in             ; 0 H/in                 ; 0 F/in                 ; short        ; open          ; open            ; open  ; 0 V                 ; -                  ; n/a           ; n/a             ; n/a         ;
; LEDR[17]      ; 2.5 V        ; 0 in              ; 0 H/in                  ; 0 F/in                  ; short         ; -                   ; open           ; open             ; open   ; 0 in             ; 0 H/in                 ; 0 F/in                 ; short        ; open          ; open            ; open  ; 0 V                 ; -                  ; n/a           ; n/a             ; n/a         ;
; HEX0[0]       ; 2.5 V        ; 0 in              ; 0 H/in                  ; 0 F/in                  ; short         ; -                   ; open           ; open             ; open   ; 0 in             ; 0 H/in                 ; 0 F/in                 ; short        ; open          ; open            ; open  ; 0 V                 ; -                  ; n/a           ; n/a             ; n/a         ;
; HEX0[1]       ; 2.5 V        ; 0 in              ; 0 H/in                  ; 0 F/in                  ; short         ; -                   ; open           ; open             ; open   ; 0 in             ; 0 H/in                 ; 0 F/in                 ; short        ; open          ; open            ; open  ; 0 V                 ; -                  ; n/a           ; n/a             ; n/a         ;
; HEX0[2]       ; 2.5 V        ; 0 in              ; 0 H/in                  ; 0 F/in                  ; short         ; -                   ; open           ; open             ; open   ; 0 in             ; 0 H/in                 ; 0 F/in                 ; short        ; open          ; open            ; open  ; 0 V                 ; -                  ; n/a           ; n/a             ; n/a         ;
; HEX0[3]       ; 3.3-V LVTTL  ; 0 in              ; 0 H/in                  ; 0 F/in                  ; short         ; -                   ; open           ; open             ; open   ; 0 in             ; 0 H/in                 ; 0 F/in                 ; short        ; open          ; open            ; open  ; 0 V                 ; -                  ; n/a           ; n/a             ; n/a         ;
; HEX0[4]       ; 3.3-V LVTTL  ; 0 in              ; 0 H/in                  ; 0 F/in                  ; short         ; -                   ; open           ; open             ; open   ; 0 in             ; 0 H/in                 ; 0 F/in                 ; short        ; open          ; open            ; open  ; 0 V                 ; -                  ; n/a           ; n/a             ; n/a         ;
; HEX0[5]       ; 3.3-V LVTTL  ; 0 in              ; 0 H/in                  ; 0 F/in                  ; short         ; -                   ; open           ; open             ; open   ; 0 in             ; 0 H/in                 ; 0 F/in                 ; short        ; open          ; open            ; open  ; 0 V                 ; -                  ; n/a           ; n/a             ; n/a         ;
; HEX0[6]       ; 3.3-V LVTTL  ; 0 in              ; 0 H/in                  ; 0 F/in                  ; short         ; -                   ; open           ; open             ; open   ; 0 in             ; 0 H/in                 ; 0 F/in                 ; short        ; open          ; open            ; open  ; 0 V                 ; -                  ; n/a           ; n/a             ; n/a         ;
; HEX1[0]       ; 3.3-V LVTTL  ; 0 in              ; 0 H/in                  ; 0 F/in                  ; short         ; -                   ; open           ; open             ; open   ; 0 in             ; 0 H/in                 ; 0 F/in                 ; short        ; open          ; open            ; open  ; 0 V                 ; -                  ; n/a           ; n/a             ; n/a         ;
; HEX1[1]       ; 3.3-V LVTTL  ; 0 in              ; 0 H/in                  ; 0 F/in                  ; short         ; -                   ; open           ; open             ; open   ; 0 in             ; 0 H/in                 ; 0 F/in                 ; short        ; open          ; open            ; open  ; 0 V                 ; -                  ; n/a           ; n/a             ; n/a         ;
; HEX1[2]       ; 3.3-V LVTTL  ; 0 in              ; 0 H/in                  ; 0 F/in                  ; short         ; -                   ; open           ; open             ; open   ; 0 in             ; 0 H/in                 ; 0 F/in                 ; short        ; open          ; open            ; open  ; 0 V                 ; -                  ; n/a           ; n/a             ; n/a         ;
; HEX1[3]       ; 3.3-V LVTTL  ; 0 in              ; 0 H/in                  ; 0 F/in                  ; short         ; -                   ; open           ; open             ; open   ; 0 in             ; 0 H/in                 ; 0 F/in                 ; short        ; open          ; open            ; open  ; 0 V                 ; -                  ; n/a           ; n/a             ; n/a         ;
; HEX1[4]       ; 3.3-V LVTTL  ; 0 in              ; 0 H/in                  ; 0 F/in                  ; short         ; -                   ; open           ; open             ; open   ; 0 in             ; 0 H/in                 ; 0 F/in                 ; short        ; open          ; open            ; open  ; 0 V                 ; -                  ; n/a           ; n/a             ; n/a         ;
; HEX1[5]       ; 3.3-V LVTTL  ; 0 in              ; 0 H/in                  ; 0 F/in                  ; short         ; -                   ; open           ; open             ; open   ; 0 in             ; 0 H/in                 ; 0 F/in                 ; short        ; open          ; open            ; open  ; 0 V                 ; -                  ; n/a           ; n/a             ; n/a         ;
; HEX1[6]       ; 3.3-V LVTTL  ; 0 in              ; 0 H/in                  ; 0 F/in                  ; short         ; -                   ; open           ; open             ; open   ; 0 in             ; 0 H/in                 ; 0 F/in                 ; short        ; open          ; open            ; open  ; 0 V                 ; -                  ; n/a           ; n/a             ; n/a         ;
; HEX2[0]       ; 3.3-V LVTTL  ; 0 in              ; 0 H/in                  ; 0 F/in                  ; short         ; -                   ; open           ; open             ; open   ; 0 in             ; 0 H/in                 ; 0 F/in                 ; short        ; open          ; open            ; open  ; 0 V                 ; -                  ; n/a           ; n/a             ; n/a         ;
; HEX2[1]       ; 3.3-V LVTTL  ; 0 in              ; 0 H/in                  ; 0 F/in                  ; short         ; -                   ; open           ; open             ; open   ; 0 in             ; 0 H/in                 ; 0 F/in                 ; short        ; open          ; open            ; open  ; 0 V                 ; -                  ; n/a           ; n/a             ; n/a         ;
; HEX2[2]       ; 3.3-V LVTTL  ; 0 in              ; 0 H/in                  ; 0 F/in                  ; short         ; -                   ; open           ; open             ; open   ; 0 in             ; 0 H/in                 ; 0 F/in                 ; short        ; open          ; open            ; open  ; 0 V                 ; -                  ; n/a           ; n/a             ; n/a         ;
; HEX2[3]       ; 3.3-V LVTTL  ; 0 in              ; 0 H/in                  ; 0 F/in                  ; short         ; -                   ; open           ; open             ; open   ; 0 in             ; 0 H/in                 ; 0 F/in                 ; short        ; open          ; open            ; open  ; 0 V                 ; -                  ; n/a           ; n/a             ; n/a         ;
; HEX2[4]       ; 3.3-V LVTTL  ; 0 in              ; 0 H/in                  ; 0 F/in                  ; short         ; -                   ; open           ; open             ; open   ; 0 in             ; 0 H/in                 ; 0 F/in                 ; short        ; open          ; open            ; open  ; 0 V                 ; -                  ; n/a           ; n/a             ; n/a         ;
; HEX2[5]       ; 3.3-V LVTTL  ; 0 in              ; 0 H/in                  ; 0 F/in                  ; short         ; -                   ; open           ; open             ; open   ; 0 in             ; 0 H/in                 ; 0 F/in                 ; short        ; open          ; open            ; open  ; 0 V                 ; -                  ; n/a           ; n/a             ; n/a         ;
; HEX2[6]       ; 3.3-V LVTTL  ; 0 in              ; 0 H/in                  ; 0 F/in                  ; short         ; -                   ; open           ; open             ; open   ; 0 in             ; 0 H/in                 ; 0 F/in                 ; short        ; open          ; open            ; open  ; 0 V                 ; -                  ; n/a           ; n/a             ; n/a         ;
; HEX3[0]       ; 3.3-V LVTTL  ; 0 in              ; 0 H/in                  ; 0 F/in                  ; short         ; -                   ; open           ; open             ; open   ; 0 in             ; 0 H/in                 ; 0 F/in                 ; short        ; open          ; open            ; open  ; 0 V                 ; -                  ; n/a           ; n/a             ; n/a         ;
; HEX3[1]       ; 3.3-V LVTTL  ; 0 in              ; 0 H/in                  ; 0 F/in                  ; short         ; -                   ; open           ; open             ; open   ; 0 in             ; 0 H/in                 ; 0 F/in                 ; short        ; open          ; open            ; open  ; 0 V                 ; -                  ; n/a           ; n/a             ; n/a         ;
; HEX3[2]       ; 3.3-V LVTTL  ; 0 in              ; 0 H/in                  ; 0 F/in                  ; short         ; -                   ; open           ; open             ; open   ; 0 in             ; 0 H/in                 ; 0 F/in                 ; short        ; open          ; open            ; open  ; 0 V                 ; -                  ; n/a           ; n/a             ; n/a         ;
; HEX3[3]       ; 3.3-V LVTTL  ; 0 in              ; 0 H/in                  ; 0 F/in                  ; short         ; -                   ; open           ; open             ; open   ; 0 in             ; 0 H/in                 ; 0 F/in                 ; short        ; open          ; open            ; open  ; 0 V                 ; -                  ; n/a           ; n/a             ; n/a         ;
; HEX3[4]       ; 3.3-V LVTTL  ; 0 in              ; 0 H/in                  ; 0 F/in                  ; short         ; -                   ; open           ; open             ; open   ; 0 in             ; 0 H/in                 ; 0 F/in                 ; short        ; open          ; open            ; open  ; 0 V                 ; -                  ; n/a           ; n/a             ; n/a         ;
; HEX3[5]       ; 3.3-V LVTTL  ; 0 in              ; 0 H/in                  ; 0 F/in                  ; short         ; -                   ; open           ; open             ; open   ; 0 in             ; 0 H/in                 ; 0 F/in                 ; short        ; open          ; open            ; open  ; 0 V                 ; -                  ; n/a           ; n/a             ; n/a         ;
; HEX3[6]       ; 3.3-V LVTTL  ; 0 in              ; 0 H/in                  ; 0 F/in                  ; short         ; -                   ; open           ; open             ; open   ; 0 in             ; 0 H/in                 ; 0 F/in                 ; short        ; open          ; open            ; open  ; 0 V                 ; -                  ; n/a           ; n/a             ; n/a         ;
; HEX4[0]       ; 3.3-V LVTTL  ; 0 in              ; 0 H/in                  ; 0 F/in                  ; short         ; -                   ; open           ; open             ; open   ; 0 in             ; 0 H/in                 ; 0 F/in                 ; short        ; open          ; open            ; open  ; 0 V                 ; -                  ; n/a           ; n/a             ; n/a         ;
; HEX4[1]       ; 3.3-V LVTTL  ; 0 in              ; 0 H/in                  ; 0 F/in                  ; short         ; -                   ; open           ; open             ; open   ; 0 in             ; 0 H/in                 ; 0 F/in                 ; short        ; open          ; open            ; open  ; 0 V                 ; -                  ; n/a           ; n/a             ; n/a         ;
; HEX4[2]       ; 3.3-V LVTTL  ; 0 in              ; 0 H/in                  ; 0 F/in                  ; short         ; -                   ; open           ; open             ; open   ; 0 in             ; 0 H/in                 ; 0 F/in                 ; short        ; open          ; open            ; open  ; 0 V                 ; -                  ; n/a           ; n/a             ; n/a         ;
; HEX4[3]       ; 3.3-V LVTTL  ; 0 in              ; 0 H/in                  ; 0 F/in                  ; short         ; -                   ; open           ; open             ; open   ; 0 in             ; 0 H/in                 ; 0 F/in                 ; short        ; open          ; open            ; open  ; 0 V                 ; -                  ; n/a           ; n/a             ; n/a         ;
; HEX4[4]       ; 3.3-V LVTTL  ; 0 in              ; 0 H/in                  ; 0 F/in                  ; short         ; -                   ; open           ; open             ; open   ; 0 in             ; 0 H/in                 ; 0 F/in                 ; short        ; open          ; open            ; open  ; 0 V                 ; -                  ; n/a           ; n/a             ; n/a         ;
; HEX4[5]       ; 3.3-V LVTTL  ; 0 in              ; 0 H/in                  ; 0 F/in                  ; short         ; -                   ; open           ; open             ; open   ; 0 in             ; 0 H/in                 ; 0 F/in                 ; short        ; open          ; open            ; open  ; 0 V                 ; -                  ; n/a           ; n/a             ; n/a         ;
; HEX4[6]       ; 3.3-V LVTTL  ; 0 in              ; 0 H/in                  ; 0 F/in                  ; short         ; -                   ; open           ; open             ; open   ; 0 in             ; 0 H/in                 ; 0 F/in                 ; short        ; open          ; open            ; open  ; 0 V                 ; -                  ; n/a           ; n/a             ; n/a         ;
; HEX5[0]       ; 3.3-V LVTTL  ; 0 in              ; 0 H/in                  ; 0 F/in                  ; short         ; -                   ; open           ; open             ; open   ; 0 in             ; 0 H/in                 ; 0 F/in                 ; short        ; open          ; open            ; open  ; 0 V                 ; -                  ; n/a           ; n/a             ; n/a         ;
; HEX5[1]       ; 3.3-V LVTTL  ; 0 in              ; 0 H/in                  ; 0 F/in                  ; short         ; -                   ; open           ; open             ; open   ; 0 in             ; 0 H/in                 ; 0 F/in                 ; short        ; open          ; open            ; open  ; 0 V                 ; -                  ; n/a           ; n/a             ; n/a         ;
; HEX5[2]       ; 3.3-V LVTTL  ; 0 in              ; 0 H/in                  ; 0 F/in                  ; short         ; -                   ; open           ; open             ; open   ; 0 in             ; 0 H/in                 ; 0 F/in                 ; short        ; open          ; open            ; open  ; 0 V                 ; -                  ; n/a           ; n/a             ; n/a         ;
; HEX5[3]       ; 3.3-V LVTTL  ; 0 in              ; 0 H/in                  ; 0 F/in                  ; short         ; -                   ; open           ; open             ; open   ; 0 in             ; 0 H/in                 ; 0 F/in                 ; short        ; open          ; open            ; open  ; 0 V                 ; -                  ; n/a           ; n/a             ; n/a         ;
; HEX5[4]       ; 3.3-V LVTTL  ; 0 in              ; 0 H/in                  ; 0 F/in                  ; short         ; -                   ; open           ; open             ; open   ; 0 in             ; 0 H/in                 ; 0 F/in                 ; short        ; open          ; open            ; open  ; 0 V                 ; -                  ; n/a           ; n/a             ; n/a         ;
; HEX5[5]       ; 3.3-V LVTTL  ; 0 in              ; 0 H/in                  ; 0 F/in                  ; short         ; -                   ; open           ; open             ; open   ; 0 in             ; 0 H/in                 ; 0 F/in                 ; short        ; open          ; open            ; open  ; 0 V                 ; -                  ; n/a           ; n/a             ; n/a         ;
; HEX5[6]       ; 3.3-V LVTTL  ; 0 in              ; 0 H/in                  ; 0 F/in                  ; short         ; -                   ; open           ; open             ; open   ; 0 in             ; 0 H/in                 ; 0 F/in                 ; short        ; open          ; open            ; open  ; 0 V                 ; -                  ; n/a           ; n/a             ; n/a         ;
; HEX6[0]       ; 3.3-V LVTTL  ; 0 in              ; 0 H/in                  ; 0 F/in                  ; short         ; -                   ; open           ; open             ; open   ; 0 in             ; 0 H/in                 ; 0 F/in                 ; short        ; open          ; open            ; open  ; 0 V                 ; -                  ; n/a           ; n/a             ; n/a         ;
; HEX6[1]       ; 3.3-V LVTTL  ; 0 in              ; 0 H/in                  ; 0 F/in                  ; short         ; -                   ; open           ; open             ; open   ; 0 in             ; 0 H/in                 ; 0 F/in                 ; short        ; open          ; open            ; open  ; 0 V                 ; -                  ; n/a           ; n/a             ; n/a         ;
; HEX6[2]       ; 3.3-V LVTTL  ; 0 in              ; 0 H/in                  ; 0 F/in                  ; short         ; -                   ; open           ; open             ; open   ; 0 in             ; 0 H/in                 ; 0 F/in                 ; short        ; open          ; open            ; open  ; 0 V                 ; -                  ; n/a           ; n/a             ; n/a         ;
; HEX6[3]       ; 3.3-V LVTTL  ; 0 in              ; 0 H/in                  ; 0 F/in                  ; short         ; -                   ; open           ; open             ; open   ; 0 in             ; 0 H/in                 ; 0 F/in                 ; short        ; open          ; open            ; open  ; 0 V                 ; -                  ; n/a           ; n/a             ; n/a         ;
; HEX6[4]       ; 3.3-V LVTTL  ; 0 in              ; 0 H/in                  ; 0 F/in                  ; short         ; -                   ; open           ; open             ; open   ; 0 in             ; 0 H/in                 ; 0 F/in                 ; short        ; open          ; open            ; open  ; 0 V                 ; -                  ; n/a           ; n/a             ; n/a         ;
; HEX6[5]       ; 3.3-V LVTTL  ; 0 in              ; 0 H/in                  ; 0 F/in                  ; short         ; -                   ; open           ; open             ; open   ; 0 in             ; 0 H/in                 ; 0 F/in                 ; short        ; open          ; open            ; open  ; 0 V                 ; -                  ; n/a           ; n/a             ; n/a         ;
; HEX6[6]       ; 3.3-V LVTTL  ; 0 in              ; 0 H/in                  ; 0 F/in                  ; short         ; -                   ; open           ; open             ; open   ; 0 in             ; 0 H/in                 ; 0 F/in                 ; short        ; open          ; open            ; open  ; 0 V                 ; -                  ; n/a           ; n/a             ; n/a         ;
; HEX7[0]       ; 3.3-V LVTTL  ; 0 in              ; 0 H/in                  ; 0 F/in                  ; short         ; -                   ; open           ; open             ; open   ; 0 in             ; 0 H/in                 ; 0 F/in                 ; short        ; open          ; open            ; open  ; 0 V                 ; -                  ; n/a           ; n/a             ; n/a         ;
; HEX7[1]       ; 3.3-V LVTTL  ; 0 in              ; 0 H/in                  ; 0 F/in                  ; short         ; -                   ; open           ; open             ; open   ; 0 in             ; 0 H/in                 ; 0 F/in                 ; short        ; open          ; open            ; open  ; 0 V                 ; -                  ; n/a           ; n/a             ; n/a         ;
; HEX7[2]       ; 3.3-V LVTTL  ; 0 in              ; 0 H/in                  ; 0 F/in                  ; short         ; -                   ; open           ; open             ; open   ; 0 in             ; 0 H/in                 ; 0 F/in                 ; short        ; open          ; open            ; open  ; 0 V                 ; -                  ; n/a           ; n/a             ; n/a         ;
; HEX7[3]       ; 3.3-V LVTTL  ; 0 in              ; 0 H/in                  ; 0 F/in                  ; short         ; -                   ; open           ; open             ; open   ; 0 in             ; 0 H/in                 ; 0 F/in                 ; short        ; open          ; open            ; open  ; 0 V                 ; -                  ; n/a           ; n/a             ; n/a         ;
; HEX7[4]       ; 3.3-V LVTTL  ; 0 in              ; 0 H/in                  ; 0 F/in                  ; short         ; -                   ; open           ; open             ; open   ; 0 in             ; 0 H/in                 ; 0 F/in                 ; short        ; open          ; open            ; open  ; 0 V                 ; -                  ; n/a           ; n/a             ; n/a         ;
; HEX7[5]       ; 3.3-V LVTTL  ; 0 in              ; 0 H/in                  ; 0 F/in                  ; short         ; -                   ; open           ; open             ; open   ; 0 in             ; 0 H/in                 ; 0 F/in                 ; short        ; open          ; open            ; open  ; 0 V                 ; -                  ; n/a           ; n/a             ; n/a         ;
; HEX7[6]       ; 3.3-V LVTTL  ; 0 in              ; 0 H/in                  ; 0 F/in                  ; short         ; -                   ; open           ; open             ; open   ; 0 in             ; 0 H/in                 ; 0 F/in                 ; short        ; open          ; open            ; open  ; 0 V                 ; -                  ; n/a           ; n/a             ; n/a         ;
; ~ALTERA_DCLK~ ; 3.3-V LVTTL  ; 0 in              ; 0 H/in                  ; 0 F/in                  ; short         ; -                   ; open           ; open             ; open   ; 0 in             ; 0 H/in                 ; 0 F/in                 ; short        ; open          ; open            ; open  ; 0 V                 ; -                  ; n/a           ; n/a             ; n/a         ;
; ~ALTERA_nCEO~ ; 3.3-V LVTTL  ; 0 in              ; 0 H/in                  ; 0 F/in                  ; short         ; -                   ; open           ; open             ; open   ; 0 in             ; 0 H/in                 ; 0 F/in                 ; short        ; open          ; open            ; open  ; 0 V                 ; -                  ; n/a           ; n/a             ; n/a         ;
+---------------+--------------+-------------------+-------------------------+-------------------------+---------------+---------------------+----------------+------------------+--------+------------------+------------------------+------------------------+--------------+---------------+-----------------+-------+---------------------+--------------------+---------------+-----------------+-------------+


+----------------------------------------------------------------------------+
; Input Transition Times                                                     ;
+-------------------------+--------------+-----------------+-----------------+
; Pin                     ; I/O Standard ; 10-90 Rise Time ; 90-10 Fall Time ;
+-------------------------+--------------+-----------------+-----------------+
; CLOCK2_50               ; 3.3-V LVTTL  ; 2640 ps         ; 2640 ps         ;
; CLOCK3_50               ; 3.3-V LVTTL  ; 2640 ps         ; 2640 ps         ;
; KEY[1]                  ; 3.3-V LVTTL  ; 2640 ps         ; 2640 ps         ;
; KEY[2]                  ; 3.3-V LVTTL  ; 2640 ps         ; 2640 ps         ;
; KEY[3]                  ; 3.3-V LVTTL  ; 2640 ps         ; 2640 ps         ;
; KEY[0]                  ; 3.3-V LVTTL  ; 2640 ps         ; 2640 ps         ;
; CLOCK_50                ; 3.3-V LVTTL  ; 2640 ps         ; 2640 ps         ;
; SW[0]                   ; 3.3-V LVTTL  ; 2640 ps         ; 2640 ps         ;
; SW[1]                   ; 3.3-V LVTTL  ; 2640 ps         ; 2640 ps         ;
; SW[2]                   ; 3.3-V LVTTL  ; 2640 ps         ; 2640 ps         ;
; SW[3]                   ; 3.3-V LVTTL  ; 2640 ps         ; 2640 ps         ;
; SW[4]                   ; 3.3-V LVTTL  ; 2640 ps         ; 2640 ps         ;
; SW[5]                   ; 3.3-V LVTTL  ; 2640 ps         ; 2640 ps         ;
; SW[6]                   ; 3.3-V LVTTL  ; 2640 ps         ; 2640 ps         ;
; SW[7]                   ; 3.3-V LVTTL  ; 2640 ps         ; 2640 ps         ;
; SW[8]                   ; 3.3-V LVTTL  ; 2640 ps         ; 2640 ps         ;
; SW[9]                   ; 3.3-V LVTTL  ; 2640 ps         ; 2640 ps         ;
; SW[10]                  ; 3.3-V LVTTL  ; 2640 ps         ; 2640 ps         ;
; SW[11]                  ; 3.3-V LVTTL  ; 2640 ps         ; 2640 ps         ;
; SW[12]                  ; 3.3-V LVTTL  ; 2640 ps         ; 2640 ps         ;
; SW[13]                  ; 3.3-V LVTTL  ; 2640 ps         ; 2640 ps         ;
; SW[14]                  ; 3.3-V LVTTL  ; 2640 ps         ; 2640 ps         ;
; SW[15]                  ; 3.3-V LVTTL  ; 2640 ps         ; 2640 ps         ;
; SW[16]                  ; 3.3-V LVTTL  ; 2640 ps         ; 2640 ps         ;
; SW[17]                  ; 3.3-V LVTTL  ; 2640 ps         ; 2640 ps         ;
; ~ALTERA_ASDO_DATA1~     ; 3.3-V LVTTL  ; 2640 ps         ; 2640 ps         ;
; ~ALTERA_FLASH_nCE_nCSO~ ; 3.3-V LVTTL  ; 2640 ps         ; 2640 ps         ;
; ~ALTERA_DATA0~          ; 3.3-V LVTTL  ; 2640 ps         ; 2640 ps         ;
+-------------------------+--------------+-----------------+-----------------+


+--------------------------------------------------------------------------------------------------------------------------------------------------------------------------------------------------------------------------------------------------------------------------------------------------------------------------------------------------------------------------------------------------------------------------------------------------------------------------------------------------------------------------------------------------------------------------------------------------------------------------------------------------------------------------------------------+
; Signal Integrity Metrics (Slow 1200mv 0c Model)                                                                                                                                                                                                                                                                                                                                                                                                                                                                                                                                                                                                                                            ;
+---------------+--------------+---------------------+---------------------+------------------------------+------------------------------+---------------------+---------------------+--------------------------------------+--------------------------------------+-----------------------------+-----------------------------+----------------------------+----------------------------+-----------------------------+-----------------------------+--------------------+--------------------+-------------------------------------+-------------------------------------+----------------------------+----------------------------+---------------------------+---------------------------+
; Pin           ; I/O Standard ; Board Delay on Rise ; Board Delay on Fall ; Steady State Voh at FPGA Pin ; Steady State Vol at FPGA Pin ; Voh Max at FPGA Pin ; Vol Min at FPGA Pin ; Ringback Voltage on Rise at FPGA Pin ; Ringback Voltage on Fall at FPGA Pin ; 10-90 Rise Time at FPGA Pin ; 90-10 Fall Time at FPGA Pin ; Monotonic Rise at FPGA Pin ; Monotonic Fall at FPGA Pin ; Steady State Voh at Far-end ; Steady State Vol at Far-end ; Voh Max at Far-end ; Vol Min at Far-end ; Ringback Voltage on Rise at Far-end ; Ringback Voltage on Fall at Far-end ; 10-90 Rise Time at Far-end ; 90-10 Fall Time at Far-end ; Monotonic Rise at Far-end ; Monotonic Fall at Far-end ;
+---------------+--------------+---------------------+---------------------+------------------------------+------------------------------+---------------------+---------------------+--------------------------------------+--------------------------------------+-----------------------------+-----------------------------+----------------------------+----------------------------+-----------------------------+-----------------------------+--------------------+--------------------+-------------------------------------+-------------------------------------+----------------------------+----------------------------+---------------------------+---------------------------+
; LEDG[0]       ; 2.5 V        ; 0 s                 ; 0 s                 ; 2.32 V                       ; 4.49e-09 V                   ; 2.38 V              ; -0.00552 V          ; 0.096 V                              ; 0.019 V                              ; 4.18e-10 s                  ; 3.59e-10 s                  ; No                         ; Yes                        ; 2.32 V                      ; 4.49e-09 V                  ; 2.38 V             ; -0.00552 V         ; 0.096 V                             ; 0.019 V                             ; 4.18e-10 s                 ; 3.59e-10 s                 ; No                        ; Yes                       ;
; LEDG[1]       ; 2.5 V        ; 0 s                 ; 0 s                 ; 2.32 V                       ; 4.49e-09 V                   ; 2.38 V              ; -0.00552 V          ; 0.096 V                              ; 0.019 V                              ; 4.18e-10 s                  ; 3.59e-10 s                  ; No                         ; Yes                        ; 2.32 V                      ; 4.49e-09 V                  ; 2.38 V             ; -0.00552 V         ; 0.096 V                             ; 0.019 V                             ; 4.18e-10 s                 ; 3.59e-10 s                 ; No                        ; Yes                       ;
; LEDG[2]       ; 2.5 V        ; 0 s                 ; 0 s                 ; 2.32 V                       ; 4.49e-09 V                   ; 2.38 V              ; -0.00552 V          ; 0.096 V                              ; 0.019 V                              ; 4.18e-10 s                  ; 3.59e-10 s                  ; No                         ; Yes                        ; 2.32 V                      ; 4.49e-09 V                  ; 2.38 V             ; -0.00552 V         ; 0.096 V                             ; 0.019 V                             ; 4.18e-10 s                 ; 3.59e-10 s                 ; No                        ; Yes                       ;
; LEDG[3]       ; 2.5 V        ; 0 s                 ; 0 s                 ; 2.32 V                       ; 4.49e-09 V                   ; 2.38 V              ; -0.00552 V          ; 0.096 V                              ; 0.019 V                              ; 4.18e-10 s                  ; 3.59e-10 s                  ; No                         ; Yes                        ; 2.32 V                      ; 4.49e-09 V                  ; 2.38 V             ; -0.00552 V         ; 0.096 V                             ; 0.019 V                             ; 4.18e-10 s                 ; 3.59e-10 s                 ; No                        ; Yes                       ;
; LEDG[4]       ; 2.5 V        ; 0 s                 ; 0 s                 ; 2.32 V                       ; 4.49e-09 V                   ; 2.38 V              ; -0.00552 V          ; 0.096 V                              ; 0.019 V                              ; 4.18e-10 s                  ; 3.59e-10 s                  ; No                         ; Yes                        ; 2.32 V                      ; 4.49e-09 V                  ; 2.38 V             ; -0.00552 V         ; 0.096 V                             ; 0.019 V                             ; 4.18e-10 s                 ; 3.59e-10 s                 ; No                        ; Yes                       ;
; LEDG[5]       ; 2.5 V        ; 0 s                 ; 0 s                 ; 2.32 V                       ; 4.49e-09 V                   ; 2.38 V              ; -0.00552 V          ; 0.096 V                              ; 0.019 V                              ; 4.18e-10 s                  ; 3.59e-10 s                  ; No                         ; Yes                        ; 2.32 V                      ; 4.49e-09 V                  ; 2.38 V             ; -0.00552 V         ; 0.096 V                             ; 0.019 V                             ; 4.18e-10 s                 ; 3.59e-10 s                 ; No                        ; Yes                       ;
; LEDG[6]       ; 2.5 V        ; 0 s                 ; 0 s                 ; 2.32 V                       ; 4.49e-09 V                   ; 2.38 V              ; -0.00552 V          ; 0.096 V                              ; 0.019 V                              ; 4.18e-10 s                  ; 3.59e-10 s                  ; No                         ; Yes                        ; 2.32 V                      ; 4.49e-09 V                  ; 2.38 V             ; -0.00552 V         ; 0.096 V                             ; 0.019 V                             ; 4.18e-10 s                 ; 3.59e-10 s                 ; No                        ; Yes                       ;
; LEDG[7]       ; 2.5 V        ; 0 s                 ; 0 s                 ; 2.32 V                       ; 4.49e-09 V                   ; 2.38 V              ; -0.00552 V          ; 0.096 V                              ; 0.019 V                              ; 4.18e-10 s                  ; 3.59e-10 s                  ; No                         ; Yes                        ; 2.32 V                      ; 4.49e-09 V                  ; 2.38 V             ; -0.00552 V         ; 0.096 V                             ; 0.019 V                             ; 4.18e-10 s                 ; 3.59e-10 s                 ; No                        ; Yes                       ;
; LEDG[8]       ; 2.5 V        ; 0 s                 ; 0 s                 ; 2.32 V                       ; 4.49e-09 V                   ; 2.38 V              ; -0.00552 V          ; 0.096 V                              ; 0.019 V                              ; 4.18e-10 s                  ; 3.59e-10 s                  ; No                         ; Yes                        ; 2.32 V                      ; 4.49e-09 V                  ; 2.38 V             ; -0.00552 V         ; 0.096 V                             ; 0.019 V                             ; 4.18e-10 s                 ; 3.59e-10 s                 ; No                        ; Yes                       ;
; LEDR[0]       ; 2.5 V        ; 0 s                 ; 0 s                 ; 2.32 V                       ; 4.49e-09 V                   ; 2.38 V              ; -0.00552 V          ; 0.096 V                              ; 0.019 V                              ; 4.18e-10 s                  ; 3.59e-10 s                  ; No                         ; Yes                        ; 2.32 V                      ; 4.49e-09 V                  ; 2.38 V             ; -0.00552 V         ; 0.096 V                             ; 0.019 V                             ; 4.18e-10 s                 ; 3.59e-10 s                 ; No                        ; Yes                       ;
; LEDR[1]       ; 2.5 V        ; 0 s                 ; 0 s                 ; 2.32 V                       ; 4.49e-09 V                   ; 2.38 V              ; -0.00552 V          ; 0.096 V                              ; 0.019 V                              ; 4.18e-10 s                  ; 3.59e-10 s                  ; No                         ; Yes                        ; 2.32 V                      ; 4.49e-09 V                  ; 2.38 V             ; -0.00552 V         ; 0.096 V                             ; 0.019 V                             ; 4.18e-10 s                 ; 3.59e-10 s                 ; No                        ; Yes                       ;
; LEDR[2]       ; 2.5 V        ; 0 s                 ; 0 s                 ; 2.32 V                       ; 4.49e-09 V                   ; 2.38 V              ; -0.00552 V          ; 0.096 V                              ; 0.019 V                              ; 4.18e-10 s                  ; 3.59e-10 s                  ; No                         ; Yes                        ; 2.32 V                      ; 4.49e-09 V                  ; 2.38 V             ; -0.00552 V         ; 0.096 V                             ; 0.019 V                             ; 4.18e-10 s                 ; 3.59e-10 s                 ; No                        ; Yes                       ;
; LEDR[3]       ; 2.5 V        ; 0 s                 ; 0 s                 ; 2.32 V                       ; 4.49e-09 V                   ; 2.38 V              ; -0.00552 V          ; 0.096 V                              ; 0.019 V                              ; 4.18e-10 s                  ; 3.59e-10 s                  ; No                         ; Yes                        ; 2.32 V                      ; 4.49e-09 V                  ; 2.38 V             ; -0.00552 V         ; 0.096 V                             ; 0.019 V                             ; 4.18e-10 s                 ; 3.59e-10 s                 ; No                        ; Yes                       ;
; LEDR[4]       ; 2.5 V        ; 0 s                 ; 0 s                 ; 2.32 V                       ; 4.49e-09 V                   ; 2.38 V              ; -0.00552 V          ; 0.096 V                              ; 0.019 V                              ; 4.18e-10 s                  ; 3.59e-10 s                  ; No                         ; Yes                        ; 2.32 V                      ; 4.49e-09 V                  ; 2.38 V             ; -0.00552 V         ; 0.096 V                             ; 0.019 V                             ; 4.18e-10 s                 ; 3.59e-10 s                 ; No                        ; Yes                       ;
; LEDR[5]       ; 2.5 V        ; 0 s                 ; 0 s                 ; 2.32 V                       ; 4.49e-09 V                   ; 2.38 V              ; -0.00552 V          ; 0.096 V                              ; 0.019 V                              ; 4.18e-10 s                  ; 3.59e-10 s                  ; No                         ; Yes                        ; 2.32 V                      ; 4.49e-09 V                  ; 2.38 V             ; -0.00552 V         ; 0.096 V                             ; 0.019 V                             ; 4.18e-10 s                 ; 3.59e-10 s                 ; No                        ; Yes                       ;
; LEDR[6]       ; 2.5 V        ; 0 s                 ; 0 s                 ; 2.32 V                       ; 4.49e-09 V                   ; 2.38 V              ; -0.00552 V          ; 0.096 V                              ; 0.019 V                              ; 4.18e-10 s                  ; 3.59e-10 s                  ; No                         ; Yes                        ; 2.32 V                      ; 4.49e-09 V                  ; 2.38 V             ; -0.00552 V         ; 0.096 V                             ; 0.019 V                             ; 4.18e-10 s                 ; 3.59e-10 s                 ; No                        ; Yes                       ;
; LEDR[7]       ; 2.5 V        ; 0 s                 ; 0 s                 ; 2.32 V                       ; 4.49e-09 V                   ; 2.38 V              ; -0.00552 V          ; 0.096 V                              ; 0.019 V                              ; 4.18e-10 s                  ; 3.59e-10 s                  ; No                         ; Yes                        ; 2.32 V                      ; 4.49e-09 V                  ; 2.38 V             ; -0.00552 V         ; 0.096 V                             ; 0.019 V                             ; 4.18e-10 s                 ; 3.59e-10 s                 ; No                        ; Yes                       ;
; LEDR[8]       ; 2.5 V        ; 0 s                 ; 0 s                 ; 2.32 V                       ; 4.49e-09 V                   ; 2.38 V              ; -0.00552 V          ; 0.096 V                              ; 0.019 V                              ; 4.18e-10 s                  ; 3.59e-10 s                  ; No                         ; Yes                        ; 2.32 V                      ; 4.49e-09 V                  ; 2.38 V             ; -0.00552 V         ; 0.096 V                             ; 0.019 V                             ; 4.18e-10 s                 ; 3.59e-10 s                 ; No                        ; Yes                       ;
; LEDR[9]       ; 2.5 V        ; 0 s                 ; 0 s                 ; 2.32 V                       ; 4.49e-09 V                   ; 2.33 V              ; -0.00467 V          ; 0.226 V                              ; 0.087 V                              ; 2.91e-09 s                  ; 2.74e-09 s                  ; Yes                        ; Yes                        ; 2.32 V                      ; 4.49e-09 V                  ; 2.33 V             ; -0.00467 V         ; 0.226 V                             ; 0.087 V                             ; 2.91e-09 s                 ; 2.74e-09 s                 ; Yes                       ; Yes                       ;
; LEDR[10]      ; 2.5 V        ; 0 s                 ; 0 s                 ; 2.32 V                       ; 4.49e-09 V                   ; 2.38 V              ; -0.00552 V          ; 0.096 V                              ; 0.019 V                              ; 4.18e-10 s                  ; 3.59e-10 s                  ; No                         ; Yes                        ; 2.32 V                      ; 4.49e-09 V                  ; 2.38 V             ; -0.00552 V         ; 0.096 V                             ; 0.019 V                             ; 4.18e-10 s                 ; 3.59e-10 s                 ; No                        ; Yes                       ;
; LEDR[11]      ; 2.5 V        ; 0 s                 ; 0 s                 ; 2.32 V                       ; 4.49e-09 V                   ; 2.38 V              ; -0.00552 V          ; 0.096 V                              ; 0.019 V                              ; 4.18e-10 s                  ; 3.59e-10 s                  ; No                         ; Yes                        ; 2.32 V                      ; 4.49e-09 V                  ; 2.38 V             ; -0.00552 V         ; 0.096 V                             ; 0.019 V                             ; 4.18e-10 s                 ; 3.59e-10 s                 ; No                        ; Yes                       ;
; LEDR[12]      ; 2.5 V        ; 0 s                 ; 0 s                 ; 2.32 V                       ; 4.49e-09 V                   ; 2.38 V              ; -0.00552 V          ; 0.096 V                              ; 0.019 V                              ; 4.18e-10 s                  ; 3.59e-10 s                  ; No                         ; Yes                        ; 2.32 V                      ; 4.49e-09 V                  ; 2.38 V             ; -0.00552 V         ; 0.096 V                             ; 0.019 V                             ; 4.18e-10 s                 ; 3.59e-10 s                 ; No                        ; Yes                       ;
; LEDR[13]      ; 2.5 V        ; 0 s                 ; 0 s                 ; 2.32 V                       ; 4.49e-09 V                   ; 2.38 V              ; -0.00552 V          ; 0.096 V                              ; 0.019 V                              ; 4.18e-10 s                  ; 3.59e-10 s                  ; No                         ; Yes                        ; 2.32 V                      ; 4.49e-09 V                  ; 2.38 V             ; -0.00552 V         ; 0.096 V                             ; 0.019 V                             ; 4.18e-10 s                 ; 3.59e-10 s                 ; No                        ; Yes                       ;
; LEDR[14]      ; 2.5 V        ; 0 s                 ; 0 s                 ; 2.32 V                       ; 4.49e-09 V                   ; 2.38 V              ; -0.00552 V          ; 0.096 V                              ; 0.019 V                              ; 4.18e-10 s                  ; 3.59e-10 s                  ; No                         ; Yes                        ; 2.32 V                      ; 4.49e-09 V                  ; 2.38 V             ; -0.00552 V         ; 0.096 V                             ; 0.019 V                             ; 4.18e-10 s                 ; 3.59e-10 s                 ; No                        ; Yes                       ;
; LEDR[15]      ; 2.5 V        ; 0 s                 ; 0 s                 ; 2.32 V                       ; 4.49e-09 V                   ; 2.33 V              ; -0.00467 V          ; 0.226 V                              ; 0.087 V                              ; 2.91e-09 s                  ; 2.74e-09 s                  ; Yes                        ; Yes                        ; 2.32 V                      ; 4.49e-09 V                  ; 2.33 V             ; -0.00467 V         ; 0.226 V                             ; 0.087 V                             ; 2.91e-09 s                 ; 2.74e-09 s                 ; Yes                       ; Yes                       ;
; LEDR[16]      ; 2.5 V        ; 0 s                 ; 0 s                 ; 2.32 V                       ; 4.49e-09 V                   ; 2.38 V              ; -0.00552 V          ; 0.096 V                              ; 0.019 V                              ; 4.18e-10 s                  ; 3.59e-10 s                  ; No                         ; Yes                        ; 2.32 V                      ; 4.49e-09 V                  ; 2.38 V             ; -0.00552 V         ; 0.096 V                             ; 0.019 V                             ; 4.18e-10 s                 ; 3.59e-10 s                 ; No                        ; Yes                       ;
; LEDR[17]      ; 2.5 V        ; 0 s                 ; 0 s                 ; 2.32 V                       ; 4.49e-09 V                   ; 2.38 V              ; -0.00552 V          ; 0.096 V                              ; 0.019 V                              ; 4.18e-10 s                  ; 3.59e-10 s                  ; No                         ; Yes                        ; 2.32 V                      ; 4.49e-09 V                  ; 2.38 V             ; -0.00552 V         ; 0.096 V                             ; 0.019 V                             ; 4.18e-10 s                 ; 3.59e-10 s                 ; No                        ; Yes                       ;
; HEX0[0]       ; 2.5 V        ; 0 s                 ; 0 s                 ; 2.32 V                       ; 4.49e-09 V                   ; 2.38 V              ; -0.00552 V          ; 0.096 V                              ; 0.019 V                              ; 4.18e-10 s                  ; 3.59e-10 s                  ; No                         ; Yes                        ; 2.32 V                      ; 4.49e-09 V                  ; 2.38 V             ; -0.00552 V         ; 0.096 V                             ; 0.019 V                             ; 4.18e-10 s                 ; 3.59e-10 s                 ; No                        ; Yes                       ;
; HEX0[1]       ; 2.5 V        ; 0 s                 ; 0 s                 ; 2.32 V                       ; 4.49e-09 V                   ; 2.33 V              ; -0.00467 V          ; 0.226 V                              ; 0.087 V                              ; 2.91e-09 s                  ; 2.74e-09 s                  ; Yes                        ; Yes                        ; 2.32 V                      ; 4.49e-09 V                  ; 2.33 V             ; -0.00467 V         ; 0.226 V                             ; 0.087 V                             ; 2.91e-09 s                 ; 2.74e-09 s                 ; Yes                       ; Yes                       ;
; HEX0[2]       ; 2.5 V        ; 0 s                 ; 0 s                 ; 2.32 V                       ; 4.49e-09 V                   ; 2.38 V              ; -0.00552 V          ; 0.096 V                              ; 0.019 V                              ; 4.18e-10 s                  ; 3.59e-10 s                  ; No                         ; Yes                        ; 2.32 V                      ; 4.49e-09 V                  ; 2.38 V             ; -0.00552 V         ; 0.096 V                             ; 0.019 V                             ; 4.18e-10 s                 ; 3.59e-10 s                 ; No                        ; Yes                       ;
; HEX0[3]       ; 3.3-V LVTTL  ; 0 s                 ; 0 s                 ; 3.08 V                       ; 1.11e-08 V                   ; 3.14 V              ; -0.118 V            ; 0.311 V                              ; 0.245 V                              ; 5.04e-10 s                  ; 4.36e-10 s                  ; No                         ; No                         ; 3.08 V                      ; 1.11e-08 V                  ; 3.14 V             ; -0.118 V           ; 0.311 V                             ; 0.245 V                             ; 5.04e-10 s                 ; 4.36e-10 s                 ; No                        ; No                        ;
; HEX0[4]       ; 3.3-V LVTTL  ; 0 s                 ; 0 s                 ; 3.08 V                       ; 1.11e-08 V                   ; 3.14 V              ; -0.118 V            ; 0.311 V                              ; 0.245 V                              ; 5.04e-10 s                  ; 4.36e-10 s                  ; No                         ; No                         ; 3.08 V                      ; 1.11e-08 V                  ; 3.14 V             ; -0.118 V           ; 0.311 V                             ; 0.245 V                             ; 5.04e-10 s                 ; 4.36e-10 s                 ; No                        ; No                        ;
; HEX0[5]       ; 3.3-V LVTTL  ; 0 s                 ; 0 s                 ; 3.08 V                       ; 1.11e-08 V                   ; 3.09 V              ; -0.0117 V           ; 0.268 V                              ; 0.262 V                              ; 4.74e-09 s                  ; 3.5e-09 s                   ; No                         ; No                         ; 3.08 V                      ; 1.11e-08 V                  ; 3.09 V             ; -0.0117 V          ; 0.268 V                             ; 0.262 V                             ; 4.74e-09 s                 ; 3.5e-09 s                  ; No                        ; No                        ;
; HEX0[6]       ; 3.3-V LVTTL  ; 0 s                 ; 0 s                 ; 3.08 V                       ; 1.11e-08 V                   ; 3.14 V              ; -0.118 V            ; 0.311 V                              ; 0.245 V                              ; 5.04e-10 s                  ; 4.36e-10 s                  ; No                         ; No                         ; 3.08 V                      ; 1.11e-08 V                  ; 3.14 V             ; -0.118 V           ; 0.311 V                             ; 0.245 V                             ; 5.04e-10 s                 ; 4.36e-10 s                 ; No                        ; No                        ;
; HEX1[0]       ; 3.3-V LVTTL  ; 0 s                 ; 0 s                 ; 3.08 V                       ; 1.11e-08 V                   ; 3.14 V              ; -0.118 V            ; 0.311 V                              ; 0.245 V                              ; 5.04e-10 s                  ; 4.36e-10 s                  ; No                         ; No                         ; 3.08 V                      ; 1.11e-08 V                  ; 3.14 V             ; -0.118 V           ; 0.311 V                             ; 0.245 V                             ; 5.04e-10 s                 ; 4.36e-10 s                 ; No                        ; No                        ;
; HEX1[1]       ; 3.3-V LVTTL  ; 0 s                 ; 0 s                 ; 3.08 V                       ; 1.11e-08 V                   ; 3.13 V              ; -0.0798 V           ; 0.192 V                              ; 0.22 V                               ; 8.68e-10 s                  ; 6.46e-10 s                  ; No                         ; No                         ; 3.08 V                      ; 1.11e-08 V                  ; 3.13 V             ; -0.0798 V          ; 0.192 V                             ; 0.22 V                              ; 8.68e-10 s                 ; 6.46e-10 s                 ; No                        ; No                        ;
; HEX1[2]       ; 3.3-V LVTTL  ; 0 s                 ; 0 s                 ; 3.08 V                       ; 1.11e-08 V                   ; 3.13 V              ; -0.0798 V           ; 0.192 V                              ; 0.22 V                               ; 8.68e-10 s                  ; 6.46e-10 s                  ; No                         ; No                         ; 3.08 V                      ; 1.11e-08 V                  ; 3.13 V             ; -0.0798 V          ; 0.192 V                             ; 0.22 V                              ; 8.68e-10 s                 ; 6.46e-10 s                 ; No                        ; No                        ;
; HEX1[3]       ; 3.3-V LVTTL  ; 0 s                 ; 0 s                 ; 3.08 V                       ; 1.11e-08 V                   ; 3.13 V              ; -0.0798 V           ; 0.192 V                              ; 0.22 V                               ; 8.68e-10 s                  ; 6.46e-10 s                  ; No                         ; No                         ; 3.08 V                      ; 1.11e-08 V                  ; 3.13 V             ; -0.0798 V          ; 0.192 V                             ; 0.22 V                              ; 8.68e-10 s                 ; 6.46e-10 s                 ; No                        ; No                        ;
; HEX1[4]       ; 3.3-V LVTTL  ; 0 s                 ; 0 s                 ; 3.08 V                       ; 1.11e-08 V                   ; 3.13 V              ; -0.0798 V           ; 0.192 V                              ; 0.22 V                               ; 8.68e-10 s                  ; 6.46e-10 s                  ; No                         ; No                         ; 3.08 V                      ; 1.11e-08 V                  ; 3.13 V             ; -0.0798 V          ; 0.192 V                             ; 0.22 V                              ; 8.68e-10 s                 ; 6.46e-10 s                 ; No                        ; No                        ;
; HEX1[5]       ; 3.3-V LVTTL  ; 0 s                 ; 0 s                 ; 3.08 V                       ; 1.11e-08 V                   ; 3.09 V              ; -0.0117 V           ; 0.268 V                              ; 0.262 V                              ; 4.74e-09 s                  ; 3.5e-09 s                   ; No                         ; No                         ; 3.08 V                      ; 1.11e-08 V                  ; 3.09 V             ; -0.0117 V          ; 0.268 V                             ; 0.262 V                             ; 4.74e-09 s                 ; 3.5e-09 s                  ; No                        ; No                        ;
; HEX1[6]       ; 3.3-V LVTTL  ; 0 s                 ; 0 s                 ; 3.08 V                       ; 1.11e-08 V                   ; 3.09 V              ; -0.0117 V           ; 0.268 V                              ; 0.262 V                              ; 4.74e-09 s                  ; 3.5e-09 s                   ; No                         ; No                         ; 3.08 V                      ; 1.11e-08 V                  ; 3.09 V             ; -0.0117 V          ; 0.268 V                             ; 0.262 V                             ; 4.74e-09 s                 ; 3.5e-09 s                  ; No                        ; No                        ;
; HEX2[0]       ; 3.3-V LVTTL  ; 0 s                 ; 0 s                 ; 3.08 V                       ; 1.11e-08 V                   ; 3.13 V              ; -0.0798 V           ; 0.192 V                              ; 0.22 V                               ; 8.68e-10 s                  ; 6.46e-10 s                  ; No                         ; No                         ; 3.08 V                      ; 1.11e-08 V                  ; 3.13 V             ; -0.0798 V          ; 0.192 V                             ; 0.22 V                              ; 8.68e-10 s                 ; 6.46e-10 s                 ; No                        ; No                        ;
; HEX2[1]       ; 3.3-V LVTTL  ; 0 s                 ; 0 s                 ; 3.08 V                       ; 1.11e-08 V                   ; 3.13 V              ; -0.0798 V           ; 0.192 V                              ; 0.22 V                               ; 8.68e-10 s                  ; 6.46e-10 s                  ; No                         ; No                         ; 3.08 V                      ; 1.11e-08 V                  ; 3.13 V             ; -0.0798 V          ; 0.192 V                             ; 0.22 V                              ; 8.68e-10 s                 ; 6.46e-10 s                 ; No                        ; No                        ;
; HEX2[2]       ; 3.3-V LVTTL  ; 0 s                 ; 0 s                 ; 3.08 V                       ; 1.11e-08 V                   ; 3.13 V              ; -0.0798 V           ; 0.192 V                              ; 0.22 V                               ; 8.68e-10 s                  ; 6.46e-10 s                  ; No                         ; No                         ; 3.08 V                      ; 1.11e-08 V                  ; 3.13 V             ; -0.0798 V          ; 0.192 V                             ; 0.22 V                              ; 8.68e-10 s                 ; 6.46e-10 s                 ; No                        ; No                        ;
; HEX2[3]       ; 3.3-V LVTTL  ; 0 s                 ; 0 s                 ; 3.08 V                       ; 1.11e-08 V                   ; 3.13 V              ; -0.0798 V           ; 0.192 V                              ; 0.22 V                               ; 8.68e-10 s                  ; 6.46e-10 s                  ; No                         ; No                         ; 3.08 V                      ; 1.11e-08 V                  ; 3.13 V             ; -0.0798 V          ; 0.192 V                             ; 0.22 V                              ; 8.68e-10 s                 ; 6.46e-10 s                 ; No                        ; No                        ;
; HEX2[4]       ; 3.3-V LVTTL  ; 0 s                 ; 0 s                 ; 3.08 V                       ; 1.11e-08 V                   ; 3.13 V              ; -0.0798 V           ; 0.192 V                              ; 0.22 V                               ; 8.68e-10 s                  ; 6.46e-10 s                  ; No                         ; No                         ; 3.08 V                      ; 1.11e-08 V                  ; 3.13 V             ; -0.0798 V          ; 0.192 V                             ; 0.22 V                              ; 8.68e-10 s                 ; 6.46e-10 s                 ; No                        ; No                        ;
; HEX2[5]       ; 3.3-V LVTTL  ; 0 s                 ; 0 s                 ; 3.08 V                       ; 1.11e-08 V                   ; 3.13 V              ; -0.0798 V           ; 0.192 V                              ; 0.22 V                               ; 8.68e-10 s                  ; 6.46e-10 s                  ; No                         ; No                         ; 3.08 V                      ; 1.11e-08 V                  ; 3.13 V             ; -0.0798 V          ; 0.192 V                             ; 0.22 V                              ; 8.68e-10 s                 ; 6.46e-10 s                 ; No                        ; No                        ;
; HEX2[6]       ; 3.3-V LVTTL  ; 0 s                 ; 0 s                 ; 3.08 V                       ; 1.11e-08 V                   ; 3.13 V              ; -0.0798 V           ; 0.192 V                              ; 0.22 V                               ; 8.68e-10 s                  ; 6.46e-10 s                  ; No                         ; No                         ; 3.08 V                      ; 1.11e-08 V                  ; 3.13 V             ; -0.0798 V          ; 0.192 V                             ; 0.22 V                              ; 8.68e-10 s                 ; 6.46e-10 s                 ; No                        ; No                        ;
; HEX3[0]       ; 3.3-V LVTTL  ; 0 s                 ; 0 s                 ; 3.08 V                       ; 1.11e-08 V                   ; 3.13 V              ; -0.0798 V           ; 0.192 V                              ; 0.22 V                               ; 8.68e-10 s                  ; 6.46e-10 s                  ; No                         ; No                         ; 3.08 V                      ; 1.11e-08 V                  ; 3.13 V             ; -0.0798 V          ; 0.192 V                             ; 0.22 V                              ; 8.68e-10 s                 ; 6.46e-10 s                 ; No                        ; No                        ;
; HEX3[1]       ; 3.3-V LVTTL  ; 0 s                 ; 0 s                 ; 3.08 V                       ; 1.11e-08 V                   ; 3.14 V              ; -0.118 V            ; 0.311 V                              ; 0.245 V                              ; 5.04e-10 s                  ; 4.36e-10 s                  ; No                         ; No                         ; 3.08 V                      ; 1.11e-08 V                  ; 3.14 V             ; -0.118 V           ; 0.311 V                             ; 0.245 V                             ; 5.04e-10 s                 ; 4.36e-10 s                 ; No                        ; No                        ;
; HEX3[2]       ; 3.3-V LVTTL  ; 0 s                 ; 0 s                 ; 3.08 V                       ; 1.58e-08 V                   ; 3.09 V              ; -0.012 V            ; 0.232 V                              ; 0.268 V                              ; 4.75e-09 s                  ; 3.5e-09 s                   ; Yes                        ; No                         ; 3.08 V                      ; 1.58e-08 V                  ; 3.09 V             ; -0.012 V           ; 0.232 V                             ; 0.268 V                             ; 4.75e-09 s                 ; 3.5e-09 s                  ; Yes                       ; No                        ;
; HEX3[3]       ; 3.3-V LVTTL  ; 0 s                 ; 0 s                 ; 3.08 V                       ; 1.58e-08 V                   ; 3.13 V              ; -0.117 V            ; 0.143 V                              ; 0.259 V                              ; 6.22e-10 s                  ; 4.46e-10 s                  ; No                         ; No                         ; 3.08 V                      ; 1.58e-08 V                  ; 3.13 V             ; -0.117 V           ; 0.143 V                             ; 0.259 V                             ; 6.22e-10 s                 ; 4.46e-10 s                 ; No                        ; No                        ;
; HEX3[4]       ; 3.3-V LVTTL  ; 0 s                 ; 0 s                 ; 3.08 V                       ; 1.58e-08 V                   ; 3.13 V              ; -0.117 V            ; 0.143 V                              ; 0.259 V                              ; 6.22e-10 s                  ; 4.46e-10 s                  ; No                         ; No                         ; 3.08 V                      ; 1.58e-08 V                  ; 3.13 V             ; -0.117 V           ; 0.143 V                             ; 0.259 V                             ; 6.22e-10 s                 ; 4.46e-10 s                 ; No                        ; No                        ;
; HEX3[5]       ; 3.3-V LVTTL  ; 0 s                 ; 0 s                 ; 3.08 V                       ; 1.58e-08 V                   ; 3.13 V              ; -0.117 V            ; 0.143 V                              ; 0.259 V                              ; 6.22e-10 s                  ; 4.46e-10 s                  ; No                         ; No                         ; 3.08 V                      ; 1.58e-08 V                  ; 3.13 V             ; -0.117 V           ; 0.143 V                             ; 0.259 V                             ; 6.22e-10 s                 ; 4.46e-10 s                 ; No                        ; No                        ;
; HEX3[6]       ; 3.3-V LVTTL  ; 0 s                 ; 0 s                 ; 3.08 V                       ; 1.58e-08 V                   ; 3.13 V              ; -0.117 V            ; 0.143 V                              ; 0.259 V                              ; 6.22e-10 s                  ; 4.46e-10 s                  ; No                         ; No                         ; 3.08 V                      ; 1.58e-08 V                  ; 3.13 V             ; -0.117 V           ; 0.143 V                             ; 0.259 V                             ; 6.22e-10 s                 ; 4.46e-10 s                 ; No                        ; No                        ;
; HEX4[0]       ; 3.3-V LVTTL  ; 0 s                 ; 0 s                 ; 3.08 V                       ; 1.58e-08 V                   ; 3.13 V              ; -0.117 V            ; 0.143 V                              ; 0.259 V                              ; 6.22e-10 s                  ; 4.46e-10 s                  ; No                         ; No                         ; 3.08 V                      ; 1.58e-08 V                  ; 3.13 V             ; -0.117 V           ; 0.143 V                             ; 0.259 V                             ; 6.22e-10 s                 ; 4.46e-10 s                 ; No                        ; No                        ;
; HEX4[1]       ; 3.3-V LVTTL  ; 0 s                 ; 0 s                 ; 3.08 V                       ; 1.58e-08 V                   ; 3.13 V              ; -0.117 V            ; 0.143 V                              ; 0.259 V                              ; 6.22e-10 s                  ; 4.46e-10 s                  ; No                         ; No                         ; 3.08 V                      ; 1.58e-08 V                  ; 3.13 V             ; -0.117 V           ; 0.143 V                             ; 0.259 V                             ; 6.22e-10 s                 ; 4.46e-10 s                 ; No                        ; No                        ;
; HEX4[2]       ; 3.3-V LVTTL  ; 0 s                 ; 0 s                 ; 3.08 V                       ; 1.58e-08 V                   ; 3.13 V              ; -0.117 V            ; 0.143 V                              ; 0.259 V                              ; 6.22e-10 s                  ; 4.46e-10 s                  ; No                         ; No                         ; 3.08 V                      ; 1.58e-08 V                  ; 3.13 V             ; -0.117 V           ; 0.143 V                             ; 0.259 V                             ; 6.22e-10 s                 ; 4.46e-10 s                 ; No                        ; No                        ;
; HEX4[3]       ; 3.3-V LVTTL  ; 0 s                 ; 0 s                 ; 3.08 V                       ; 1.58e-08 V                   ; 3.13 V              ; -0.117 V            ; 0.143 V                              ; 0.259 V                              ; 6.22e-10 s                  ; 4.46e-10 s                  ; No                         ; No                         ; 3.08 V                      ; 1.58e-08 V                  ; 3.13 V             ; -0.117 V           ; 0.143 V                             ; 0.259 V                             ; 6.22e-10 s                 ; 4.46e-10 s                 ; No                        ; No                        ;
; HEX4[4]       ; 3.3-V LVTTL  ; 0 s                 ; 0 s                 ; 3.08 V                       ; 1.58e-08 V                   ; 3.13 V              ; -0.117 V            ; 0.143 V                              ; 0.259 V                              ; 6.22e-10 s                  ; 4.46e-10 s                  ; No                         ; No                         ; 3.08 V                      ; 1.58e-08 V                  ; 3.13 V             ; -0.117 V           ; 0.143 V                             ; 0.259 V                             ; 6.22e-10 s                 ; 4.46e-10 s                 ; No                        ; No                        ;
; HEX4[5]       ; 3.3-V LVTTL  ; 0 s                 ; 0 s                 ; 3.08 V                       ; 1.58e-08 V                   ; 3.13 V              ; -0.117 V            ; 0.143 V                              ; 0.259 V                              ; 6.22e-10 s                  ; 4.46e-10 s                  ; No                         ; No                         ; 3.08 V                      ; 1.58e-08 V                  ; 3.13 V             ; -0.117 V           ; 0.143 V                             ; 0.259 V                             ; 6.22e-10 s                 ; 4.46e-10 s                 ; No                        ; No                        ;
; HEX4[6]       ; 3.3-V LVTTL  ; 0 s                 ; 0 s                 ; 3.08 V                       ; 1.58e-08 V                   ; 3.13 V              ; -0.117 V            ; 0.143 V                              ; 0.259 V                              ; 6.22e-10 s                  ; 4.46e-10 s                  ; No                         ; No                         ; 3.08 V                      ; 1.58e-08 V                  ; 3.13 V             ; -0.117 V           ; 0.143 V                             ; 0.259 V                             ; 6.22e-10 s                 ; 4.46e-10 s                 ; No                        ; No                        ;
; HEX5[0]       ; 3.3-V LVTTL  ; 0 s                 ; 0 s                 ; 3.08 V                       ; 1.58e-08 V                   ; 3.13 V              ; -0.117 V            ; 0.143 V                              ; 0.259 V                              ; 6.22e-10 s                  ; 4.46e-10 s                  ; No                         ; No                         ; 3.08 V                      ; 1.58e-08 V                  ; 3.13 V             ; -0.117 V           ; 0.143 V                             ; 0.259 V                             ; 6.22e-10 s                 ; 4.46e-10 s                 ; No                        ; No                        ;
; HEX5[1]       ; 3.3-V LVTTL  ; 0 s                 ; 0 s                 ; 3.08 V                       ; 1.58e-08 V                   ; 3.09 V              ; -0.012 V            ; 0.232 V                              ; 0.268 V                              ; 4.75e-09 s                  ; 3.5e-09 s                   ; Yes                        ; No                         ; 3.08 V                      ; 1.58e-08 V                  ; 3.09 V             ; -0.012 V           ; 0.232 V                             ; 0.268 V                             ; 4.75e-09 s                 ; 3.5e-09 s                  ; Yes                       ; No                        ;
; HEX5[2]       ; 3.3-V LVTTL  ; 0 s                 ; 0 s                 ; 3.08 V                       ; 1.58e-08 V                   ; 3.13 V              ; -0.117 V            ; 0.143 V                              ; 0.259 V                              ; 6.22e-10 s                  ; 4.46e-10 s                  ; No                         ; No                         ; 3.08 V                      ; 1.58e-08 V                  ; 3.13 V             ; -0.117 V           ; 0.143 V                             ; 0.259 V                             ; 6.22e-10 s                 ; 4.46e-10 s                 ; No                        ; No                        ;
; HEX5[3]       ; 3.3-V LVTTL  ; 0 s                 ; 0 s                 ; 3.08 V                       ; 1.58e-08 V                   ; 3.13 V              ; -0.117 V            ; 0.143 V                              ; 0.259 V                              ; 6.22e-10 s                  ; 4.46e-10 s                  ; No                         ; No                         ; 3.08 V                      ; 1.58e-08 V                  ; 3.13 V             ; -0.117 V           ; 0.143 V                             ; 0.259 V                             ; 6.22e-10 s                 ; 4.46e-10 s                 ; No                        ; No                        ;
; HEX5[4]       ; 3.3-V LVTTL  ; 0 s                 ; 0 s                 ; 3.08 V                       ; 1.58e-08 V                   ; 3.13 V              ; -0.117 V            ; 0.143 V                              ; 0.259 V                              ; 6.22e-10 s                  ; 4.46e-10 s                  ; No                         ; No                         ; 3.08 V                      ; 1.58e-08 V                  ; 3.13 V             ; -0.117 V           ; 0.143 V                             ; 0.259 V                             ; 6.22e-10 s                 ; 4.46e-10 s                 ; No                        ; No                        ;
; HEX5[5]       ; 3.3-V LVTTL  ; 0 s                 ; 0 s                 ; 3.08 V                       ; 1.58e-08 V                   ; 3.13 V              ; -0.117 V            ; 0.143 V                              ; 0.259 V                              ; 6.22e-10 s                  ; 4.46e-10 s                  ; No                         ; No                         ; 3.08 V                      ; 1.58e-08 V                  ; 3.13 V             ; -0.117 V           ; 0.143 V                             ; 0.259 V                             ; 6.22e-10 s                 ; 4.46e-10 s                 ; No                        ; No                        ;
; HEX5[6]       ; 3.3-V LVTTL  ; 0 s                 ; 0 s                 ; 3.08 V                       ; 1.58e-08 V                   ; 3.13 V              ; -0.117 V            ; 0.143 V                              ; 0.259 V                              ; 6.22e-10 s                  ; 4.46e-10 s                  ; No                         ; No                         ; 3.08 V                      ; 1.58e-08 V                  ; 3.13 V             ; -0.117 V           ; 0.143 V                             ; 0.259 V                             ; 6.22e-10 s                 ; 4.46e-10 s                 ; No                        ; No                        ;
; HEX6[0]       ; 3.3-V LVTTL  ; 0 s                 ; 0 s                 ; 3.08 V                       ; 1.58e-08 V                   ; 3.13 V              ; -0.117 V            ; 0.143 V                              ; 0.259 V                              ; 6.22e-10 s                  ; 4.46e-10 s                  ; No                         ; No                         ; 3.08 V                      ; 1.58e-08 V                  ; 3.13 V             ; -0.117 V           ; 0.143 V                             ; 0.259 V                             ; 6.22e-10 s                 ; 4.46e-10 s                 ; No                        ; No                        ;
; HEX6[1]       ; 3.3-V LVTTL  ; 0 s                 ; 0 s                 ; 3.08 V                       ; 1.58e-08 V                   ; 3.13 V              ; -0.117 V            ; 0.143 V                              ; 0.259 V                              ; 6.22e-10 s                  ; 4.46e-10 s                  ; No                         ; No                         ; 3.08 V                      ; 1.58e-08 V                  ; 3.13 V             ; -0.117 V           ; 0.143 V                             ; 0.259 V                             ; 6.22e-10 s                 ; 4.46e-10 s                 ; No                        ; No                        ;
; HEX6[2]       ; 3.3-V LVTTL  ; 0 s                 ; 0 s                 ; 3.08 V                       ; 1.58e-08 V                   ; 3.13 V              ; -0.117 V            ; 0.143 V                              ; 0.259 V                              ; 6.22e-10 s                  ; 4.46e-10 s                  ; No                         ; No                         ; 3.08 V                      ; 1.58e-08 V                  ; 3.13 V             ; -0.117 V           ; 0.143 V                             ; 0.259 V                             ; 6.22e-10 s                 ; 4.46e-10 s                 ; No                        ; No                        ;
; HEX6[3]       ; 3.3-V LVTTL  ; 0 s                 ; 0 s                 ; 3.08 V                       ; 1.58e-08 V                   ; 3.13 V              ; -0.117 V            ; 0.143 V                              ; 0.259 V                              ; 6.22e-10 s                  ; 4.46e-10 s                  ; No                         ; No                         ; 3.08 V                      ; 1.58e-08 V                  ; 3.13 V             ; -0.117 V           ; 0.143 V                             ; 0.259 V                             ; 6.22e-10 s                 ; 4.46e-10 s                 ; No                        ; No                        ;
; HEX6[4]       ; 3.3-V LVTTL  ; 0 s                 ; 0 s                 ; 3.08 V                       ; 1.58e-08 V                   ; 3.13 V              ; -0.117 V            ; 0.143 V                              ; 0.259 V                              ; 6.22e-10 s                  ; 4.46e-10 s                  ; No                         ; No                         ; 3.08 V                      ; 1.58e-08 V                  ; 3.13 V             ; -0.117 V           ; 0.143 V                             ; 0.259 V                             ; 6.22e-10 s                 ; 4.46e-10 s                 ; No                        ; No                        ;
; HEX6[5]       ; 3.3-V LVTTL  ; 0 s                 ; 0 s                 ; 3.08 V                       ; 1.58e-08 V                   ; 3.09 V              ; -0.012 V            ; 0.232 V                              ; 0.268 V                              ; 4.75e-09 s                  ; 3.5e-09 s                   ; Yes                        ; No                         ; 3.08 V                      ; 1.58e-08 V                  ; 3.09 V             ; -0.012 V           ; 0.232 V                             ; 0.268 V                             ; 4.75e-09 s                 ; 3.5e-09 s                  ; Yes                       ; No                        ;
; HEX6[6]       ; 3.3-V LVTTL  ; 0 s                 ; 0 s                 ; 3.08 V                       ; 1.58e-08 V                   ; 3.13 V              ; -0.117 V            ; 0.143 V                              ; 0.259 V                              ; 6.22e-10 s                  ; 4.46e-10 s                  ; No                         ; No                         ; 3.08 V                      ; 1.58e-08 V                  ; 3.13 V             ; -0.117 V           ; 0.143 V                             ; 0.259 V                             ; 6.22e-10 s                 ; 4.46e-10 s                 ; No                        ; No                        ;
; HEX7[0]       ; 3.3-V LVTTL  ; 0 s                 ; 0 s                 ; 3.08 V                       ; 1.58e-08 V                   ; 3.13 V              ; -0.117 V            ; 0.143 V                              ; 0.259 V                              ; 6.22e-10 s                  ; 4.46e-10 s                  ; No                         ; No                         ; 3.08 V                      ; 1.58e-08 V                  ; 3.13 V             ; -0.117 V           ; 0.143 V                             ; 0.259 V                             ; 6.22e-10 s                 ; 4.46e-10 s                 ; No                        ; No                        ;
; HEX7[1]       ; 3.3-V LVTTL  ; 0 s                 ; 0 s                 ; 3.08 V                       ; 1.58e-08 V                   ; 3.13 V              ; -0.117 V            ; 0.143 V                              ; 0.259 V                              ; 6.22e-10 s                  ; 4.46e-10 s                  ; No                         ; No                         ; 3.08 V                      ; 1.58e-08 V                  ; 3.13 V             ; -0.117 V           ; 0.143 V                             ; 0.259 V                             ; 6.22e-10 s                 ; 4.46e-10 s                 ; No                        ; No                        ;
; HEX7[2]       ; 3.3-V LVTTL  ; 0 s                 ; 0 s                 ; 3.08 V                       ; 1.58e-08 V                   ; 3.13 V              ; -0.117 V            ; 0.143 V                              ; 0.259 V                              ; 6.22e-10 s                  ; 4.46e-10 s                  ; No                         ; No                         ; 3.08 V                      ; 1.58e-08 V                  ; 3.13 V             ; -0.117 V           ; 0.143 V                             ; 0.259 V                             ; 6.22e-10 s                 ; 4.46e-10 s                 ; No                        ; No                        ;
; HEX7[3]       ; 3.3-V LVTTL  ; 0 s                 ; 0 s                 ; 3.08 V                       ; 1.58e-08 V                   ; 3.13 V              ; -0.117 V            ; 0.143 V                              ; 0.259 V                              ; 6.22e-10 s                  ; 4.46e-10 s                  ; No                         ; No                         ; 3.08 V                      ; 1.58e-08 V                  ; 3.13 V             ; -0.117 V           ; 0.143 V                             ; 0.259 V                             ; 6.22e-10 s                 ; 4.46e-10 s                 ; No                        ; No                        ;
; HEX7[4]       ; 3.3-V LVTTL  ; 0 s                 ; 0 s                 ; 3.08 V                       ; 1.58e-08 V                   ; 3.13 V              ; -0.117 V            ; 0.143 V                              ; 0.259 V                              ; 6.22e-10 s                  ; 4.46e-10 s                  ; No                         ; No                         ; 3.08 V                      ; 1.58e-08 V                  ; 3.13 V             ; -0.117 V           ; 0.143 V                             ; 0.259 V                             ; 6.22e-10 s                 ; 4.46e-10 s                 ; No                        ; No                        ;
; HEX7[5]       ; 3.3-V LVTTL  ; 0 s                 ; 0 s                 ; 3.08 V                       ; 1.58e-08 V                   ; 3.13 V              ; -0.117 V            ; 0.143 V                              ; 0.259 V                              ; 6.22e-10 s                  ; 4.46e-10 s                  ; No                         ; No                         ; 3.08 V                      ; 1.58e-08 V                  ; 3.13 V             ; -0.117 V           ; 0.143 V                             ; 0.259 V                             ; 6.22e-10 s                 ; 4.46e-10 s                 ; No                        ; No                        ;
; HEX7[6]       ; 3.3-V LVTTL  ; 0 s                 ; 0 s                 ; 3.08 V                       ; 1.58e-08 V                   ; 3.13 V              ; -0.117 V            ; 0.143 V                              ; 0.259 V                              ; 6.22e-10 s                  ; 4.46e-10 s                  ; No                         ; No                         ; 3.08 V                      ; 1.58e-08 V                  ; 3.13 V             ; -0.117 V           ; 0.143 V                             ; 0.259 V                             ; 6.22e-10 s                 ; 4.46e-10 s                 ; No                        ; No                        ;
; ~ALTERA_DCLK~ ; 3.3-V LVTTL  ; 0 s                 ; 0 s                 ; 3.08 V                       ; 5.73e-09 V                   ; 3.19 V              ; -0.173 V            ; 0.151 V                              ; 0.259 V                              ; 2.79e-10 s                  ; 2.42e-10 s                  ; Yes                        ; Yes                        ; 3.08 V                      ; 5.73e-09 V                  ; 3.19 V             ; -0.173 V           ; 0.151 V                             ; 0.259 V                             ; 2.79e-10 s                 ; 2.42e-10 s                 ; Yes                       ; Yes                       ;
; ~ALTERA_nCEO~ ; 3.3-V LVTTL  ; 0 s                 ; 0 s                 ; 3.08 V                       ; 1.11e-08 V                   ; 3.13 V              ; -0.0798 V           ; 0.192 V                              ; 0.22 V                               ; 8.68e-10 s                  ; 6.46e-10 s                  ; No                         ; No                         ; 3.08 V                      ; 1.11e-08 V                  ; 3.13 V             ; -0.0798 V          ; 0.192 V                             ; 0.22 V                              ; 8.68e-10 s                 ; 6.46e-10 s                 ; No                        ; No                        ;
+---------------+--------------+---------------------+---------------------+------------------------------+------------------------------+---------------------+---------------------+--------------------------------------+--------------------------------------+-----------------------------+-----------------------------+----------------------------+----------------------------+-----------------------------+-----------------------------+--------------------+--------------------+-------------------------------------+-------------------------------------+----------------------------+----------------------------+---------------------------+---------------------------+


+--------------------------------------------------------------------------------------------------------------------------------------------------------------------------------------------------------------------------------------------------------------------------------------------------------------------------------------------------------------------------------------------------------------------------------------------------------------------------------------------------------------------------------------------------------------------------------------------------------------------------------------------------------------------------------------------+
; Signal Integrity Metrics (Slow 1200mv 85c Model)                                                                                                                                                                                                                                                                                                                                                                                                                                                                                                                                                                                                                                           ;
+---------------+--------------+---------------------+---------------------+------------------------------+------------------------------+---------------------+---------------------+--------------------------------------+--------------------------------------+-----------------------------+-----------------------------+----------------------------+----------------------------+-----------------------------+-----------------------------+--------------------+--------------------+-------------------------------------+-------------------------------------+----------------------------+----------------------------+---------------------------+---------------------------+
; Pin           ; I/O Standard ; Board Delay on Rise ; Board Delay on Fall ; Steady State Voh at FPGA Pin ; Steady State Vol at FPGA Pin ; Voh Max at FPGA Pin ; Vol Min at FPGA Pin ; Ringback Voltage on Rise at FPGA Pin ; Ringback Voltage on Fall at FPGA Pin ; 10-90 Rise Time at FPGA Pin ; 90-10 Fall Time at FPGA Pin ; Monotonic Rise at FPGA Pin ; Monotonic Fall at FPGA Pin ; Steady State Voh at Far-end ; Steady State Vol at Far-end ; Voh Max at Far-end ; Vol Min at Far-end ; Ringback Voltage on Rise at Far-end ; Ringback Voltage on Fall at Far-end ; 10-90 Rise Time at Far-end ; 90-10 Fall Time at Far-end ; Monotonic Rise at Far-end ; Monotonic Fall at Far-end ;
+---------------+--------------+---------------------+---------------------+------------------------------+------------------------------+---------------------+---------------------+--------------------------------------+--------------------------------------+-----------------------------+-----------------------------+----------------------------+----------------------------+-----------------------------+-----------------------------+--------------------+--------------------+-------------------------------------+-------------------------------------+----------------------------+----------------------------+---------------------------+---------------------------+
; LEDG[0]       ; 2.5 V        ; 0 s                 ; 0 s                 ; 2.32 V                       ; 6.92e-07 V                   ; 2.35 V              ; -0.00996 V          ; 0.121 V                              ; 0.03 V                               ; 4.64e-10 s                  ; 4.47e-10 s                  ; Yes                        ; Yes                        ; 2.32 V                      ; 6.92e-07 V                  ; 2.35 V             ; -0.00996 V         ; 0.121 V                             ; 0.03 V                              ; 4.64e-10 s                 ; 4.47e-10 s                 ; Yes                       ; Yes                       ;
; LEDG[1]       ; 2.5 V        ; 0 s                 ; 0 s                 ; 2.32 V                       ; 6.92e-07 V                   ; 2.35 V              ; -0.00996 V          ; 0.121 V                              ; 0.03 V                               ; 4.64e-10 s                  ; 4.47e-10 s                  ; Yes                        ; Yes                        ; 2.32 V                      ; 6.92e-07 V                  ; 2.35 V             ; -0.00996 V         ; 0.121 V                             ; 0.03 V                              ; 4.64e-10 s                 ; 4.47e-10 s                 ; Yes                       ; Yes                       ;
; LEDG[2]       ; 2.5 V        ; 0 s                 ; 0 s                 ; 2.32 V                       ; 6.92e-07 V                   ; 2.35 V              ; -0.00996 V          ; 0.121 V                              ; 0.03 V                               ; 4.64e-10 s                  ; 4.47e-10 s                  ; Yes                        ; Yes                        ; 2.32 V                      ; 6.92e-07 V                  ; 2.35 V             ; -0.00996 V         ; 0.121 V                             ; 0.03 V                              ; 4.64e-10 s                 ; 4.47e-10 s                 ; Yes                       ; Yes                       ;
; LEDG[3]       ; 2.5 V        ; 0 s                 ; 0 s                 ; 2.32 V                       ; 6.92e-07 V                   ; 2.35 V              ; -0.00996 V          ; 0.121 V                              ; 0.03 V                               ; 4.64e-10 s                  ; 4.47e-10 s                  ; Yes                        ; Yes                        ; 2.32 V                      ; 6.92e-07 V                  ; 2.35 V             ; -0.00996 V         ; 0.121 V                             ; 0.03 V                              ; 4.64e-10 s                 ; 4.47e-10 s                 ; Yes                       ; Yes                       ;
; LEDG[4]       ; 2.5 V        ; 0 s                 ; 0 s                 ; 2.32 V                       ; 6.92e-07 V                   ; 2.35 V              ; -0.00996 V          ; 0.121 V                              ; 0.03 V                               ; 4.64e-10 s                  ; 4.47e-10 s                  ; Yes                        ; Yes                        ; 2.32 V                      ; 6.92e-07 V                  ; 2.35 V             ; -0.00996 V         ; 0.121 V                             ; 0.03 V                              ; 4.64e-10 s                 ; 4.47e-10 s                 ; Yes                       ; Yes                       ;
; LEDG[5]       ; 2.5 V        ; 0 s                 ; 0 s                 ; 2.32 V                       ; 6.92e-07 V                   ; 2.35 V              ; -0.00996 V          ; 0.121 V                              ; 0.03 V                               ; 4.64e-10 s                  ; 4.47e-10 s                  ; Yes                        ; Yes                        ; 2.32 V                      ; 6.92e-07 V                  ; 2.35 V             ; -0.00996 V         ; 0.121 V                             ; 0.03 V                              ; 4.64e-10 s                 ; 4.47e-10 s                 ; Yes                       ; Yes                       ;
; LEDG[6]       ; 2.5 V        ; 0 s                 ; 0 s                 ; 2.32 V                       ; 6.92e-07 V                   ; 2.35 V              ; -0.00996 V          ; 0.121 V                              ; 0.03 V                               ; 4.64e-10 s                  ; 4.47e-10 s                  ; Yes                        ; Yes                        ; 2.32 V                      ; 6.92e-07 V                  ; 2.35 V             ; -0.00996 V         ; 0.121 V                             ; 0.03 V                              ; 4.64e-10 s                 ; 4.47e-10 s                 ; Yes                       ; Yes                       ;
; LEDG[7]       ; 2.5 V        ; 0 s                 ; 0 s                 ; 2.32 V                       ; 6.92e-07 V                   ; 2.35 V              ; -0.00996 V          ; 0.121 V                              ; 0.03 V                               ; 4.64e-10 s                  ; 4.47e-10 s                  ; Yes                        ; Yes                        ; 2.32 V                      ; 6.92e-07 V                  ; 2.35 V             ; -0.00996 V         ; 0.121 V                             ; 0.03 V                              ; 4.64e-10 s                 ; 4.47e-10 s                 ; Yes                       ; Yes                       ;
; LEDG[8]       ; 2.5 V        ; 0 s                 ; 0 s                 ; 2.32 V                       ; 6.92e-07 V                   ; 2.35 V              ; -0.00996 V          ; 0.121 V                              ; 0.03 V                               ; 4.64e-10 s                  ; 4.47e-10 s                  ; Yes                        ; Yes                        ; 2.32 V                      ; 6.92e-07 V                  ; 2.35 V             ; -0.00996 V         ; 0.121 V                             ; 0.03 V                              ; 4.64e-10 s                 ; 4.47e-10 s                 ; Yes                       ; Yes                       ;
; LEDR[0]       ; 2.5 V        ; 0 s                 ; 0 s                 ; 2.32 V                       ; 6.92e-07 V                   ; 2.35 V              ; -0.00996 V          ; 0.121 V                              ; 0.03 V                               ; 4.64e-10 s                  ; 4.47e-10 s                  ; Yes                        ; Yes                        ; 2.32 V                      ; 6.92e-07 V                  ; 2.35 V             ; -0.00996 V         ; 0.121 V                             ; 0.03 V                              ; 4.64e-10 s                 ; 4.47e-10 s                 ; Yes                       ; Yes                       ;
; LEDR[1]       ; 2.5 V        ; 0 s                 ; 0 s                 ; 2.32 V                       ; 6.92e-07 V                   ; 2.35 V              ; -0.00996 V          ; 0.121 V                              ; 0.03 V                               ; 4.64e-10 s                  ; 4.47e-10 s                  ; Yes                        ; Yes                        ; 2.32 V                      ; 6.92e-07 V                  ; 2.35 V             ; -0.00996 V         ; 0.121 V                             ; 0.03 V                              ; 4.64e-10 s                 ; 4.47e-10 s                 ; Yes                       ; Yes                       ;
; LEDR[2]       ; 2.5 V        ; 0 s                 ; 0 s                 ; 2.32 V                       ; 6.92e-07 V                   ; 2.35 V              ; -0.00996 V          ; 0.121 V                              ; 0.03 V                               ; 4.64e-10 s                  ; 4.47e-10 s                  ; Yes                        ; Yes                        ; 2.32 V                      ; 6.92e-07 V                  ; 2.35 V             ; -0.00996 V         ; 0.121 V                             ; 0.03 V                              ; 4.64e-10 s                 ; 4.47e-10 s                 ; Yes                       ; Yes                       ;
; LEDR[3]       ; 2.5 V        ; 0 s                 ; 0 s                 ; 2.32 V                       ; 6.92e-07 V                   ; 2.35 V              ; -0.00996 V          ; 0.121 V                              ; 0.03 V                               ; 4.64e-10 s                  ; 4.47e-10 s                  ; Yes                        ; Yes                        ; 2.32 V                      ; 6.92e-07 V                  ; 2.35 V             ; -0.00996 V         ; 0.121 V                             ; 0.03 V                              ; 4.64e-10 s                 ; 4.47e-10 s                 ; Yes                       ; Yes                       ;
; LEDR[4]       ; 2.5 V        ; 0 s                 ; 0 s                 ; 2.32 V                       ; 6.92e-07 V                   ; 2.35 V              ; -0.00996 V          ; 0.121 V                              ; 0.03 V                               ; 4.64e-10 s                  ; 4.47e-10 s                  ; Yes                        ; Yes                        ; 2.32 V                      ; 6.92e-07 V                  ; 2.35 V             ; -0.00996 V         ; 0.121 V                             ; 0.03 V                              ; 4.64e-10 s                 ; 4.47e-10 s                 ; Yes                       ; Yes                       ;
; LEDR[5]       ; 2.5 V        ; 0 s                 ; 0 s                 ; 2.32 V                       ; 6.92e-07 V                   ; 2.35 V              ; -0.00996 V          ; 0.121 V                              ; 0.03 V                               ; 4.64e-10 s                  ; 4.47e-10 s                  ; Yes                        ; Yes                        ; 2.32 V                      ; 6.92e-07 V                  ; 2.35 V             ; -0.00996 V         ; 0.121 V                             ; 0.03 V                              ; 4.64e-10 s                 ; 4.47e-10 s                 ; Yes                       ; Yes                       ;
; LEDR[6]       ; 2.5 V        ; 0 s                 ; 0 s                 ; 2.32 V                       ; 6.92e-07 V                   ; 2.35 V              ; -0.00996 V          ; 0.121 V                              ; 0.03 V                               ; 4.64e-10 s                  ; 4.47e-10 s                  ; Yes                        ; Yes                        ; 2.32 V                      ; 6.92e-07 V                  ; 2.35 V             ; -0.00996 V         ; 0.121 V                             ; 0.03 V                              ; 4.64e-10 s                 ; 4.47e-10 s                 ; Yes                       ; Yes                       ;
; LEDR[7]       ; 2.5 V        ; 0 s                 ; 0 s                 ; 2.32 V                       ; 6.92e-07 V                   ; 2.35 V              ; -0.00996 V          ; 0.121 V                              ; 0.03 V                               ; 4.64e-10 s                  ; 4.47e-10 s                  ; Yes                        ; Yes                        ; 2.32 V                      ; 6.92e-07 V                  ; 2.35 V             ; -0.00996 V         ; 0.121 V                             ; 0.03 V                              ; 4.64e-10 s                 ; 4.47e-10 s                 ; Yes                       ; Yes                       ;
; LEDR[8]       ; 2.5 V        ; 0 s                 ; 0 s                 ; 2.32 V                       ; 6.92e-07 V                   ; 2.35 V              ; -0.00996 V          ; 0.121 V                              ; 0.03 V                               ; 4.64e-10 s                  ; 4.47e-10 s                  ; Yes                        ; Yes                        ; 2.32 V                      ; 6.92e-07 V                  ; 2.35 V             ; -0.00996 V         ; 0.121 V                             ; 0.03 V                              ; 4.64e-10 s                 ; 4.47e-10 s                 ; Yes                       ; Yes                       ;
; LEDR[9]       ; 2.5 V        ; 0 s                 ; 0 s                 ; 2.32 V                       ; 6.92e-07 V                   ; 2.33 V              ; -0.00265 V          ; 0.133 V                              ; 0.056 V                              ; 3.55e-09 s                  ; 3.31e-09 s                  ; Yes                        ; Yes                        ; 2.32 V                      ; 6.92e-07 V                  ; 2.33 V             ; -0.00265 V         ; 0.133 V                             ; 0.056 V                             ; 3.55e-09 s                 ; 3.31e-09 s                 ; Yes                       ; Yes                       ;
; LEDR[10]      ; 2.5 V        ; 0 s                 ; 0 s                 ; 2.32 V                       ; 6.92e-07 V                   ; 2.35 V              ; -0.00996 V          ; 0.121 V                              ; 0.03 V                               ; 4.64e-10 s                  ; 4.47e-10 s                  ; Yes                        ; Yes                        ; 2.32 V                      ; 6.92e-07 V                  ; 2.35 V             ; -0.00996 V         ; 0.121 V                             ; 0.03 V                              ; 4.64e-10 s                 ; 4.47e-10 s                 ; Yes                       ; Yes                       ;
; LEDR[11]      ; 2.5 V        ; 0 s                 ; 0 s                 ; 2.32 V                       ; 6.92e-07 V                   ; 2.35 V              ; -0.00996 V          ; 0.121 V                              ; 0.03 V                               ; 4.64e-10 s                  ; 4.47e-10 s                  ; Yes                        ; Yes                        ; 2.32 V                      ; 6.92e-07 V                  ; 2.35 V             ; -0.00996 V         ; 0.121 V                             ; 0.03 V                              ; 4.64e-10 s                 ; 4.47e-10 s                 ; Yes                       ; Yes                       ;
; LEDR[12]      ; 2.5 V        ; 0 s                 ; 0 s                 ; 2.32 V                       ; 6.92e-07 V                   ; 2.35 V              ; -0.00996 V          ; 0.121 V                              ; 0.03 V                               ; 4.64e-10 s                  ; 4.47e-10 s                  ; Yes                        ; Yes                        ; 2.32 V                      ; 6.92e-07 V                  ; 2.35 V             ; -0.00996 V         ; 0.121 V                             ; 0.03 V                              ; 4.64e-10 s                 ; 4.47e-10 s                 ; Yes                       ; Yes                       ;
; LEDR[13]      ; 2.5 V        ; 0 s                 ; 0 s                 ; 2.32 V                       ; 6.92e-07 V                   ; 2.35 V              ; -0.00996 V          ; 0.121 V                              ; 0.03 V                               ; 4.64e-10 s                  ; 4.47e-10 s                  ; Yes                        ; Yes                        ; 2.32 V                      ; 6.92e-07 V                  ; 2.35 V             ; -0.00996 V         ; 0.121 V                             ; 0.03 V                              ; 4.64e-10 s                 ; 4.47e-10 s                 ; Yes                       ; Yes                       ;
; LEDR[14]      ; 2.5 V        ; 0 s                 ; 0 s                 ; 2.32 V                       ; 6.92e-07 V                   ; 2.35 V              ; -0.00996 V          ; 0.121 V                              ; 0.03 V                               ; 4.64e-10 s                  ; 4.47e-10 s                  ; Yes                        ; Yes                        ; 2.32 V                      ; 6.92e-07 V                  ; 2.35 V             ; -0.00996 V         ; 0.121 V                             ; 0.03 V                              ; 4.64e-10 s                 ; 4.47e-10 s                 ; Yes                       ; Yes                       ;
; LEDR[15]      ; 2.5 V        ; 0 s                 ; 0 s                 ; 2.32 V                       ; 6.92e-07 V                   ; 2.33 V              ; -0.00265 V          ; 0.133 V                              ; 0.056 V                              ; 3.55e-09 s                  ; 3.31e-09 s                  ; Yes                        ; Yes                        ; 2.32 V                      ; 6.92e-07 V                  ; 2.33 V             ; -0.00265 V         ; 0.133 V                             ; 0.056 V                             ; 3.55e-09 s                 ; 3.31e-09 s                 ; Yes                       ; Yes                       ;
; LEDR[16]      ; 2.5 V        ; 0 s                 ; 0 s                 ; 2.32 V                       ; 6.92e-07 V                   ; 2.35 V              ; -0.00996 V          ; 0.121 V                              ; 0.03 V                               ; 4.64e-10 s                  ; 4.47e-10 s                  ; Yes                        ; Yes                        ; 2.32 V                      ; 6.92e-07 V                  ; 2.35 V             ; -0.00996 V         ; 0.121 V                             ; 0.03 V                              ; 4.64e-10 s                 ; 4.47e-10 s                 ; Yes                       ; Yes                       ;
; LEDR[17]      ; 2.5 V        ; 0 s                 ; 0 s                 ; 2.32 V                       ; 6.92e-07 V                   ; 2.35 V              ; -0.00996 V          ; 0.121 V                              ; 0.03 V                               ; 4.64e-10 s                  ; 4.47e-10 s                  ; Yes                        ; Yes                        ; 2.32 V                      ; 6.92e-07 V                  ; 2.35 V             ; -0.00996 V         ; 0.121 V                             ; 0.03 V                              ; 4.64e-10 s                 ; 4.47e-10 s                 ; Yes                       ; Yes                       ;
; HEX0[0]       ; 2.5 V        ; 0 s                 ; 0 s                 ; 2.32 V                       ; 6.92e-07 V                   ; 2.35 V              ; -0.00996 V          ; 0.121 V                              ; 0.03 V                               ; 4.64e-10 s                  ; 4.47e-10 s                  ; Yes                        ; Yes                        ; 2.32 V                      ; 6.92e-07 V                  ; 2.35 V             ; -0.00996 V         ; 0.121 V                             ; 0.03 V                              ; 4.64e-10 s                 ; 4.47e-10 s                 ; Yes                       ; Yes                       ;
; HEX0[1]       ; 2.5 V        ; 0 s                 ; 0 s                 ; 2.32 V                       ; 6.92e-07 V                   ; 2.33 V              ; -0.00265 V          ; 0.133 V                              ; 0.056 V                              ; 3.55e-09 s                  ; 3.31e-09 s                  ; Yes                        ; Yes                        ; 2.32 V                      ; 6.92e-07 V                  ; 2.33 V             ; -0.00265 V         ; 0.133 V                             ; 0.056 V                             ; 3.55e-09 s                 ; 3.31e-09 s                 ; Yes                       ; Yes                       ;
; HEX0[2]       ; 2.5 V        ; 0 s                 ; 0 s                 ; 2.32 V                       ; 6.92e-07 V                   ; 2.35 V              ; -0.00996 V          ; 0.121 V                              ; 0.03 V                               ; 4.64e-10 s                  ; 4.47e-10 s                  ; Yes                        ; Yes                        ; 2.32 V                      ; 6.92e-07 V                  ; 2.35 V             ; -0.00996 V         ; 0.121 V                             ; 0.03 V                              ; 4.64e-10 s                 ; 4.47e-10 s                 ; Yes                       ; Yes                       ;
; HEX0[3]       ; 3.3-V LVTTL  ; 0 s                 ; 0 s                 ; 3.08 V                       ; 1.28e-06 V                   ; 3.12 V              ; -0.0722 V           ; 0.214 V                              ; 0.171 V                              ; 6.67e-10 s                  ; 6.2e-10 s                   ; Yes                        ; No                         ; 3.08 V                      ; 1.28e-06 V                  ; 3.12 V             ; -0.0722 V          ; 0.214 V                             ; 0.171 V                             ; 6.67e-10 s                 ; 6.2e-10 s                  ; Yes                       ; No                        ;
; HEX0[4]       ; 3.3-V LVTTL  ; 0 s                 ; 0 s                 ; 3.08 V                       ; 1.28e-06 V                   ; 3.12 V              ; -0.0722 V           ; 0.214 V                              ; 0.171 V                              ; 6.67e-10 s                  ; 6.2e-10 s                   ; Yes                        ; No                         ; 3.08 V                      ; 1.28e-06 V                  ; 3.12 V             ; -0.0722 V          ; 0.214 V                             ; 0.171 V                             ; 6.67e-10 s                 ; 6.2e-10 s                  ; Yes                       ; No                        ;
; HEX0[5]       ; 3.3-V LVTTL  ; 0 s                 ; 0 s                 ; 3.08 V                       ; 1.28e-06 V                   ; 3.08 V              ; -0.00641 V          ; 0.261 V                              ; 0.26 V                               ; 5.52e-09 s                  ; 4.36e-09 s                  ; Yes                        ; Yes                        ; 3.08 V                      ; 1.28e-06 V                  ; 3.08 V             ; -0.00641 V         ; 0.261 V                             ; 0.26 V                              ; 5.52e-09 s                 ; 4.36e-09 s                 ; Yes                       ; Yes                       ;
; HEX0[6]       ; 3.3-V LVTTL  ; 0 s                 ; 0 s                 ; 3.08 V                       ; 1.28e-06 V                   ; 3.12 V              ; -0.0722 V           ; 0.214 V                              ; 0.171 V                              ; 6.67e-10 s                  ; 6.2e-10 s                   ; Yes                        ; No                         ; 3.08 V                      ; 1.28e-06 V                  ; 3.12 V             ; -0.0722 V          ; 0.214 V                             ; 0.171 V                             ; 6.67e-10 s                 ; 6.2e-10 s                  ; Yes                       ; No                        ;
; HEX1[0]       ; 3.3-V LVTTL  ; 0 s                 ; 0 s                 ; 3.08 V                       ; 1.28e-06 V                   ; 3.12 V              ; -0.0722 V           ; 0.214 V                              ; 0.171 V                              ; 6.67e-10 s                  ; 6.2e-10 s                   ; Yes                        ; No                         ; 3.08 V                      ; 1.28e-06 V                  ; 3.12 V             ; -0.0722 V          ; 0.214 V                             ; 0.171 V                             ; 6.67e-10 s                 ; 6.2e-10 s                  ; Yes                       ; No                        ;
; HEX1[1]       ; 3.3-V LVTTL  ; 0 s                 ; 0 s                 ; 3.08 V                       ; 1.28e-06 V                   ; 3.11 V              ; -0.0528 V           ; 0.302 V                              ; 0.199 V                              ; 9.51e-10 s                  ; 8.47e-10 s                  ; Yes                        ; No                         ; 3.08 V                      ; 1.28e-06 V                  ; 3.11 V             ; -0.0528 V          ; 0.302 V                             ; 0.199 V                             ; 9.51e-10 s                 ; 8.47e-10 s                 ; Yes                       ; No                        ;
; HEX1[2]       ; 3.3-V LVTTL  ; 0 s                 ; 0 s                 ; 3.08 V                       ; 1.28e-06 V                   ; 3.11 V              ; -0.0528 V           ; 0.302 V                              ; 0.199 V                              ; 9.51e-10 s                  ; 8.47e-10 s                  ; Yes                        ; No                         ; 3.08 V                      ; 1.28e-06 V                  ; 3.11 V             ; -0.0528 V          ; 0.302 V                             ; 0.199 V                             ; 9.51e-10 s                 ; 8.47e-10 s                 ; Yes                       ; No                        ;
; HEX1[3]       ; 3.3-V LVTTL  ; 0 s                 ; 0 s                 ; 3.08 V                       ; 1.28e-06 V                   ; 3.11 V              ; -0.0528 V           ; 0.302 V                              ; 0.199 V                              ; 9.51e-10 s                  ; 8.47e-10 s                  ; Yes                        ; No                         ; 3.08 V                      ; 1.28e-06 V                  ; 3.11 V             ; -0.0528 V          ; 0.302 V                             ; 0.199 V                             ; 9.51e-10 s                 ; 8.47e-10 s                 ; Yes                       ; No                        ;
; HEX1[4]       ; 3.3-V LVTTL  ; 0 s                 ; 0 s                 ; 3.08 V                       ; 1.28e-06 V                   ; 3.11 V              ; -0.0528 V           ; 0.302 V                              ; 0.199 V                              ; 9.51e-10 s                  ; 8.47e-10 s                  ; Yes                        ; No                         ; 3.08 V                      ; 1.28e-06 V                  ; 3.11 V             ; -0.0528 V          ; 0.302 V                             ; 0.199 V                             ; 9.51e-10 s                 ; 8.47e-10 s                 ; Yes                       ; No                        ;
; HEX1[5]       ; 3.3-V LVTTL  ; 0 s                 ; 0 s                 ; 3.08 V                       ; 1.28e-06 V                   ; 3.08 V              ; -0.00641 V          ; 0.261 V                              ; 0.26 V                               ; 5.52e-09 s                  ; 4.36e-09 s                  ; Yes                        ; Yes                        ; 3.08 V                      ; 1.28e-06 V                  ; 3.08 V             ; -0.00641 V         ; 0.261 V                             ; 0.26 V                              ; 5.52e-09 s                 ; 4.36e-09 s                 ; Yes                       ; Yes                       ;
; HEX1[6]       ; 3.3-V LVTTL  ; 0 s                 ; 0 s                 ; 3.08 V                       ; 1.28e-06 V                   ; 3.08 V              ; -0.00641 V          ; 0.261 V                              ; 0.26 V                               ; 5.52e-09 s                  ; 4.36e-09 s                  ; Yes                        ; Yes                        ; 3.08 V                      ; 1.28e-06 V                  ; 3.08 V             ; -0.00641 V         ; 0.261 V                             ; 0.26 V                              ; 5.52e-09 s                 ; 4.36e-09 s                 ; Yes                       ; Yes                       ;
; HEX2[0]       ; 3.3-V LVTTL  ; 0 s                 ; 0 s                 ; 3.08 V                       ; 1.28e-06 V                   ; 3.11 V              ; -0.0528 V           ; 0.302 V                              ; 0.199 V                              ; 9.51e-10 s                  ; 8.47e-10 s                  ; Yes                        ; No                         ; 3.08 V                      ; 1.28e-06 V                  ; 3.11 V             ; -0.0528 V          ; 0.302 V                             ; 0.199 V                             ; 9.51e-10 s                 ; 8.47e-10 s                 ; Yes                       ; No                        ;
; HEX2[1]       ; 3.3-V LVTTL  ; 0 s                 ; 0 s                 ; 3.08 V                       ; 1.28e-06 V                   ; 3.11 V              ; -0.0528 V           ; 0.302 V                              ; 0.199 V                              ; 9.51e-10 s                  ; 8.47e-10 s                  ; Yes                        ; No                         ; 3.08 V                      ; 1.28e-06 V                  ; 3.11 V             ; -0.0528 V          ; 0.302 V                             ; 0.199 V                             ; 9.51e-10 s                 ; 8.47e-10 s                 ; Yes                       ; No                        ;
; HEX2[2]       ; 3.3-V LVTTL  ; 0 s                 ; 0 s                 ; 3.08 V                       ; 1.28e-06 V                   ; 3.11 V              ; -0.0528 V           ; 0.302 V                              ; 0.199 V                              ; 9.51e-10 s                  ; 8.47e-10 s                  ; Yes                        ; No                         ; 3.08 V                      ; 1.28e-06 V                  ; 3.11 V             ; -0.0528 V          ; 0.302 V                             ; 0.199 V                             ; 9.51e-10 s                 ; 8.47e-10 s                 ; Yes                       ; No                        ;
; HEX2[3]       ; 3.3-V LVTTL  ; 0 s                 ; 0 s                 ; 3.08 V                       ; 1.28e-06 V                   ; 3.11 V              ; -0.0528 V           ; 0.302 V                              ; 0.199 V                              ; 9.51e-10 s                  ; 8.47e-10 s                  ; Yes                        ; No                         ; 3.08 V                      ; 1.28e-06 V                  ; 3.11 V             ; -0.0528 V          ; 0.302 V                             ; 0.199 V                             ; 9.51e-10 s                 ; 8.47e-10 s                 ; Yes                       ; No                        ;
; HEX2[4]       ; 3.3-V LVTTL  ; 0 s                 ; 0 s                 ; 3.08 V                       ; 1.28e-06 V                   ; 3.11 V              ; -0.0528 V           ; 0.302 V                              ; 0.199 V                              ; 9.51e-10 s                  ; 8.47e-10 s                  ; Yes                        ; No                         ; 3.08 V                      ; 1.28e-06 V                  ; 3.11 V             ; -0.0528 V          ; 0.302 V                             ; 0.199 V                             ; 9.51e-10 s                 ; 8.47e-10 s                 ; Yes                       ; No                        ;
; HEX2[5]       ; 3.3-V LVTTL  ; 0 s                 ; 0 s                 ; 3.08 V                       ; 1.28e-06 V                   ; 3.11 V              ; -0.0528 V           ; 0.302 V                              ; 0.199 V                              ; 9.51e-10 s                  ; 8.47e-10 s                  ; Yes                        ; No                         ; 3.08 V                      ; 1.28e-06 V                  ; 3.11 V             ; -0.0528 V          ; 0.302 V                             ; 0.199 V                             ; 9.51e-10 s                 ; 8.47e-10 s                 ; Yes                       ; No                        ;
; HEX2[6]       ; 3.3-V LVTTL  ; 0 s                 ; 0 s                 ; 3.08 V                       ; 1.28e-06 V                   ; 3.11 V              ; -0.0528 V           ; 0.302 V                              ; 0.199 V                              ; 9.51e-10 s                  ; 8.47e-10 s                  ; Yes                        ; No                         ; 3.08 V                      ; 1.28e-06 V                  ; 3.11 V             ; -0.0528 V          ; 0.302 V                             ; 0.199 V                             ; 9.51e-10 s                 ; 8.47e-10 s                 ; Yes                       ; No                        ;
; HEX3[0]       ; 3.3-V LVTTL  ; 0 s                 ; 0 s                 ; 3.08 V                       ; 1.28e-06 V                   ; 3.11 V              ; -0.0528 V           ; 0.302 V                              ; 0.199 V                              ; 9.51e-10 s                  ; 8.47e-10 s                  ; Yes                        ; No                         ; 3.08 V                      ; 1.28e-06 V                  ; 3.11 V             ; -0.0528 V          ; 0.302 V                             ; 0.199 V                             ; 9.51e-10 s                 ; 8.47e-10 s                 ; Yes                       ; No                        ;
; HEX3[1]       ; 3.3-V LVTTL  ; 0 s                 ; 0 s                 ; 3.08 V                       ; 1.28e-06 V                   ; 3.12 V              ; -0.0722 V           ; 0.214 V                              ; 0.171 V                              ; 6.67e-10 s                  ; 6.2e-10 s                   ; Yes                        ; No                         ; 3.08 V                      ; 1.28e-06 V                  ; 3.12 V             ; -0.0722 V          ; 0.214 V                             ; 0.171 V                             ; 6.67e-10 s                 ; 6.2e-10 s                  ; Yes                       ; No                        ;
; HEX3[2]       ; 3.3-V LVTTL  ; 0 s                 ; 0 s                 ; 3.08 V                       ; 1.9e-06 V                    ; 3.08 V              ; -0.00581 V          ; 0.138 V                              ; 0.22 V                               ; 5.55e-09 s                  ; 4.38e-09 s                  ; Yes                        ; Yes                        ; 3.08 V                      ; 1.9e-06 V                   ; 3.08 V             ; -0.00581 V         ; 0.138 V                             ; 0.22 V                              ; 5.55e-09 s                 ; 4.38e-09 s                 ; Yes                       ; Yes                       ;
; HEX3[3]       ; 3.3-V LVTTL  ; 0 s                 ; 0 s                 ; 3.08 V                       ; 1.9e-06 V                    ; 3.11 V              ; -0.0625 V           ; 0.224 V                              ; 0.17 V                               ; 6.86e-10 s                  ; 6.31e-10 s                  ; Yes                        ; No                         ; 3.08 V                      ; 1.9e-06 V                   ; 3.11 V             ; -0.0625 V          ; 0.224 V                             ; 0.17 V                              ; 6.86e-10 s                 ; 6.31e-10 s                 ; Yes                       ; No                        ;
; HEX3[4]       ; 3.3-V LVTTL  ; 0 s                 ; 0 s                 ; 3.08 V                       ; 1.9e-06 V                    ; 3.11 V              ; -0.0625 V           ; 0.224 V                              ; 0.17 V                               ; 6.86e-10 s                  ; 6.31e-10 s                  ; Yes                        ; No                         ; 3.08 V                      ; 1.9e-06 V                   ; 3.11 V             ; -0.0625 V          ; 0.224 V                             ; 0.17 V                              ; 6.86e-10 s                 ; 6.31e-10 s                 ; Yes                       ; No                        ;
; HEX3[5]       ; 3.3-V LVTTL  ; 0 s                 ; 0 s                 ; 3.08 V                       ; 1.9e-06 V                    ; 3.11 V              ; -0.0625 V           ; 0.224 V                              ; 0.17 V                               ; 6.86e-10 s                  ; 6.31e-10 s                  ; Yes                        ; No                         ; 3.08 V                      ; 1.9e-06 V                   ; 3.11 V             ; -0.0625 V          ; 0.224 V                             ; 0.17 V                              ; 6.86e-10 s                 ; 6.31e-10 s                 ; Yes                       ; No                        ;
; HEX3[6]       ; 3.3-V LVTTL  ; 0 s                 ; 0 s                 ; 3.08 V                       ; 1.9e-06 V                    ; 3.11 V              ; -0.0625 V           ; 0.224 V                              ; 0.17 V                               ; 6.86e-10 s                  ; 6.31e-10 s                  ; Yes                        ; No                         ; 3.08 V                      ; 1.9e-06 V                   ; 3.11 V             ; -0.0625 V          ; 0.224 V                             ; 0.17 V                              ; 6.86e-10 s                 ; 6.31e-10 s                 ; Yes                       ; No                        ;
; HEX4[0]       ; 3.3-V LVTTL  ; 0 s                 ; 0 s                 ; 3.08 V                       ; 1.9e-06 V                    ; 3.11 V              ; -0.0625 V           ; 0.224 V                              ; 0.17 V                               ; 6.86e-10 s                  ; 6.31e-10 s                  ; Yes                        ; No                         ; 3.08 V                      ; 1.9e-06 V                   ; 3.11 V             ; -0.0625 V          ; 0.224 V                             ; 0.17 V                              ; 6.86e-10 s                 ; 6.31e-10 s                 ; Yes                       ; No                        ;
; HEX4[1]       ; 3.3-V LVTTL  ; 0 s                 ; 0 s                 ; 3.08 V                       ; 1.9e-06 V                    ; 3.11 V              ; -0.0625 V           ; 0.224 V                              ; 0.17 V                               ; 6.86e-10 s                  ; 6.31e-10 s                  ; Yes                        ; No                         ; 3.08 V                      ; 1.9e-06 V                   ; 3.11 V             ; -0.0625 V          ; 0.224 V                             ; 0.17 V                              ; 6.86e-10 s                 ; 6.31e-10 s                 ; Yes                       ; No                        ;
; HEX4[2]       ; 3.3-V LVTTL  ; 0 s                 ; 0 s                 ; 3.08 V                       ; 1.9e-06 V                    ; 3.11 V              ; -0.0625 V           ; 0.224 V                              ; 0.17 V                               ; 6.86e-10 s                  ; 6.31e-10 s                  ; Yes                        ; No                         ; 3.08 V                      ; 1.9e-06 V                   ; 3.11 V             ; -0.0625 V          ; 0.224 V                             ; 0.17 V                              ; 6.86e-10 s                 ; 6.31e-10 s                 ; Yes                       ; No                        ;
; HEX4[3]       ; 3.3-V LVTTL  ; 0 s                 ; 0 s                 ; 3.08 V                       ; 1.9e-06 V                    ; 3.11 V              ; -0.0625 V           ; 0.224 V                              ; 0.17 V                               ; 6.86e-10 s                  ; 6.31e-10 s                  ; Yes                        ; No                         ; 3.08 V                      ; 1.9e-06 V                   ; 3.11 V             ; -0.0625 V          ; 0.224 V                             ; 0.17 V                              ; 6.86e-10 s                 ; 6.31e-10 s                 ; Yes                       ; No                        ;
; HEX4[4]       ; 3.3-V LVTTL  ; 0 s                 ; 0 s                 ; 3.08 V                       ; 1.9e-06 V                    ; 3.11 V              ; -0.0625 V           ; 0.224 V                              ; 0.17 V                               ; 6.86e-10 s                  ; 6.31e-10 s                  ; Yes                        ; No                         ; 3.08 V                      ; 1.9e-06 V                   ; 3.11 V             ; -0.0625 V          ; 0.224 V                             ; 0.17 V                              ; 6.86e-10 s                 ; 6.31e-10 s                 ; Yes                       ; No                        ;
; HEX4[5]       ; 3.3-V LVTTL  ; 0 s                 ; 0 s                 ; 3.08 V                       ; 1.9e-06 V                    ; 3.11 V              ; -0.0625 V           ; 0.224 V                              ; 0.17 V                               ; 6.86e-10 s                  ; 6.31e-10 s                  ; Yes                        ; No                         ; 3.08 V                      ; 1.9e-06 V                   ; 3.11 V             ; -0.0625 V          ; 0.224 V                             ; 0.17 V                              ; 6.86e-10 s                 ; 6.31e-10 s                 ; Yes                       ; No                        ;
; HEX4[6]       ; 3.3-V LVTTL  ; 0 s                 ; 0 s                 ; 3.08 V                       ; 1.9e-06 V                    ; 3.11 V              ; -0.0625 V           ; 0.224 V                              ; 0.17 V                               ; 6.86e-10 s                  ; 6.31e-10 s                  ; Yes                        ; No                         ; 3.08 V                      ; 1.9e-06 V                   ; 3.11 V             ; -0.0625 V          ; 0.224 V                             ; 0.17 V                              ; 6.86e-10 s                 ; 6.31e-10 s                 ; Yes                       ; No                        ;
; HEX5[0]       ; 3.3-V LVTTL  ; 0 s                 ; 0 s                 ; 3.08 V                       ; 1.9e-06 V                    ; 3.11 V              ; -0.0625 V           ; 0.224 V                              ; 0.17 V                               ; 6.86e-10 s                  ; 6.31e-10 s                  ; Yes                        ; No                         ; 3.08 V                      ; 1.9e-06 V                   ; 3.11 V             ; -0.0625 V          ; 0.224 V                             ; 0.17 V                              ; 6.86e-10 s                 ; 6.31e-10 s                 ; Yes                       ; No                        ;
; HEX5[1]       ; 3.3-V LVTTL  ; 0 s                 ; 0 s                 ; 3.08 V                       ; 1.9e-06 V                    ; 3.08 V              ; -0.00581 V          ; 0.138 V                              ; 0.22 V                               ; 5.55e-09 s                  ; 4.38e-09 s                  ; Yes                        ; Yes                        ; 3.08 V                      ; 1.9e-06 V                   ; 3.08 V             ; -0.00581 V         ; 0.138 V                             ; 0.22 V                              ; 5.55e-09 s                 ; 4.38e-09 s                 ; Yes                       ; Yes                       ;
; HEX5[2]       ; 3.3-V LVTTL  ; 0 s                 ; 0 s                 ; 3.08 V                       ; 1.9e-06 V                    ; 3.11 V              ; -0.0625 V           ; 0.224 V                              ; 0.17 V                               ; 6.86e-10 s                  ; 6.31e-10 s                  ; Yes                        ; No                         ; 3.08 V                      ; 1.9e-06 V                   ; 3.11 V             ; -0.0625 V          ; 0.224 V                             ; 0.17 V                              ; 6.86e-10 s                 ; 6.31e-10 s                 ; Yes                       ; No                        ;
; HEX5[3]       ; 3.3-V LVTTL  ; 0 s                 ; 0 s                 ; 3.08 V                       ; 1.9e-06 V                    ; 3.11 V              ; -0.0625 V           ; 0.224 V                              ; 0.17 V                               ; 6.86e-10 s                  ; 6.31e-10 s                  ; Yes                        ; No                         ; 3.08 V                      ; 1.9e-06 V                   ; 3.11 V             ; -0.0625 V          ; 0.224 V                             ; 0.17 V                              ; 6.86e-10 s                 ; 6.31e-10 s                 ; Yes                       ; No                        ;
; HEX5[4]       ; 3.3-V LVTTL  ; 0 s                 ; 0 s                 ; 3.08 V                       ; 1.9e-06 V                    ; 3.11 V              ; -0.0625 V           ; 0.224 V                              ; 0.17 V                               ; 6.86e-10 s                  ; 6.31e-10 s                  ; Yes                        ; No                         ; 3.08 V                      ; 1.9e-06 V                   ; 3.11 V             ; -0.0625 V          ; 0.224 V                             ; 0.17 V                              ; 6.86e-10 s                 ; 6.31e-10 s                 ; Yes                       ; No                        ;
; HEX5[5]       ; 3.3-V LVTTL  ; 0 s                 ; 0 s                 ; 3.08 V                       ; 1.9e-06 V                    ; 3.11 V              ; -0.0625 V           ; 0.224 V                              ; 0.17 V                               ; 6.86e-10 s                  ; 6.31e-10 s                  ; Yes                        ; No                         ; 3.08 V                      ; 1.9e-06 V                   ; 3.11 V             ; -0.0625 V          ; 0.224 V                             ; 0.17 V                              ; 6.86e-10 s                 ; 6.31e-10 s                 ; Yes                       ; No                        ;
; HEX5[6]       ; 3.3-V LVTTL  ; 0 s                 ; 0 s                 ; 3.08 V                       ; 1.9e-06 V                    ; 3.11 V              ; -0.0625 V           ; 0.224 V                              ; 0.17 V                               ; 6.86e-10 s                  ; 6.31e-10 s                  ; Yes                        ; No                         ; 3.08 V                      ; 1.9e-06 V                   ; 3.11 V             ; -0.0625 V          ; 0.224 V                             ; 0.17 V                              ; 6.86e-10 s                 ; 6.31e-10 s                 ; Yes                       ; No                        ;
; HEX6[0]       ; 3.3-V LVTTL  ; 0 s                 ; 0 s                 ; 3.08 V                       ; 1.9e-06 V                    ; 3.11 V              ; -0.0625 V           ; 0.224 V                              ; 0.17 V                               ; 6.86e-10 s                  ; 6.31e-10 s                  ; Yes                        ; No                         ; 3.08 V                      ; 1.9e-06 V                   ; 3.11 V             ; -0.0625 V          ; 0.224 V                             ; 0.17 V                              ; 6.86e-10 s                 ; 6.31e-10 s                 ; Yes                       ; No                        ;
; HEX6[1]       ; 3.3-V LVTTL  ; 0 s                 ; 0 s                 ; 3.08 V                       ; 1.9e-06 V                    ; 3.11 V              ; -0.0625 V           ; 0.224 V                              ; 0.17 V                               ; 6.86e-10 s                  ; 6.31e-10 s                  ; Yes                        ; No                         ; 3.08 V                      ; 1.9e-06 V                   ; 3.11 V             ; -0.0625 V          ; 0.224 V                             ; 0.17 V                              ; 6.86e-10 s                 ; 6.31e-10 s                 ; Yes                       ; No                        ;
; HEX6[2]       ; 3.3-V LVTTL  ; 0 s                 ; 0 s                 ; 3.08 V                       ; 1.9e-06 V                    ; 3.11 V              ; -0.0625 V           ; 0.224 V                              ; 0.17 V                               ; 6.86e-10 s                  ; 6.31e-10 s                  ; Yes                        ; No                         ; 3.08 V                      ; 1.9e-06 V                   ; 3.11 V             ; -0.0625 V          ; 0.224 V                             ; 0.17 V                              ; 6.86e-10 s                 ; 6.31e-10 s                 ; Yes                       ; No                        ;
; HEX6[3]       ; 3.3-V LVTTL  ; 0 s                 ; 0 s                 ; 3.08 V                       ; 1.9e-06 V                    ; 3.11 V              ; -0.0625 V           ; 0.224 V                              ; 0.17 V                               ; 6.86e-10 s                  ; 6.31e-10 s                  ; Yes                        ; No                         ; 3.08 V                      ; 1.9e-06 V                   ; 3.11 V             ; -0.0625 V          ; 0.224 V                             ; 0.17 V                              ; 6.86e-10 s                 ; 6.31e-10 s                 ; Yes                       ; No                        ;
; HEX6[4]       ; 3.3-V LVTTL  ; 0 s                 ; 0 s                 ; 3.08 V                       ; 1.9e-06 V                    ; 3.11 V              ; -0.0625 V           ; 0.224 V                              ; 0.17 V                               ; 6.86e-10 s                  ; 6.31e-10 s                  ; Yes                        ; No                         ; 3.08 V                      ; 1.9e-06 V                   ; 3.11 V             ; -0.0625 V          ; 0.224 V                             ; 0.17 V                              ; 6.86e-10 s                 ; 6.31e-10 s                 ; Yes                       ; No                        ;
; HEX6[5]       ; 3.3-V LVTTL  ; 0 s                 ; 0 s                 ; 3.08 V                       ; 1.9e-06 V                    ; 3.08 V              ; -0.00581 V          ; 0.138 V                              ; 0.22 V                               ; 5.55e-09 s                  ; 4.38e-09 s                  ; Yes                        ; Yes                        ; 3.08 V                      ; 1.9e-06 V                   ; 3.08 V             ; -0.00581 V         ; 0.138 V                             ; 0.22 V                              ; 5.55e-09 s                 ; 4.38e-09 s                 ; Yes                       ; Yes                       ;
; HEX6[6]       ; 3.3-V LVTTL  ; 0 s                 ; 0 s                 ; 3.08 V                       ; 1.9e-06 V                    ; 3.11 V              ; -0.0625 V           ; 0.224 V                              ; 0.17 V                               ; 6.86e-10 s                  ; 6.31e-10 s                  ; Yes                        ; No                         ; 3.08 V                      ; 1.9e-06 V                   ; 3.11 V             ; -0.0625 V          ; 0.224 V                             ; 0.17 V                              ; 6.86e-10 s                 ; 6.31e-10 s                 ; Yes                       ; No                        ;
; HEX7[0]       ; 3.3-V LVTTL  ; 0 s                 ; 0 s                 ; 3.08 V                       ; 1.9e-06 V                    ; 3.11 V              ; -0.0625 V           ; 0.224 V                              ; 0.17 V                               ; 6.86e-10 s                  ; 6.31e-10 s                  ; Yes                        ; No                         ; 3.08 V                      ; 1.9e-06 V                   ; 3.11 V             ; -0.0625 V          ; 0.224 V                             ; 0.17 V                              ; 6.86e-10 s                 ; 6.31e-10 s                 ; Yes                       ; No                        ;
; HEX7[1]       ; 3.3-V LVTTL  ; 0 s                 ; 0 s                 ; 3.08 V                       ; 1.9e-06 V                    ; 3.11 V              ; -0.0625 V           ; 0.224 V                              ; 0.17 V                               ; 6.86e-10 s                  ; 6.31e-10 s                  ; Yes                        ; No                         ; 3.08 V                      ; 1.9e-06 V                   ; 3.11 V             ; -0.0625 V          ; 0.224 V                             ; 0.17 V                              ; 6.86e-10 s                 ; 6.31e-10 s                 ; Yes                       ; No                        ;
; HEX7[2]       ; 3.3-V LVTTL  ; 0 s                 ; 0 s                 ; 3.08 V                       ; 1.9e-06 V                    ; 3.11 V              ; -0.0625 V           ; 0.224 V                              ; 0.17 V                               ; 6.86e-10 s                  ; 6.31e-10 s                  ; Yes                        ; No                         ; 3.08 V                      ; 1.9e-06 V                   ; 3.11 V             ; -0.0625 V          ; 0.224 V                             ; 0.17 V                              ; 6.86e-10 s                 ; 6.31e-10 s                 ; Yes                       ; No                        ;
; HEX7[3]       ; 3.3-V LVTTL  ; 0 s                 ; 0 s                 ; 3.08 V                       ; 1.9e-06 V                    ; 3.11 V              ; -0.0625 V           ; 0.224 V                              ; 0.17 V                               ; 6.86e-10 s                  ; 6.31e-10 s                  ; Yes                        ; No                         ; 3.08 V                      ; 1.9e-06 V                   ; 3.11 V             ; -0.0625 V          ; 0.224 V                             ; 0.17 V                              ; 6.86e-10 s                 ; 6.31e-10 s                 ; Yes                       ; No                        ;
; HEX7[4]       ; 3.3-V LVTTL  ; 0 s                 ; 0 s                 ; 3.08 V                       ; 1.9e-06 V                    ; 3.11 V              ; -0.0625 V           ; 0.224 V                              ; 0.17 V                               ; 6.86e-10 s                  ; 6.31e-10 s                  ; Yes                        ; No                         ; 3.08 V                      ; 1.9e-06 V                   ; 3.11 V             ; -0.0625 V          ; 0.224 V                             ; 0.17 V                              ; 6.86e-10 s                 ; 6.31e-10 s                 ; Yes                       ; No                        ;
; HEX7[5]       ; 3.3-V LVTTL  ; 0 s                 ; 0 s                 ; 3.08 V                       ; 1.9e-06 V                    ; 3.11 V              ; -0.0625 V           ; 0.224 V                              ; 0.17 V                               ; 6.86e-10 s                  ; 6.31e-10 s                  ; Yes                        ; No                         ; 3.08 V                      ; 1.9e-06 V                   ; 3.11 V             ; -0.0625 V          ; 0.224 V                             ; 0.17 V                              ; 6.86e-10 s                 ; 6.31e-10 s                 ; Yes                       ; No                        ;
; HEX7[6]       ; 3.3-V LVTTL  ; 0 s                 ; 0 s                 ; 3.08 V                       ; 1.9e-06 V                    ; 3.11 V              ; -0.0625 V           ; 0.224 V                              ; 0.17 V                               ; 6.86e-10 s                  ; 6.31e-10 s                  ; Yes                        ; No                         ; 3.08 V                      ; 1.9e-06 V                   ; 3.11 V             ; -0.0625 V          ; 0.224 V                             ; 0.17 V                              ; 6.86e-10 s                 ; 6.31e-10 s                 ; Yes                       ; No                        ;
; ~ALTERA_DCLK~ ; 3.3-V LVTTL  ; 0 s                 ; 0 s                 ; 3.08 V                       ; 6.54e-07 V                   ; 3.14 V              ; -0.115 V            ; 0.146 V                              ; 0.141 V                              ; 3.07e-10 s                  ; 3.96e-10 s                  ; Yes                        ; No                         ; 3.08 V                      ; 6.54e-07 V                  ; 3.14 V             ; -0.115 V           ; 0.146 V                             ; 0.141 V                             ; 3.07e-10 s                 ; 3.96e-10 s                 ; Yes                       ; No                        ;
; ~ALTERA_nCEO~ ; 3.3-V LVTTL  ; 0 s                 ; 0 s                 ; 3.08 V                       ; 1.28e-06 V                   ; 3.11 V              ; -0.0528 V           ; 0.302 V                              ; 0.199 V                              ; 9.51e-10 s                  ; 8.47e-10 s                  ; Yes                        ; No                         ; 3.08 V                      ; 1.28e-06 V                  ; 3.11 V             ; -0.0528 V          ; 0.302 V                             ; 0.199 V                             ; 9.51e-10 s                 ; 8.47e-10 s                 ; Yes                       ; No                        ;
+---------------+--------------+---------------------+---------------------+------------------------------+------------------------------+---------------------+---------------------+--------------------------------------+--------------------------------------+-----------------------------+-----------------------------+----------------------------+----------------------------+-----------------------------+-----------------------------+--------------------+--------------------+-------------------------------------+-------------------------------------+----------------------------+----------------------------+---------------------------+---------------------------+


+--------------------------------------------------------------------------------------------------------------------------------------------------------------------------------------------------------------------------------------------------------------------------------------------------------------------------------------------------------------------------------------------------------------------------------------------------------------------------------------------------------------------------------------------------------------------------------------------------------------------------------------------------------------------------------------------+
; Signal Integrity Metrics (Fast 1200mv 0c Model)                                                                                                                                                                                                                                                                                                                                                                                                                                                                                                                                                                                                                                            ;
+---------------+--------------+---------------------+---------------------+------------------------------+------------------------------+---------------------+---------------------+--------------------------------------+--------------------------------------+-----------------------------+-----------------------------+----------------------------+----------------------------+-----------------------------+-----------------------------+--------------------+--------------------+-------------------------------------+-------------------------------------+----------------------------+----------------------------+---------------------------+---------------------------+
; Pin           ; I/O Standard ; Board Delay on Rise ; Board Delay on Fall ; Steady State Voh at FPGA Pin ; Steady State Vol at FPGA Pin ; Voh Max at FPGA Pin ; Vol Min at FPGA Pin ; Ringback Voltage on Rise at FPGA Pin ; Ringback Voltage on Fall at FPGA Pin ; 10-90 Rise Time at FPGA Pin ; 90-10 Fall Time at FPGA Pin ; Monotonic Rise at FPGA Pin ; Monotonic Fall at FPGA Pin ; Steady State Voh at Far-end ; Steady State Vol at Far-end ; Voh Max at Far-end ; Vol Min at Far-end ; Ringback Voltage on Rise at Far-end ; Ringback Voltage on Fall at Far-end ; 10-90 Rise Time at Far-end ; 90-10 Fall Time at Far-end ; Monotonic Rise at Far-end ; Monotonic Fall at Far-end ;
+---------------+--------------+---------------------+---------------------+------------------------------+------------------------------+---------------------+---------------------+--------------------------------------+--------------------------------------+-----------------------------+-----------------------------+----------------------------+----------------------------+-----------------------------+-----------------------------+--------------------+--------------------+-------------------------------------+-------------------------------------+----------------------------+----------------------------+---------------------------+---------------------------+
; LEDG[0]       ; 2.5 V        ; 0 s                 ; 0 s                 ; 2.62 V                       ; 4.05e-08 V                   ; 2.72 V              ; -0.0349 V           ; 0.173 V                              ; 0.1 V                                ; 2.72e-10 s                  ; 2.69e-10 s                  ; Yes                        ; Yes                        ; 2.62 V                      ; 4.05e-08 V                  ; 2.72 V             ; -0.0349 V          ; 0.173 V                             ; 0.1 V                               ; 2.72e-10 s                 ; 2.69e-10 s                 ; Yes                       ; Yes                       ;
; LEDG[1]       ; 2.5 V        ; 0 s                 ; 0 s                 ; 2.62 V                       ; 4.05e-08 V                   ; 2.72 V              ; -0.0349 V           ; 0.173 V                              ; 0.1 V                                ; 2.72e-10 s                  ; 2.69e-10 s                  ; Yes                        ; Yes                        ; 2.62 V                      ; 4.05e-08 V                  ; 2.72 V             ; -0.0349 V          ; 0.173 V                             ; 0.1 V                               ; 2.72e-10 s                 ; 2.69e-10 s                 ; Yes                       ; Yes                       ;
; LEDG[2]       ; 2.5 V        ; 0 s                 ; 0 s                 ; 2.62 V                       ; 4.05e-08 V                   ; 2.72 V              ; -0.0349 V           ; 0.173 V                              ; 0.1 V                                ; 2.72e-10 s                  ; 2.69e-10 s                  ; Yes                        ; Yes                        ; 2.62 V                      ; 4.05e-08 V                  ; 2.72 V             ; -0.0349 V          ; 0.173 V                             ; 0.1 V                               ; 2.72e-10 s                 ; 2.69e-10 s                 ; Yes                       ; Yes                       ;
; LEDG[3]       ; 2.5 V        ; 0 s                 ; 0 s                 ; 2.62 V                       ; 4.05e-08 V                   ; 2.72 V              ; -0.0349 V           ; 0.173 V                              ; 0.1 V                                ; 2.72e-10 s                  ; 2.69e-10 s                  ; Yes                        ; Yes                        ; 2.62 V                      ; 4.05e-08 V                  ; 2.72 V             ; -0.0349 V          ; 0.173 V                             ; 0.1 V                               ; 2.72e-10 s                 ; 2.69e-10 s                 ; Yes                       ; Yes                       ;
; LEDG[4]       ; 2.5 V        ; 0 s                 ; 0 s                 ; 2.62 V                       ; 4.05e-08 V                   ; 2.72 V              ; -0.0349 V           ; 0.173 V                              ; 0.1 V                                ; 2.72e-10 s                  ; 2.69e-10 s                  ; Yes                        ; Yes                        ; 2.62 V                      ; 4.05e-08 V                  ; 2.72 V             ; -0.0349 V          ; 0.173 V                             ; 0.1 V                               ; 2.72e-10 s                 ; 2.69e-10 s                 ; Yes                       ; Yes                       ;
; LEDG[5]       ; 2.5 V        ; 0 s                 ; 0 s                 ; 2.62 V                       ; 4.05e-08 V                   ; 2.72 V              ; -0.0349 V           ; 0.173 V                              ; 0.1 V                                ; 2.72e-10 s                  ; 2.69e-10 s                  ; Yes                        ; Yes                        ; 2.62 V                      ; 4.05e-08 V                  ; 2.72 V             ; -0.0349 V          ; 0.173 V                             ; 0.1 V                               ; 2.72e-10 s                 ; 2.69e-10 s                 ; Yes                       ; Yes                       ;
; LEDG[6]       ; 2.5 V        ; 0 s                 ; 0 s                 ; 2.62 V                       ; 4.05e-08 V                   ; 2.72 V              ; -0.0349 V           ; 0.173 V                              ; 0.1 V                                ; 2.72e-10 s                  ; 2.69e-10 s                  ; Yes                        ; Yes                        ; 2.62 V                      ; 4.05e-08 V                  ; 2.72 V             ; -0.0349 V          ; 0.173 V                             ; 0.1 V                               ; 2.72e-10 s                 ; 2.69e-10 s                 ; Yes                       ; Yes                       ;
; LEDG[7]       ; 2.5 V        ; 0 s                 ; 0 s                 ; 2.62 V                       ; 4.05e-08 V                   ; 2.72 V              ; -0.0349 V           ; 0.173 V                              ; 0.1 V                                ; 2.72e-10 s                  ; 2.69e-10 s                  ; Yes                        ; Yes                        ; 2.62 V                      ; 4.05e-08 V                  ; 2.72 V             ; -0.0349 V          ; 0.173 V                             ; 0.1 V                               ; 2.72e-10 s                 ; 2.69e-10 s                 ; Yes                       ; Yes                       ;
; LEDG[8]       ; 2.5 V        ; 0 s                 ; 0 s                 ; 2.62 V                       ; 4.05e-08 V                   ; 2.72 V              ; -0.0349 V           ; 0.173 V                              ; 0.1 V                                ; 2.72e-10 s                  ; 2.69e-10 s                  ; Yes                        ; Yes                        ; 2.62 V                      ; 4.05e-08 V                  ; 2.72 V             ; -0.0349 V          ; 0.173 V                             ; 0.1 V                               ; 2.72e-10 s                 ; 2.69e-10 s                 ; Yes                       ; Yes                       ;
; LEDR[0]       ; 2.5 V        ; 0 s                 ; 0 s                 ; 2.62 V                       ; 4.05e-08 V                   ; 2.72 V              ; -0.0349 V           ; 0.173 V                              ; 0.1 V                                ; 2.72e-10 s                  ; 2.69e-10 s                  ; Yes                        ; Yes                        ; 2.62 V                      ; 4.05e-08 V                  ; 2.72 V             ; -0.0349 V          ; 0.173 V                             ; 0.1 V                               ; 2.72e-10 s                 ; 2.69e-10 s                 ; Yes                       ; Yes                       ;
; LEDR[1]       ; 2.5 V        ; 0 s                 ; 0 s                 ; 2.62 V                       ; 4.05e-08 V                   ; 2.72 V              ; -0.0349 V           ; 0.173 V                              ; 0.1 V                                ; 2.72e-10 s                  ; 2.69e-10 s                  ; Yes                        ; Yes                        ; 2.62 V                      ; 4.05e-08 V                  ; 2.72 V             ; -0.0349 V          ; 0.173 V                             ; 0.1 V                               ; 2.72e-10 s                 ; 2.69e-10 s                 ; Yes                       ; Yes                       ;
; LEDR[2]       ; 2.5 V        ; 0 s                 ; 0 s                 ; 2.62 V                       ; 4.05e-08 V                   ; 2.72 V              ; -0.0349 V           ; 0.173 V                              ; 0.1 V                                ; 2.72e-10 s                  ; 2.69e-10 s                  ; Yes                        ; Yes                        ; 2.62 V                      ; 4.05e-08 V                  ; 2.72 V             ; -0.0349 V          ; 0.173 V                             ; 0.1 V                               ; 2.72e-10 s                 ; 2.69e-10 s                 ; Yes                       ; Yes                       ;
; LEDR[3]       ; 2.5 V        ; 0 s                 ; 0 s                 ; 2.62 V                       ; 4.05e-08 V                   ; 2.72 V              ; -0.0349 V           ; 0.173 V                              ; 0.1 V                                ; 2.72e-10 s                  ; 2.69e-10 s                  ; Yes                        ; Yes                        ; 2.62 V                      ; 4.05e-08 V                  ; 2.72 V             ; -0.0349 V          ; 0.173 V                             ; 0.1 V                               ; 2.72e-10 s                 ; 2.69e-10 s                 ; Yes                       ; Yes                       ;
; LEDR[4]       ; 2.5 V        ; 0 s                 ; 0 s                 ; 2.62 V                       ; 4.05e-08 V                   ; 2.72 V              ; -0.0349 V           ; 0.173 V                              ; 0.1 V                                ; 2.72e-10 s                  ; 2.69e-10 s                  ; Yes                        ; Yes                        ; 2.62 V                      ; 4.05e-08 V                  ; 2.72 V             ; -0.0349 V          ; 0.173 V                             ; 0.1 V                               ; 2.72e-10 s                 ; 2.69e-10 s                 ; Yes                       ; Yes                       ;
; LEDR[5]       ; 2.5 V        ; 0 s                 ; 0 s                 ; 2.62 V                       ; 4.05e-08 V                   ; 2.72 V              ; -0.0349 V           ; 0.173 V                              ; 0.1 V                                ; 2.72e-10 s                  ; 2.69e-10 s                  ; Yes                        ; Yes                        ; 2.62 V                      ; 4.05e-08 V                  ; 2.72 V             ; -0.0349 V          ; 0.173 V                             ; 0.1 V                               ; 2.72e-10 s                 ; 2.69e-10 s                 ; Yes                       ; Yes                       ;
; LEDR[6]       ; 2.5 V        ; 0 s                 ; 0 s                 ; 2.62 V                       ; 4.05e-08 V                   ; 2.72 V              ; -0.0349 V           ; 0.173 V                              ; 0.1 V                                ; 2.72e-10 s                  ; 2.69e-10 s                  ; Yes                        ; Yes                        ; 2.62 V                      ; 4.05e-08 V                  ; 2.72 V             ; -0.0349 V          ; 0.173 V                             ; 0.1 V                               ; 2.72e-10 s                 ; 2.69e-10 s                 ; Yes                       ; Yes                       ;
; LEDR[7]       ; 2.5 V        ; 0 s                 ; 0 s                 ; 2.62 V                       ; 4.05e-08 V                   ; 2.72 V              ; -0.0349 V           ; 0.173 V                              ; 0.1 V                                ; 2.72e-10 s                  ; 2.69e-10 s                  ; Yes                        ; Yes                        ; 2.62 V                      ; 4.05e-08 V                  ; 2.72 V             ; -0.0349 V          ; 0.173 V                             ; 0.1 V                               ; 2.72e-10 s                 ; 2.69e-10 s                 ; Yes                       ; Yes                       ;
; LEDR[8]       ; 2.5 V        ; 0 s                 ; 0 s                 ; 2.62 V                       ; 4.05e-08 V                   ; 2.72 V              ; -0.0349 V           ; 0.173 V                              ; 0.1 V                                ; 2.72e-10 s                  ; 2.69e-10 s                  ; Yes                        ; Yes                        ; 2.62 V                      ; 4.05e-08 V                  ; 2.72 V             ; -0.0349 V          ; 0.173 V                             ; 0.1 V                               ; 2.72e-10 s                 ; 2.69e-10 s                 ; Yes                       ; Yes                       ;
; LEDR[9]       ; 2.5 V        ; 0 s                 ; 0 s                 ; 2.62 V                       ; 4.05e-08 V                   ; 2.64 V              ; -0.0113 V           ; 0.208 V                              ; 0.179 V                              ; 2.38e-09 s                  ; 2.23e-09 s                  ; No                         ; Yes                        ; 2.62 V                      ; 4.05e-08 V                  ; 2.64 V             ; -0.0113 V          ; 0.208 V                             ; 0.179 V                             ; 2.38e-09 s                 ; 2.23e-09 s                 ; No                        ; Yes                       ;
; LEDR[10]      ; 2.5 V        ; 0 s                 ; 0 s                 ; 2.62 V                       ; 4.05e-08 V                   ; 2.72 V              ; -0.0349 V           ; 0.173 V                              ; 0.1 V                                ; 2.72e-10 s                  ; 2.69e-10 s                  ; Yes                        ; Yes                        ; 2.62 V                      ; 4.05e-08 V                  ; 2.72 V             ; -0.0349 V          ; 0.173 V                             ; 0.1 V                               ; 2.72e-10 s                 ; 2.69e-10 s                 ; Yes                       ; Yes                       ;
; LEDR[11]      ; 2.5 V        ; 0 s                 ; 0 s                 ; 2.62 V                       ; 4.05e-08 V                   ; 2.72 V              ; -0.0349 V           ; 0.173 V                              ; 0.1 V                                ; 2.72e-10 s                  ; 2.69e-10 s                  ; Yes                        ; Yes                        ; 2.62 V                      ; 4.05e-08 V                  ; 2.72 V             ; -0.0349 V          ; 0.173 V                             ; 0.1 V                               ; 2.72e-10 s                 ; 2.69e-10 s                 ; Yes                       ; Yes                       ;
; LEDR[12]      ; 2.5 V        ; 0 s                 ; 0 s                 ; 2.62 V                       ; 4.05e-08 V                   ; 2.72 V              ; -0.0349 V           ; 0.173 V                              ; 0.1 V                                ; 2.72e-10 s                  ; 2.69e-10 s                  ; Yes                        ; Yes                        ; 2.62 V                      ; 4.05e-08 V                  ; 2.72 V             ; -0.0349 V          ; 0.173 V                             ; 0.1 V                               ; 2.72e-10 s                 ; 2.69e-10 s                 ; Yes                       ; Yes                       ;
; LEDR[13]      ; 2.5 V        ; 0 s                 ; 0 s                 ; 2.62 V                       ; 4.05e-08 V                   ; 2.72 V              ; -0.0349 V           ; 0.173 V                              ; 0.1 V                                ; 2.72e-10 s                  ; 2.69e-10 s                  ; Yes                        ; Yes                        ; 2.62 V                      ; 4.05e-08 V                  ; 2.72 V             ; -0.0349 V          ; 0.173 V                             ; 0.1 V                               ; 2.72e-10 s                 ; 2.69e-10 s                 ; Yes                       ; Yes                       ;
; LEDR[14]      ; 2.5 V        ; 0 s                 ; 0 s                 ; 2.62 V                       ; 4.05e-08 V                   ; 2.72 V              ; -0.0349 V           ; 0.173 V                              ; 0.1 V                                ; 2.72e-10 s                  ; 2.69e-10 s                  ; Yes                        ; Yes                        ; 2.62 V                      ; 4.05e-08 V                  ; 2.72 V             ; -0.0349 V          ; 0.173 V                             ; 0.1 V                               ; 2.72e-10 s                 ; 2.69e-10 s                 ; Yes                       ; Yes                       ;
; LEDR[15]      ; 2.5 V        ; 0 s                 ; 0 s                 ; 2.62 V                       ; 4.05e-08 V                   ; 2.64 V              ; -0.0113 V           ; 0.208 V                              ; 0.179 V                              ; 2.38e-09 s                  ; 2.23e-09 s                  ; No                         ; Yes                        ; 2.62 V                      ; 4.05e-08 V                  ; 2.64 V             ; -0.0113 V          ; 0.208 V                             ; 0.179 V                             ; 2.38e-09 s                 ; 2.23e-09 s                 ; No                        ; Yes                       ;
; LEDR[16]      ; 2.5 V        ; 0 s                 ; 0 s                 ; 2.62 V                       ; 4.05e-08 V                   ; 2.72 V              ; -0.0349 V           ; 0.173 V                              ; 0.1 V                                ; 2.72e-10 s                  ; 2.69e-10 s                  ; Yes                        ; Yes                        ; 2.62 V                      ; 4.05e-08 V                  ; 2.72 V             ; -0.0349 V          ; 0.173 V                             ; 0.1 V                               ; 2.72e-10 s                 ; 2.69e-10 s                 ; Yes                       ; Yes                       ;
; LEDR[17]      ; 2.5 V        ; 0 s                 ; 0 s                 ; 2.62 V                       ; 4.05e-08 V                   ; 2.72 V              ; -0.0349 V           ; 0.173 V                              ; 0.1 V                                ; 2.72e-10 s                  ; 2.69e-10 s                  ; Yes                        ; Yes                        ; 2.62 V                      ; 4.05e-08 V                  ; 2.72 V             ; -0.0349 V          ; 0.173 V                             ; 0.1 V                               ; 2.72e-10 s                 ; 2.69e-10 s                 ; Yes                       ; Yes                       ;
; HEX0[0]       ; 2.5 V        ; 0 s                 ; 0 s                 ; 2.62 V                       ; 4.05e-08 V                   ; 2.72 V              ; -0.0349 V           ; 0.173 V                              ; 0.1 V                                ; 2.72e-10 s                  ; 2.69e-10 s                  ; Yes                        ; Yes                        ; 2.62 V                      ; 4.05e-08 V                  ; 2.72 V             ; -0.0349 V          ; 0.173 V                             ; 0.1 V                               ; 2.72e-10 s                 ; 2.69e-10 s                 ; Yes                       ; Yes                       ;
; HEX0[1]       ; 2.5 V        ; 0 s                 ; 0 s                 ; 2.62 V                       ; 4.05e-08 V                   ; 2.64 V              ; -0.0113 V           ; 0.208 V                              ; 0.179 V                              ; 2.38e-09 s                  ; 2.23e-09 s                  ; No                         ; Yes                        ; 2.62 V                      ; 4.05e-08 V                  ; 2.64 V             ; -0.0113 V          ; 0.208 V                             ; 0.179 V                             ; 2.38e-09 s                 ; 2.23e-09 s                 ; No                        ; Yes                       ;
; HEX0[2]       ; 2.5 V        ; 0 s                 ; 0 s                 ; 2.62 V                       ; 4.05e-08 V                   ; 2.72 V              ; -0.0349 V           ; 0.173 V                              ; 0.1 V                                ; 2.72e-10 s                  ; 2.69e-10 s                  ; Yes                        ; Yes                        ; 2.62 V                      ; 4.05e-08 V                  ; 2.72 V             ; -0.0349 V          ; 0.173 V                             ; 0.1 V                               ; 2.72e-10 s                 ; 2.69e-10 s                 ; Yes                       ; Yes                       ;
; HEX0[3]       ; 3.3-V LVTTL  ; 0 s                 ; 0 s                 ; 3.46 V                       ; 1.25e-07 V                   ; 3.6 V               ; -0.127 V            ; 0.302 V                              ; 0.21 V                               ; 4.55e-10 s                  ; 4.11e-10 s                  ; No                         ; No                         ; 3.46 V                      ; 1.25e-07 V                  ; 3.6 V              ; -0.127 V           ; 0.302 V                             ; 0.21 V                              ; 4.55e-10 s                 ; 4.11e-10 s                 ; No                        ; No                        ;
; HEX0[4]       ; 3.3-V LVTTL  ; 0 s                 ; 0 s                 ; 3.46 V                       ; 1.25e-07 V                   ; 3.6 V               ; -0.127 V            ; 0.302 V                              ; 0.21 V                               ; 4.55e-10 s                  ; 4.11e-10 s                  ; No                         ; No                         ; 3.46 V                      ; 1.25e-07 V                  ; 3.6 V              ; -0.127 V           ; 0.302 V                             ; 0.21 V                              ; 4.55e-10 s                 ; 4.11e-10 s                 ; No                        ; No                        ;
; HEX0[5]       ; 3.3-V LVTTL  ; 0 s                 ; 0 s                 ; 3.46 V                       ; 1.25e-07 V                   ; 3.48 V              ; -0.0162 V           ; 0.354 V                              ; 0.317 V                              ; 3.88e-09 s                  ; 3.06e-09 s                  ; No                         ; No                         ; 3.46 V                      ; 1.25e-07 V                  ; 3.48 V             ; -0.0162 V          ; 0.354 V                             ; 0.317 V                             ; 3.88e-09 s                 ; 3.06e-09 s                 ; No                        ; No                        ;
; HEX0[6]       ; 3.3-V LVTTL  ; 0 s                 ; 0 s                 ; 3.46 V                       ; 1.25e-07 V                   ; 3.6 V               ; -0.127 V            ; 0.302 V                              ; 0.21 V                               ; 4.55e-10 s                  ; 4.11e-10 s                  ; No                         ; No                         ; 3.46 V                      ; 1.25e-07 V                  ; 3.6 V              ; -0.127 V           ; 0.302 V                             ; 0.21 V                              ; 4.55e-10 s                 ; 4.11e-10 s                 ; No                        ; No                        ;
; HEX1[0]       ; 3.3-V LVTTL  ; 0 s                 ; 0 s                 ; 3.46 V                       ; 1.25e-07 V                   ; 3.6 V               ; -0.127 V            ; 0.302 V                              ; 0.21 V                               ; 4.55e-10 s                  ; 4.11e-10 s                  ; No                         ; No                         ; 3.46 V                      ; 1.25e-07 V                  ; 3.6 V              ; -0.127 V           ; 0.302 V                             ; 0.21 V                              ; 4.55e-10 s                 ; 4.11e-10 s                 ; No                        ; No                        ;
; HEX1[1]       ; 3.3-V LVTTL  ; 0 s                 ; 0 s                 ; 3.46 V                       ; 1.25e-07 V                   ; 3.57 V              ; -0.0855 V           ; 0.315 V                              ; 0.175 V                              ; 6.79e-10 s                  ; 6.15e-10 s                  ; No                         ; No                         ; 3.46 V                      ; 1.25e-07 V                  ; 3.57 V             ; -0.0855 V          ; 0.315 V                             ; 0.175 V                             ; 6.79e-10 s                 ; 6.15e-10 s                 ; No                        ; No                        ;
; HEX1[2]       ; 3.3-V LVTTL  ; 0 s                 ; 0 s                 ; 3.46 V                       ; 1.25e-07 V                   ; 3.57 V              ; -0.0855 V           ; 0.315 V                              ; 0.175 V                              ; 6.79e-10 s                  ; 6.15e-10 s                  ; No                         ; No                         ; 3.46 V                      ; 1.25e-07 V                  ; 3.57 V             ; -0.0855 V          ; 0.315 V                             ; 0.175 V                             ; 6.79e-10 s                 ; 6.15e-10 s                 ; No                        ; No                        ;
; HEX1[3]       ; 3.3-V LVTTL  ; 0 s                 ; 0 s                 ; 3.46 V                       ; 1.25e-07 V                   ; 3.57 V              ; -0.0855 V           ; 0.315 V                              ; 0.175 V                              ; 6.79e-10 s                  ; 6.15e-10 s                  ; No                         ; No                         ; 3.46 V                      ; 1.25e-07 V                  ; 3.57 V             ; -0.0855 V          ; 0.315 V                             ; 0.175 V                             ; 6.79e-10 s                 ; 6.15e-10 s                 ; No                        ; No                        ;
; HEX1[4]       ; 3.3-V LVTTL  ; 0 s                 ; 0 s                 ; 3.46 V                       ; 1.25e-07 V                   ; 3.57 V              ; -0.0855 V           ; 0.315 V                              ; 0.175 V                              ; 6.79e-10 s                  ; 6.15e-10 s                  ; No                         ; No                         ; 3.46 V                      ; 1.25e-07 V                  ; 3.57 V             ; -0.0855 V          ; 0.315 V                             ; 0.175 V                             ; 6.79e-10 s                 ; 6.15e-10 s                 ; No                        ; No                        ;
; HEX1[5]       ; 3.3-V LVTTL  ; 0 s                 ; 0 s                 ; 3.46 V                       ; 1.25e-07 V                   ; 3.48 V              ; -0.0162 V           ; 0.354 V                              ; 0.317 V                              ; 3.88e-09 s                  ; 3.06e-09 s                  ; No                         ; No                         ; 3.46 V                      ; 1.25e-07 V                  ; 3.48 V             ; -0.0162 V          ; 0.354 V                             ; 0.317 V                             ; 3.88e-09 s                 ; 3.06e-09 s                 ; No                        ; No                        ;
; HEX1[6]       ; 3.3-V LVTTL  ; 0 s                 ; 0 s                 ; 3.46 V                       ; 1.25e-07 V                   ; 3.48 V              ; -0.0162 V           ; 0.354 V                              ; 0.317 V                              ; 3.88e-09 s                  ; 3.06e-09 s                  ; No                         ; No                         ; 3.46 V                      ; 1.25e-07 V                  ; 3.48 V             ; -0.0162 V          ; 0.354 V                             ; 0.317 V                             ; 3.88e-09 s                 ; 3.06e-09 s                 ; No                        ; No                        ;
; HEX2[0]       ; 3.3-V LVTTL  ; 0 s                 ; 0 s                 ; 3.46 V                       ; 1.25e-07 V                   ; 3.57 V              ; -0.0855 V           ; 0.315 V                              ; 0.175 V                              ; 6.79e-10 s                  ; 6.15e-10 s                  ; No                         ; No                         ; 3.46 V                      ; 1.25e-07 V                  ; 3.57 V             ; -0.0855 V          ; 0.315 V                             ; 0.175 V                             ; 6.79e-10 s                 ; 6.15e-10 s                 ; No                        ; No                        ;
; HEX2[1]       ; 3.3-V LVTTL  ; 0 s                 ; 0 s                 ; 3.46 V                       ; 1.25e-07 V                   ; 3.57 V              ; -0.0855 V           ; 0.315 V                              ; 0.175 V                              ; 6.79e-10 s                  ; 6.15e-10 s                  ; No                         ; No                         ; 3.46 V                      ; 1.25e-07 V                  ; 3.57 V             ; -0.0855 V          ; 0.315 V                             ; 0.175 V                             ; 6.79e-10 s                 ; 6.15e-10 s                 ; No                        ; No                        ;
; HEX2[2]       ; 3.3-V LVTTL  ; 0 s                 ; 0 s                 ; 3.46 V                       ; 1.25e-07 V                   ; 3.57 V              ; -0.0855 V           ; 0.315 V                              ; 0.175 V                              ; 6.79e-10 s                  ; 6.15e-10 s                  ; No                         ; No                         ; 3.46 V                      ; 1.25e-07 V                  ; 3.57 V             ; -0.0855 V          ; 0.315 V                             ; 0.175 V                             ; 6.79e-10 s                 ; 6.15e-10 s                 ; No                        ; No                        ;
; HEX2[3]       ; 3.3-V LVTTL  ; 0 s                 ; 0 s                 ; 3.46 V                       ; 1.25e-07 V                   ; 3.57 V              ; -0.0855 V           ; 0.315 V                              ; 0.175 V                              ; 6.79e-10 s                  ; 6.15e-10 s                  ; No                         ; No                         ; 3.46 V                      ; 1.25e-07 V                  ; 3.57 V             ; -0.0855 V          ; 0.315 V                             ; 0.175 V                             ; 6.79e-10 s                 ; 6.15e-10 s                 ; No                        ; No                        ;
; HEX2[4]       ; 3.3-V LVTTL  ; 0 s                 ; 0 s                 ; 3.46 V                       ; 1.25e-07 V                   ; 3.57 V              ; -0.0855 V           ; 0.315 V                              ; 0.175 V                              ; 6.79e-10 s                  ; 6.15e-10 s                  ; No                         ; No                         ; 3.46 V                      ; 1.25e-07 V                  ; 3.57 V             ; -0.0855 V          ; 0.315 V                             ; 0.175 V                             ; 6.79e-10 s                 ; 6.15e-10 s                 ; No                        ; No                        ;
; HEX2[5]       ; 3.3-V LVTTL  ; 0 s                 ; 0 s                 ; 3.46 V                       ; 1.25e-07 V                   ; 3.57 V              ; -0.0855 V           ; 0.315 V                              ; 0.175 V                              ; 6.79e-10 s                  ; 6.15e-10 s                  ; No                         ; No                         ; 3.46 V                      ; 1.25e-07 V                  ; 3.57 V             ; -0.0855 V          ; 0.315 V                             ; 0.175 V                             ; 6.79e-10 s                 ; 6.15e-10 s                 ; No                        ; No                        ;
; HEX2[6]       ; 3.3-V LVTTL  ; 0 s                 ; 0 s                 ; 3.46 V                       ; 1.25e-07 V                   ; 3.57 V              ; -0.0855 V           ; 0.315 V                              ; 0.175 V                              ; 6.79e-10 s                  ; 6.15e-10 s                  ; No                         ; No                         ; 3.46 V                      ; 1.25e-07 V                  ; 3.57 V             ; -0.0855 V          ; 0.315 V                             ; 0.175 V                             ; 6.79e-10 s                 ; 6.15e-10 s                 ; No                        ; No                        ;
; HEX3[0]       ; 3.3-V LVTTL  ; 0 s                 ; 0 s                 ; 3.46 V                       ; 1.25e-07 V                   ; 3.57 V              ; -0.0855 V           ; 0.315 V                              ; 0.175 V                              ; 6.79e-10 s                  ; 6.15e-10 s                  ; No                         ; No                         ; 3.46 V                      ; 1.25e-07 V                  ; 3.57 V             ; -0.0855 V          ; 0.315 V                             ; 0.175 V                             ; 6.79e-10 s                 ; 6.15e-10 s                 ; No                        ; No                        ;
; HEX3[1]       ; 3.3-V LVTTL  ; 0 s                 ; 0 s                 ; 3.46 V                       ; 1.25e-07 V                   ; 3.6 V               ; -0.127 V            ; 0.302 V                              ; 0.21 V                               ; 4.55e-10 s                  ; 4.11e-10 s                  ; No                         ; No                         ; 3.46 V                      ; 1.25e-07 V                  ; 3.6 V              ; -0.127 V           ; 0.302 V                             ; 0.21 V                              ; 4.55e-10 s                 ; 4.11e-10 s                 ; No                        ; No                        ;
; HEX3[2]       ; 3.3-V LVTTL  ; 0 s                 ; 0 s                 ; 3.46 V                       ; 1.85e-07 V                   ; 3.48 V              ; -0.0173 V           ; 0.356 V                              ; 0.324 V                              ; 3.89e-09 s                  ; 3.06e-09 s                  ; No                         ; No                         ; 3.46 V                      ; 1.85e-07 V                  ; 3.48 V             ; -0.0173 V          ; 0.356 V                             ; 0.324 V                             ; 3.89e-09 s                 ; 3.06e-09 s                 ; No                        ; No                        ;
; HEX3[3]       ; 3.3-V LVTTL  ; 0 s                 ; 0 s                 ; 3.46 V                       ; 1.85e-07 V                   ; 3.57 V              ; -0.141 V            ; 0.301 V                              ; 0.239 V                              ; 4.61e-10 s                  ; 4.2e-10 s                   ; No                         ; No                         ; 3.46 V                      ; 1.85e-07 V                  ; 3.57 V             ; -0.141 V           ; 0.301 V                             ; 0.239 V                             ; 4.61e-10 s                 ; 4.2e-10 s                  ; No                        ; No                        ;
; HEX3[4]       ; 3.3-V LVTTL  ; 0 s                 ; 0 s                 ; 3.46 V                       ; 1.85e-07 V                   ; 3.57 V              ; -0.141 V            ; 0.301 V                              ; 0.239 V                              ; 4.61e-10 s                  ; 4.2e-10 s                   ; No                         ; No                         ; 3.46 V                      ; 1.85e-07 V                  ; 3.57 V             ; -0.141 V           ; 0.301 V                             ; 0.239 V                             ; 4.61e-10 s                 ; 4.2e-10 s                  ; No                        ; No                        ;
; HEX3[5]       ; 3.3-V LVTTL  ; 0 s                 ; 0 s                 ; 3.46 V                       ; 1.85e-07 V                   ; 3.57 V              ; -0.141 V            ; 0.301 V                              ; 0.239 V                              ; 4.61e-10 s                  ; 4.2e-10 s                   ; No                         ; No                         ; 3.46 V                      ; 1.85e-07 V                  ; 3.57 V             ; -0.141 V           ; 0.301 V                             ; 0.239 V                             ; 4.61e-10 s                 ; 4.2e-10 s                  ; No                        ; No                        ;
; HEX3[6]       ; 3.3-V LVTTL  ; 0 s                 ; 0 s                 ; 3.46 V                       ; 1.85e-07 V                   ; 3.57 V              ; -0.141 V            ; 0.301 V                              ; 0.239 V                              ; 4.61e-10 s                  ; 4.2e-10 s                   ; No                         ; No                         ; 3.46 V                      ; 1.85e-07 V                  ; 3.57 V             ; -0.141 V           ; 0.301 V                             ; 0.239 V                             ; 4.61e-10 s                 ; 4.2e-10 s                  ; No                        ; No                        ;
; HEX4[0]       ; 3.3-V LVTTL  ; 0 s                 ; 0 s                 ; 3.46 V                       ; 1.85e-07 V                   ; 3.57 V              ; -0.141 V            ; 0.301 V                              ; 0.239 V                              ; 4.61e-10 s                  ; 4.2e-10 s                   ; No                         ; No                         ; 3.46 V                      ; 1.85e-07 V                  ; 3.57 V             ; -0.141 V           ; 0.301 V                             ; 0.239 V                             ; 4.61e-10 s                 ; 4.2e-10 s                  ; No                        ; No                        ;
; HEX4[1]       ; 3.3-V LVTTL  ; 0 s                 ; 0 s                 ; 3.46 V                       ; 1.85e-07 V                   ; 3.57 V              ; -0.141 V            ; 0.301 V                              ; 0.239 V                              ; 4.61e-10 s                  ; 4.2e-10 s                   ; No                         ; No                         ; 3.46 V                      ; 1.85e-07 V                  ; 3.57 V             ; -0.141 V           ; 0.301 V                             ; 0.239 V                             ; 4.61e-10 s                 ; 4.2e-10 s                  ; No                        ; No                        ;
; HEX4[2]       ; 3.3-V LVTTL  ; 0 s                 ; 0 s                 ; 3.46 V                       ; 1.85e-07 V                   ; 3.57 V              ; -0.141 V            ; 0.301 V                              ; 0.239 V                              ; 4.61e-10 s                  ; 4.2e-10 s                   ; No                         ; No                         ; 3.46 V                      ; 1.85e-07 V                  ; 3.57 V             ; -0.141 V           ; 0.301 V                             ; 0.239 V                             ; 4.61e-10 s                 ; 4.2e-10 s                  ; No                        ; No                        ;
; HEX4[3]       ; 3.3-V LVTTL  ; 0 s                 ; 0 s                 ; 3.46 V                       ; 1.85e-07 V                   ; 3.57 V              ; -0.141 V            ; 0.301 V                              ; 0.239 V                              ; 4.61e-10 s                  ; 4.2e-10 s                   ; No                         ; No                         ; 3.46 V                      ; 1.85e-07 V                  ; 3.57 V             ; -0.141 V           ; 0.301 V                             ; 0.239 V                             ; 4.61e-10 s                 ; 4.2e-10 s                  ; No                        ; No                        ;
; HEX4[4]       ; 3.3-V LVTTL  ; 0 s                 ; 0 s                 ; 3.46 V                       ; 1.85e-07 V                   ; 3.57 V              ; -0.141 V            ; 0.301 V                              ; 0.239 V                              ; 4.61e-10 s                  ; 4.2e-10 s                   ; No                         ; No                         ; 3.46 V                      ; 1.85e-07 V                  ; 3.57 V             ; -0.141 V           ; 0.301 V                             ; 0.239 V                             ; 4.61e-10 s                 ; 4.2e-10 s                  ; No                        ; No                        ;
; HEX4[5]       ; 3.3-V LVTTL  ; 0 s                 ; 0 s                 ; 3.46 V                       ; 1.85e-07 V                   ; 3.57 V              ; -0.141 V            ; 0.301 V                              ; 0.239 V                              ; 4.61e-10 s                  ; 4.2e-10 s                   ; No                         ; No                         ; 3.46 V                      ; 1.85e-07 V                  ; 3.57 V             ; -0.141 V           ; 0.301 V                             ; 0.239 V                             ; 4.61e-10 s                 ; 4.2e-10 s                  ; No                        ; No                        ;
; HEX4[6]       ; 3.3-V LVTTL  ; 0 s                 ; 0 s                 ; 3.46 V                       ; 1.85e-07 V                   ; 3.57 V              ; -0.141 V            ; 0.301 V                              ; 0.239 V                              ; 4.61e-10 s                  ; 4.2e-10 s                   ; No                         ; No                         ; 3.46 V                      ; 1.85e-07 V                  ; 3.57 V             ; -0.141 V           ; 0.301 V                             ; 0.239 V                             ; 4.61e-10 s                 ; 4.2e-10 s                  ; No                        ; No                        ;
; HEX5[0]       ; 3.3-V LVTTL  ; 0 s                 ; 0 s                 ; 3.46 V                       ; 1.85e-07 V                   ; 3.57 V              ; -0.141 V            ; 0.301 V                              ; 0.239 V                              ; 4.61e-10 s                  ; 4.2e-10 s                   ; No                         ; No                         ; 3.46 V                      ; 1.85e-07 V                  ; 3.57 V             ; -0.141 V           ; 0.301 V                             ; 0.239 V                             ; 4.61e-10 s                 ; 4.2e-10 s                  ; No                        ; No                        ;
; HEX5[1]       ; 3.3-V LVTTL  ; 0 s                 ; 0 s                 ; 3.46 V                       ; 1.85e-07 V                   ; 3.48 V              ; -0.0173 V           ; 0.356 V                              ; 0.324 V                              ; 3.89e-09 s                  ; 3.06e-09 s                  ; No                         ; No                         ; 3.46 V                      ; 1.85e-07 V                  ; 3.48 V             ; -0.0173 V          ; 0.356 V                             ; 0.324 V                             ; 3.89e-09 s                 ; 3.06e-09 s                 ; No                        ; No                        ;
; HEX5[2]       ; 3.3-V LVTTL  ; 0 s                 ; 0 s                 ; 3.46 V                       ; 1.85e-07 V                   ; 3.57 V              ; -0.141 V            ; 0.301 V                              ; 0.239 V                              ; 4.61e-10 s                  ; 4.2e-10 s                   ; No                         ; No                         ; 3.46 V                      ; 1.85e-07 V                  ; 3.57 V             ; -0.141 V           ; 0.301 V                             ; 0.239 V                             ; 4.61e-10 s                 ; 4.2e-10 s                  ; No                        ; No                        ;
; HEX5[3]       ; 3.3-V LVTTL  ; 0 s                 ; 0 s                 ; 3.46 V                       ; 1.85e-07 V                   ; 3.57 V              ; -0.141 V            ; 0.301 V                              ; 0.239 V                              ; 4.61e-10 s                  ; 4.2e-10 s                   ; No                         ; No                         ; 3.46 V                      ; 1.85e-07 V                  ; 3.57 V             ; -0.141 V           ; 0.301 V                             ; 0.239 V                             ; 4.61e-10 s                 ; 4.2e-10 s                  ; No                        ; No                        ;
; HEX5[4]       ; 3.3-V LVTTL  ; 0 s                 ; 0 s                 ; 3.46 V                       ; 1.85e-07 V                   ; 3.57 V              ; -0.141 V            ; 0.301 V                              ; 0.239 V                              ; 4.61e-10 s                  ; 4.2e-10 s                   ; No                         ; No                         ; 3.46 V                      ; 1.85e-07 V                  ; 3.57 V             ; -0.141 V           ; 0.301 V                             ; 0.239 V                             ; 4.61e-10 s                 ; 4.2e-10 s                  ; No                        ; No                        ;
; HEX5[5]       ; 3.3-V LVTTL  ; 0 s                 ; 0 s                 ; 3.46 V                       ; 1.85e-07 V                   ; 3.57 V              ; -0.141 V            ; 0.301 V                              ; 0.239 V                              ; 4.61e-10 s                  ; 4.2e-10 s                   ; No                         ; No                         ; 3.46 V                      ; 1.85e-07 V                  ; 3.57 V             ; -0.141 V           ; 0.301 V                             ; 0.239 V                             ; 4.61e-10 s                 ; 4.2e-10 s                  ; No                        ; No                        ;
; HEX5[6]       ; 3.3-V LVTTL  ; 0 s                 ; 0 s                 ; 3.46 V                       ; 1.85e-07 V                   ; 3.57 V              ; -0.141 V            ; 0.301 V                              ; 0.239 V                              ; 4.61e-10 s                  ; 4.2e-10 s                   ; No                         ; No                         ; 3.46 V                      ; 1.85e-07 V                  ; 3.57 V             ; -0.141 V           ; 0.301 V                             ; 0.239 V                             ; 4.61e-10 s                 ; 4.2e-10 s                  ; No                        ; No                        ;
; HEX6[0]       ; 3.3-V LVTTL  ; 0 s                 ; 0 s                 ; 3.46 V                       ; 1.85e-07 V                   ; 3.57 V              ; -0.141 V            ; 0.301 V                              ; 0.239 V                              ; 4.61e-10 s                  ; 4.2e-10 s                   ; No                         ; No                         ; 3.46 V                      ; 1.85e-07 V                  ; 3.57 V             ; -0.141 V           ; 0.301 V                             ; 0.239 V                             ; 4.61e-10 s                 ; 4.2e-10 s                  ; No                        ; No                        ;
; HEX6[1]       ; 3.3-V LVTTL  ; 0 s                 ; 0 s                 ; 3.46 V                       ; 1.85e-07 V                   ; 3.57 V              ; -0.141 V            ; 0.301 V                              ; 0.239 V                              ; 4.61e-10 s                  ; 4.2e-10 s                   ; No                         ; No                         ; 3.46 V                      ; 1.85e-07 V                  ; 3.57 V             ; -0.141 V           ; 0.301 V                             ; 0.239 V                             ; 4.61e-10 s                 ; 4.2e-10 s                  ; No                        ; No                        ;
; HEX6[2]       ; 3.3-V LVTTL  ; 0 s                 ; 0 s                 ; 3.46 V                       ; 1.85e-07 V                   ; 3.57 V              ; -0.141 V            ; 0.301 V                              ; 0.239 V                              ; 4.61e-10 s                  ; 4.2e-10 s                   ; No                         ; No                         ; 3.46 V                      ; 1.85e-07 V                  ; 3.57 V             ; -0.141 V           ; 0.301 V                             ; 0.239 V                             ; 4.61e-10 s                 ; 4.2e-10 s                  ; No                        ; No                        ;
; HEX6[3]       ; 3.3-V LVTTL  ; 0 s                 ; 0 s                 ; 3.46 V                       ; 1.85e-07 V                   ; 3.57 V              ; -0.141 V            ; 0.301 V                              ; 0.239 V                              ; 4.61e-10 s                  ; 4.2e-10 s                   ; No                         ; No                         ; 3.46 V                      ; 1.85e-07 V                  ; 3.57 V             ; -0.141 V           ; 0.301 V                             ; 0.239 V                             ; 4.61e-10 s                 ; 4.2e-10 s                  ; No                        ; No                        ;
; HEX6[4]       ; 3.3-V LVTTL  ; 0 s                 ; 0 s                 ; 3.46 V                       ; 1.85e-07 V                   ; 3.57 V              ; -0.141 V            ; 0.301 V                              ; 0.239 V                              ; 4.61e-10 s                  ; 4.2e-10 s                   ; No                         ; No                         ; 3.46 V                      ; 1.85e-07 V                  ; 3.57 V             ; -0.141 V           ; 0.301 V                             ; 0.239 V                             ; 4.61e-10 s                 ; 4.2e-10 s                  ; No                        ; No                        ;
; HEX6[5]       ; 3.3-V LVTTL  ; 0 s                 ; 0 s                 ; 3.46 V                       ; 1.85e-07 V                   ; 3.48 V              ; -0.0173 V           ; 0.356 V                              ; 0.324 V                              ; 3.89e-09 s                  ; 3.06e-09 s                  ; No                         ; No                         ; 3.46 V                      ; 1.85e-07 V                  ; 3.48 V             ; -0.0173 V          ; 0.356 V                             ; 0.324 V                             ; 3.89e-09 s                 ; 3.06e-09 s                 ; No                        ; No                        ;
; HEX6[6]       ; 3.3-V LVTTL  ; 0 s                 ; 0 s                 ; 3.46 V                       ; 1.85e-07 V                   ; 3.57 V              ; -0.141 V            ; 0.301 V                              ; 0.239 V                              ; 4.61e-10 s                  ; 4.2e-10 s                   ; No                         ; No                         ; 3.46 V                      ; 1.85e-07 V                  ; 3.57 V             ; -0.141 V           ; 0.301 V                             ; 0.239 V                             ; 4.61e-10 s                 ; 4.2e-10 s                  ; No                        ; No                        ;
; HEX7[0]       ; 3.3-V LVTTL  ; 0 s                 ; 0 s                 ; 3.46 V                       ; 1.85e-07 V                   ; 3.57 V              ; -0.141 V            ; 0.301 V                              ; 0.239 V                              ; 4.61e-10 s                  ; 4.2e-10 s                   ; No                         ; No                         ; 3.46 V                      ; 1.85e-07 V                  ; 3.57 V             ; -0.141 V           ; 0.301 V                             ; 0.239 V                             ; 4.61e-10 s                 ; 4.2e-10 s                  ; No                        ; No                        ;
; HEX7[1]       ; 3.3-V LVTTL  ; 0 s                 ; 0 s                 ; 3.46 V                       ; 1.85e-07 V                   ; 3.57 V              ; -0.141 V            ; 0.301 V                              ; 0.239 V                              ; 4.61e-10 s                  ; 4.2e-10 s                   ; No                         ; No                         ; 3.46 V                      ; 1.85e-07 V                  ; 3.57 V             ; -0.141 V           ; 0.301 V                             ; 0.239 V                             ; 4.61e-10 s                 ; 4.2e-10 s                  ; No                        ; No                        ;
; HEX7[2]       ; 3.3-V LVTTL  ; 0 s                 ; 0 s                 ; 3.46 V                       ; 1.85e-07 V                   ; 3.57 V              ; -0.141 V            ; 0.301 V                              ; 0.239 V                              ; 4.61e-10 s                  ; 4.2e-10 s                   ; No                         ; No                         ; 3.46 V                      ; 1.85e-07 V                  ; 3.57 V             ; -0.141 V           ; 0.301 V                             ; 0.239 V                             ; 4.61e-10 s                 ; 4.2e-10 s                  ; No                        ; No                        ;
; HEX7[3]       ; 3.3-V LVTTL  ; 0 s                 ; 0 s                 ; 3.46 V                       ; 1.85e-07 V                   ; 3.57 V              ; -0.141 V            ; 0.301 V                              ; 0.239 V                              ; 4.61e-10 s                  ; 4.2e-10 s                   ; No                         ; No                         ; 3.46 V                      ; 1.85e-07 V                  ; 3.57 V             ; -0.141 V           ; 0.301 V                             ; 0.239 V                             ; 4.61e-10 s                 ; 4.2e-10 s                  ; No                        ; No                        ;
; HEX7[4]       ; 3.3-V LVTTL  ; 0 s                 ; 0 s                 ; 3.46 V                       ; 1.85e-07 V                   ; 3.57 V              ; -0.141 V            ; 0.301 V                              ; 0.239 V                              ; 4.61e-10 s                  ; 4.2e-10 s                   ; No                         ; No                         ; 3.46 V                      ; 1.85e-07 V                  ; 3.57 V             ; -0.141 V           ; 0.301 V                             ; 0.239 V                             ; 4.61e-10 s                 ; 4.2e-10 s                  ; No                        ; No                        ;
; HEX7[5]       ; 3.3-V LVTTL  ; 0 s                 ; 0 s                 ; 3.46 V                       ; 1.85e-07 V                   ; 3.57 V              ; -0.141 V            ; 0.301 V                              ; 0.239 V                              ; 4.61e-10 s                  ; 4.2e-10 s                   ; No                         ; No                         ; 3.46 V                      ; 1.85e-07 V                  ; 3.57 V             ; -0.141 V           ; 0.301 V                             ; 0.239 V                             ; 4.61e-10 s                 ; 4.2e-10 s                  ; No                        ; No                        ;
; HEX7[6]       ; 3.3-V LVTTL  ; 0 s                 ; 0 s                 ; 3.46 V                       ; 1.85e-07 V                   ; 3.57 V              ; -0.141 V            ; 0.301 V                              ; 0.239 V                              ; 4.61e-10 s                  ; 4.2e-10 s                   ; No                         ; No                         ; 3.46 V                      ; 1.85e-07 V                  ; 3.57 V             ; -0.141 V           ; 0.301 V                             ; 0.239 V                             ; 4.61e-10 s                 ; 4.2e-10 s                  ; No                        ; No                        ;
; ~ALTERA_DCLK~ ; 3.3-V LVTTL  ; 0 s                 ; 0 s                 ; 3.46 V                       ; 6.54e-08 V                   ; 3.66 V              ; -0.26 V             ; 0.41 V                               ; 0.32 V                               ; 1.57e-10 s                  ; 2.15e-10 s                  ; No                         ; Yes                        ; 3.46 V                      ; 6.54e-08 V                  ; 3.66 V             ; -0.26 V            ; 0.41 V                              ; 0.32 V                              ; 1.57e-10 s                 ; 2.15e-10 s                 ; No                        ; Yes                       ;
; ~ALTERA_nCEO~ ; 3.3-V LVTTL  ; 0 s                 ; 0 s                 ; 3.46 V                       ; 1.25e-07 V                   ; 3.57 V              ; -0.0855 V           ; 0.315 V                              ; 0.175 V                              ; 6.79e-10 s                  ; 6.15e-10 s                  ; No                         ; No                         ; 3.46 V                      ; 1.25e-07 V                  ; 3.57 V             ; -0.0855 V          ; 0.315 V                             ; 0.175 V                             ; 6.79e-10 s                 ; 6.15e-10 s                 ; No                        ; No                        ;
+---------------+--------------+---------------------+---------------------+------------------------------+------------------------------+---------------------+---------------------+--------------------------------------+--------------------------------------+-----------------------------+-----------------------------+----------------------------+----------------------------+-----------------------------+-----------------------------+--------------------+--------------------+-------------------------------------+-------------------------------------+----------------------------+----------------------------+---------------------------+---------------------------+


+-------------------------------------------------------------------+
; Setup Transfers                                                   ;
+------------+----------+----------+----------+----------+----------+
; From Clock ; To Clock ; RR Paths ; FR Paths ; RF Paths ; FF Paths ;
+------------+----------+----------+----------+----------+----------+
; CLOCK_50   ; CLOCK_50 ; 1569310  ; 0        ; 0        ; 0        ;
+------------+----------+----------+----------+----------+----------+
Entries labeled "false path" only account for clock-to-clock false paths and not path-based false paths. As a result, actual path counts may be lower than reported.


+-------------------------------------------------------------------+
; Hold Transfers                                                    ;
+------------+----------+----------+----------+----------+----------+
; From Clock ; To Clock ; RR Paths ; FR Paths ; RF Paths ; FF Paths ;
+------------+----------+----------+----------+----------+----------+
; CLOCK_50   ; CLOCK_50 ; 1569310  ; 0        ; 0        ; 0        ;
+------------+----------+----------+----------+----------+----------+
Entries labeled "false path" only account for clock-to-clock false paths and not path-based false paths. As a result, actual path counts may be lower than reported.


---------------
; Report TCCS ;
---------------
No dedicated SERDES Transmitter circuitry present in device or used in design


---------------
; Report RSKM ;
---------------
No non-DPA dedicated SERDES Receiver circuitry present in device or used in design


+------------------------------------------------+
; Unconstrained Paths Summary                    ;
+---------------------------------+-------+------+
; Property                        ; Setup ; Hold ;
+---------------------------------+-------+------+
; Illegal Clocks                  ; 0     ; 0    ;
; Unconstrained Clocks            ; 0     ; 0    ;
; Unconstrained Input Ports       ; 19    ; 19   ;
; Unconstrained Input Port Paths  ; 212   ; 212  ;
; Unconstrained Output Ports      ; 56    ; 56   ;
; Unconstrained Output Port Paths ; 224   ; 224  ;
+---------------------------------+-------+------+


+--------------------------------------------+
; Clock Status Summary                       ;
+-----------+-----------+------+-------------+
; Target    ; Clock     ; Type ; Status      ;
+-----------+-----------+------+-------------+
; CLOCK2_50 ; CLOCK2_50 ; Base ; Constrained ;
; CLOCK3_50 ; CLOCK3_50 ; Base ; Constrained ;
; CLOCK_50  ; CLOCK_50  ; Base ; Constrained ;
+-----------+-----------+------+-------------+


+---------------------------------------------------------------------------------------------------+
; Unconstrained Input Ports                                                                         ;
+------------+--------------------------------------------------------------------------------------+
; Input Port ; Comment                                                                              ;
+------------+--------------------------------------------------------------------------------------+
; KEY[0]     ; No input delay, min/max delays, false-path exceptions, or max skew assignments found ;
; SW[0]      ; No input delay, min/max delays, false-path exceptions, or max skew assignments found ;
; SW[1]      ; No input delay, min/max delays, false-path exceptions, or max skew assignments found ;
; SW[2]      ; No input delay, min/max delays, false-path exceptions, or max skew assignments found ;
; SW[3]      ; No input delay, min/max delays, false-path exceptions, or max skew assignments found ;
; SW[4]      ; No input delay, min/max delays, false-path exceptions, or max skew assignments found ;
; SW[5]      ; No input delay, min/max delays, false-path exceptions, or max skew assignments found ;
; SW[6]      ; No input delay, min/max delays, false-path exceptions, or max skew assignments found ;
; SW[7]      ; No input delay, min/max delays, false-path exceptions, or max skew assignments found ;
; SW[8]      ; No input delay, min/max delays, false-path exceptions, or max skew assignments found ;
; SW[9]      ; No input delay, min/max delays, false-path exceptions, or max skew assignments found ;
; SW[10]     ; No input delay, min/max delays, false-path exceptions, or max skew assignments found ;
; SW[11]     ; No input delay, min/max delays, false-path exceptions, or max skew assignments found ;
; SW[12]     ; No input delay, min/max delays, false-path exceptions, or max skew assignments found ;
; SW[13]     ; No input delay, min/max delays, false-path exceptions, or max skew assignments found ;
; SW[14]     ; No input delay, min/max delays, false-path exceptions, or max skew assignments found ;
; SW[15]     ; No input delay, min/max delays, false-path exceptions, or max skew assignments found ;
; SW[16]     ; No input delay, min/max delays, false-path exceptions, or max skew assignments found ;
; SW[17]     ; No input delay, min/max delays, false-path exceptions, or max skew assignments found ;
+------------+--------------------------------------------------------------------------------------+


+-----------------------------------------------------------------------------------------------------+
; Unconstrained Output Ports                                                                          ;
+-------------+---------------------------------------------------------------------------------------+
; Output Port ; Comment                                                                               ;
+-------------+---------------------------------------------------------------------------------------+
; HEX0[0]     ; No output delay, min/max delays, false-path exceptions, or max skew assignments found ;
; HEX0[1]     ; No output delay, min/max delays, false-path exceptions, or max skew assignments found ;
; HEX0[2]     ; No output delay, min/max delays, false-path exceptions, or max skew assignments found ;
; HEX0[3]     ; No output delay, min/max delays, false-path exceptions, or max skew assignments found ;
; HEX0[4]     ; No output delay, min/max delays, false-path exceptions, or max skew assignments found ;
; HEX0[5]     ; No output delay, min/max delays, false-path exceptions, or max skew assignments found ;
; HEX0[6]     ; No output delay, min/max delays, false-path exceptions, or max skew assignments found ;
; HEX1[0]     ; No output delay, min/max delays, false-path exceptions, or max skew assignments found ;
; HEX1[1]     ; No output delay, min/max delays, false-path exceptions, or max skew assignments found ;
; HEX1[2]     ; No output delay, min/max delays, false-path exceptions, or max skew assignments found ;
; HEX1[3]     ; No output delay, min/max delays, false-path exceptions, or max skew assignments found ;
; HEX1[4]     ; No output delay, min/max delays, false-path exceptions, or max skew assignments found ;
; HEX1[5]     ; No output delay, min/max delays, false-path exceptions, or max skew assignments found ;
; HEX1[6]     ; No output delay, min/max delays, false-path exceptions, or max skew assignments found ;
; HEX2[0]     ; No output delay, min/max delays, false-path exceptions, or max skew assignments found ;
; HEX2[1]     ; No output delay, min/max delays, false-path exceptions, or max skew assignments found ;
; HEX2[2]     ; No output delay, min/max delays, false-path exceptions, or max skew assignments found ;
; HEX2[3]     ; No output delay, min/max delays, false-path exceptions, or max skew assignments found ;
; HEX2[4]     ; No output delay, min/max delays, false-path exceptions, or max skew assignments found ;
; HEX2[5]     ; No output delay, min/max delays, false-path exceptions, or max skew assignments found ;
; HEX2[6]     ; No output delay, min/max delays, false-path exceptions, or max skew assignments found ;
; HEX3[0]     ; No output delay, min/max delays, false-path exceptions, or max skew assignments found ;
; HEX3[1]     ; No output delay, min/max delays, false-path exceptions, or max skew assignments found ;
; HEX3[2]     ; No output delay, min/max delays, false-path exceptions, or max skew assignments found ;
; HEX3[3]     ; No output delay, min/max delays, false-path exceptions, or max skew assignments found ;
; HEX3[4]     ; No output delay, min/max delays, false-path exceptions, or max skew assignments found ;
; HEX3[5]     ; No output delay, min/max delays, false-path exceptions, or max skew assignments found ;
; HEX3[6]     ; No output delay, min/max delays, false-path exceptions, or max skew assignments found ;
; HEX4[0]     ; No output delay, min/max delays, false-path exceptions, or max skew assignments found ;
; HEX4[1]     ; No output delay, min/max delays, false-path exceptions, or max skew assignments found ;
; HEX4[2]     ; No output delay, min/max delays, false-path exceptions, or max skew assignments found ;
; HEX4[3]     ; No output delay, min/max delays, false-path exceptions, or max skew assignments found ;
; HEX4[4]     ; No output delay, min/max delays, false-path exceptions, or max skew assignments found ;
; HEX4[5]     ; No output delay, min/max delays, false-path exceptions, or max skew assignments found ;
; HEX4[6]     ; No output delay, min/max delays, false-path exceptions, or max skew assignments found ;
; HEX5[0]     ; No output delay, min/max delays, false-path exceptions, or max skew assignments found ;
; HEX5[1]     ; No output delay, min/max delays, false-path exceptions, or max skew assignments found ;
; HEX5[2]     ; No output delay, min/max delays, false-path exceptions, or max skew assignments found ;
; HEX5[3]     ; No output delay, min/max delays, false-path exceptions, or max skew assignments found ;
; HEX5[4]     ; No output delay, min/max delays, false-path exceptions, or max skew assignments found ;
; HEX5[5]     ; No output delay, min/max delays, false-path exceptions, or max skew assignments found ;
; HEX5[6]     ; No output delay, min/max delays, false-path exceptions, or max skew assignments found ;
; HEX6[0]     ; No output delay, min/max delays, false-path exceptions, or max skew assignments found ;
; HEX6[1]     ; No output delay, min/max delays, false-path exceptions, or max skew assignments found ;
; HEX6[2]     ; No output delay, min/max delays, false-path exceptions, or max skew assignments found ;
; HEX6[3]     ; No output delay, min/max delays, false-path exceptions, or max skew assignments found ;
; HEX6[4]     ; No output delay, min/max delays, false-path exceptions, or max skew assignments found ;
; HEX6[5]     ; No output delay, min/max delays, false-path exceptions, or max skew assignments found ;
; HEX6[6]     ; No output delay, min/max delays, false-path exceptions, or max skew assignments found ;
; HEX7[0]     ; No output delay, min/max delays, false-path exceptions, or max skew assignments found ;
; HEX7[1]     ; No output delay, min/max delays, false-path exceptions, or max skew assignments found ;
; HEX7[2]     ; No output delay, min/max delays, false-path exceptions, or max skew assignments found ;
; HEX7[3]     ; No output delay, min/max delays, false-path exceptions, or max skew assignments found ;
; HEX7[4]     ; No output delay, min/max delays, false-path exceptions, or max skew assignments found ;
; HEX7[5]     ; No output delay, min/max delays, false-path exceptions, or max skew assignments found ;
; HEX7[6]     ; No output delay, min/max delays, false-path exceptions, or max skew assignments found ;
+-------------+---------------------------------------------------------------------------------------+


+---------------------------------------------------------------------------------------------------+
; Unconstrained Input Ports                                                                         ;
+------------+--------------------------------------------------------------------------------------+
; Input Port ; Comment                                                                              ;
+------------+--------------------------------------------------------------------------------------+
; KEY[0]     ; No input delay, min/max delays, false-path exceptions, or max skew assignments found ;
; SW[0]      ; No input delay, min/max delays, false-path exceptions, or max skew assignments found ;
; SW[1]      ; No input delay, min/max delays, false-path exceptions, or max skew assignments found ;
; SW[2]      ; No input delay, min/max delays, false-path exceptions, or max skew assignments found ;
; SW[3]      ; No input delay, min/max delays, false-path exceptions, or max skew assignments found ;
; SW[4]      ; No input delay, min/max delays, false-path exceptions, or max skew assignments found ;
; SW[5]      ; No input delay, min/max delays, false-path exceptions, or max skew assignments found ;
; SW[6]      ; No input delay, min/max delays, false-path exceptions, or max skew assignments found ;
; SW[7]      ; No input delay, min/max delays, false-path exceptions, or max skew assignments found ;
; SW[8]      ; No input delay, min/max delays, false-path exceptions, or max skew assignments found ;
; SW[9]      ; No input delay, min/max delays, false-path exceptions, or max skew assignments found ;
; SW[10]     ; No input delay, min/max delays, false-path exceptions, or max skew assignments found ;
; SW[11]     ; No input delay, min/max delays, false-path exceptions, or max skew assignments found ;
; SW[12]     ; No input delay, min/max delays, false-path exceptions, or max skew assignments found ;
; SW[13]     ; No input delay, min/max delays, false-path exceptions, or max skew assignments found ;
; SW[14]     ; No input delay, min/max delays, false-path exceptions, or max skew assignments found ;
; SW[15]     ; No input delay, min/max delays, false-path exceptions, or max skew assignments found ;
; SW[16]     ; No input delay, min/max delays, false-path exceptions, or max skew assignments found ;
; SW[17]     ; No input delay, min/max delays, false-path exceptions, or max skew assignments found ;
+------------+--------------------------------------------------------------------------------------+


+-----------------------------------------------------------------------------------------------------+
; Unconstrained Output Ports                                                                          ;
+-------------+---------------------------------------------------------------------------------------+
; Output Port ; Comment                                                                               ;
+-------------+---------------------------------------------------------------------------------------+
; HEX0[0]     ; No output delay, min/max delays, false-path exceptions, or max skew assignments found ;
; HEX0[1]     ; No output delay, min/max delays, false-path exceptions, or max skew assignments found ;
; HEX0[2]     ; No output delay, min/max delays, false-path exceptions, or max skew assignments found ;
; HEX0[3]     ; No output delay, min/max delays, false-path exceptions, or max skew assignments found ;
; HEX0[4]     ; No output delay, min/max delays, false-path exceptions, or max skew assignments found ;
; HEX0[5]     ; No output delay, min/max delays, false-path exceptions, or max skew assignments found ;
; HEX0[6]     ; No output delay, min/max delays, false-path exceptions, or max skew assignments found ;
; HEX1[0]     ; No output delay, min/max delays, false-path exceptions, or max skew assignments found ;
; HEX1[1]     ; No output delay, min/max delays, false-path exceptions, or max skew assignments found ;
; HEX1[2]     ; No output delay, min/max delays, false-path exceptions, or max skew assignments found ;
; HEX1[3]     ; No output delay, min/max delays, false-path exceptions, or max skew assignments found ;
; HEX1[4]     ; No output delay, min/max delays, false-path exceptions, or max skew assignments found ;
; HEX1[5]     ; No output delay, min/max delays, false-path exceptions, or max skew assignments found ;
; HEX1[6]     ; No output delay, min/max delays, false-path exceptions, or max skew assignments found ;
; HEX2[0]     ; No output delay, min/max delays, false-path exceptions, or max skew assignments found ;
; HEX2[1]     ; No output delay, min/max delays, false-path exceptions, or max skew assignments found ;
; HEX2[2]     ; No output delay, min/max delays, false-path exceptions, or max skew assignments found ;
; HEX2[3]     ; No output delay, min/max delays, false-path exceptions, or max skew assignments found ;
; HEX2[4]     ; No output delay, min/max delays, false-path exceptions, or max skew assignments found ;
; HEX2[5]     ; No output delay, min/max delays, false-path exceptions, or max skew assignments found ;
; HEX2[6]     ; No output delay, min/max delays, false-path exceptions, or max skew assignments found ;
; HEX3[0]     ; No output delay, min/max delays, false-path exceptions, or max skew assignments found ;
; HEX3[1]     ; No output delay, min/max delays, false-path exceptions, or max skew assignments found ;
; HEX3[2]     ; No output delay, min/max delays, false-path exceptions, or max skew assignments found ;
; HEX3[3]     ; No output delay, min/max delays, false-path exceptions, or max skew assignments found ;
; HEX3[4]     ; No output delay, min/max delays, false-path exceptions, or max skew assignments found ;
; HEX3[5]     ; No output delay, min/max delays, false-path exceptions, or max skew assignments found ;
; HEX3[6]     ; No output delay, min/max delays, false-path exceptions, or max skew assignments found ;
; HEX4[0]     ; No output delay, min/max delays, false-path exceptions, or max skew assignments found ;
; HEX4[1]     ; No output delay, min/max delays, false-path exceptions, or max skew assignments found ;
; HEX4[2]     ; No output delay, min/max delays, false-path exceptions, or max skew assignments found ;
; HEX4[3]     ; No output delay, min/max delays, false-path exceptions, or max skew assignments found ;
; HEX4[4]     ; No output delay, min/max delays, false-path exceptions, or max skew assignments found ;
; HEX4[5]     ; No output delay, min/max delays, false-path exceptions, or max skew assignments found ;
; HEX4[6]     ; No output delay, min/max delays, false-path exceptions, or max skew assignments found ;
; HEX5[0]     ; No output delay, min/max delays, false-path exceptions, or max skew assignments found ;
; HEX5[1]     ; No output delay, min/max delays, false-path exceptions, or max skew assignments found ;
; HEX5[2]     ; No output delay, min/max delays, false-path exceptions, or max skew assignments found ;
; HEX5[3]     ; No output delay, min/max delays, false-path exceptions, or max skew assignments found ;
; HEX5[4]     ; No output delay, min/max delays, false-path exceptions, or max skew assignments found ;
; HEX5[5]     ; No output delay, min/max delays, false-path exceptions, or max skew assignments found ;
; HEX5[6]     ; No output delay, min/max delays, false-path exceptions, or max skew assignments found ;
; HEX6[0]     ; No output delay, min/max delays, false-path exceptions, or max skew assignments found ;
; HEX6[1]     ; No output delay, min/max delays, false-path exceptions, or max skew assignments found ;
; HEX6[2]     ; No output delay, min/max delays, false-path exceptions, or max skew assignments found ;
; HEX6[3]     ; No output delay, min/max delays, false-path exceptions, or max skew assignments found ;
; HEX6[4]     ; No output delay, min/max delays, false-path exceptions, or max skew assignments found ;
; HEX6[5]     ; No output delay, min/max delays, false-path exceptions, or max skew assignments found ;
; HEX6[6]     ; No output delay, min/max delays, false-path exceptions, or max skew assignments found ;
; HEX7[0]     ; No output delay, min/max delays, false-path exceptions, or max skew assignments found ;
; HEX7[1]     ; No output delay, min/max delays, false-path exceptions, or max skew assignments found ;
; HEX7[2]     ; No output delay, min/max delays, false-path exceptions, or max skew assignments found ;
; HEX7[3]     ; No output delay, min/max delays, false-path exceptions, or max skew assignments found ;
; HEX7[4]     ; No output delay, min/max delays, false-path exceptions, or max skew assignments found ;
; HEX7[5]     ; No output delay, min/max delays, false-path exceptions, or max skew assignments found ;
; HEX7[6]     ; No output delay, min/max delays, false-path exceptions, or max skew assignments found ;
+-------------+---------------------------------------------------------------------------------------+


+--------------------------+
; Timing Analyzer Messages ;
+--------------------------+
Info: *******************************************************************
Info: Running Quartus Prime Timing Analyzer
    Info: Version 18.1.0 Build 625 09/12/2018 SJ Standard Edition
    Info: Processing started: Mon Nov 24 18:05:46 2025
Info: Command: quartus_sta DE2_115 -c DE2_115
Info: qsta_default_script.tcl version: #1
Warning (18236): Number of processors has not been specified which may cause overloading on shared machines.  Set the global assignment NUM_PARALLEL_PROCESSORS in your QSF to an appropriate value for best performance.
Info (20030): Parallel compilation is enabled and will use 8 of the 8 processors detected
Info (21076): High junction temperature operating condition is not set. Assuming a default value of '85'.
Info (21076): Low junction temperature operating condition is not set. Assuming a default value of '0'.
Info (332104): Reading SDC File: 'DE2_115.sdc'
Info (332151): Clock uncertainty is not calculated until you update the timing netlist.
Info (332123): Deriving Clock Uncertainty. Please refer to report_sdc in the Timing Analyzer to see clock uncertainties.
Info: Found TIMING_ANALYZER_REPORT_SCRIPT_INCLUDE_DEFAULT_ANALYSIS = ON
Info: Analyzing Slow 1200mV 85C Model
Info (332146): Worst-case setup slack is 3.944
    Info (332119):     Slack       End Point TNS Clock 
    Info (332119): ========= =================== =====================
    Info (332119):     3.944               0.000 CLOCK_50 
Info (332146): Worst-case hold slack is 0.404
    Info (332119):     Slack       End Point TNS Clock 
    Info (332119): ========= =================== =====================
    Info (332119):     0.404               0.000 CLOCK_50 
Info (332140): No Recovery paths to report
Info (332140): No Removal paths to report
Info (332146): Worst-case minimum pulse width slack is 9.550
    Info (332119):     Slack       End Point TNS Clock 
    Info (332119): ========= =================== =====================
    Info (332119):     9.550               0.000 CLOCK_50 
    Info (332119):    16.000               0.000 CLOCK2_50 
    Info (332119):    16.000               0.000 CLOCK3_50 
Info: Analyzing Slow 1200mV 0C Model
Info (334003): Started post-fitting delay annotation
Info (334004): Delay annotation completed successfully
Info (332123): Deriving Clock Uncertainty. Please refer to report_sdc in the Timing Analyzer to see clock uncertainties.
Info (332146): Worst-case setup slack is 5.499
    Info (332119):     Slack       End Point TNS Clock 
    Info (332119): ========= =================== =====================
    Info (332119):     5.499               0.000 CLOCK_50 
Info (332146): Worst-case hold slack is 0.356
    Info (332119):     Slack       End Point TNS Clock 
    Info (332119): ========= =================== =====================
    Info (332119):     0.356               0.000 CLOCK_50 
Info (332140): No Recovery paths to report
Info (332140): No Removal paths to report
Info (332146): Worst-case minimum pulse width slack is 9.557
    Info (332119):     Slack       End Point TNS Clock 
    Info (332119): ========= =================== =====================
    Info (332119):     9.557               0.000 CLOCK_50 
    Info (332119):    16.000               0.000 CLOCK2_50 
    Info (332119):    16.000               0.000 CLOCK3_50 
Info: Analyzing Fast 1200mV 0C Model
Info (332123): Deriving Clock Uncertainty. Please refer to report_sdc in the Timing Analyzer to see clock uncertainties.
Info (332146): Worst-case setup slack is 12.242
    Info (332119):     Slack       End Point TNS Clock 
    Info (332119): ========= =================== =====================
    Info (332119):    12.242               0.000 CLOCK_50 
Info (332146): Worst-case hold slack is 0.184
    Info (332119):     Slack       End Point TNS Clock 
    Info (332119): ========= =================== =====================
    Info (332119):     0.184               0.000 CLOCK_50 
Info (332140): No Recovery paths to report
Info (332140): No Removal paths to report
Info (332146): Worst-case minimum pulse width slack is 9.201
    Info (332119):     Slack       End Point TNS Clock 
    Info (332119): ========= =================== =====================
    Info (332119):     9.201               0.000 CLOCK_50 
    Info (332119):    16.000               0.000 CLOCK2_50 
    Info (332119):    16.000               0.000 CLOCK3_50 
Info (332102): Design is not fully constrained for setup requirements
Info (332102): Design is not fully constrained for hold requirements
Info: Quartus Prime Timing Analyzer was successful. 0 errors, 1 warning
    Info: Peak virtual memory: 965 megabytes
    Info: Processing ended: Mon Nov 24 18:05:48 2025
    Info: Elapsed time: 00:00:02
    Info: Total CPU time (on all processors): 00:00:02


