Timing Analyzer report for DE2_115
Thu Dec  4 17:56:05 2025
Quartus Prime Version 18.1.0 Build 625 09/12/2018 SJ Standard Edition


---------------------
; Table of Contents ;
---------------------
  1. Legal Notice
  2. Timing Analyzer Summary
  3. Parallel Compilation
  4. SDC File List
  5. Clocks
  6. Slow 1200mV 85C Model Fmax Summary
  7. Timing Closure Recommendations
  8. Slow 1200mV 85C Model Setup Summary
  9. Slow 1200mV 85C Model Hold Summary
 10. Slow 1200mV 85C Model Recovery Summary
 11. Slow 1200mV 85C Model Removal Summary
 12. Slow 1200mV 85C Model Minimum Pulse Width Summary
 13. Slow 1200mV 85C Model Setup: 'CLOCK_50'
 14. Slow 1200mV 85C Model Hold: 'CLOCK_50'
 15. Slow 1200mV 85C Model Metastability Summary
 16. Slow 1200mV 0C Model Fmax Summary
 17. Slow 1200mV 0C Model Setup Summary
 18. Slow 1200mV 0C Model Hold Summary
 19. Slow 1200mV 0C Model Recovery Summary
 20. Slow 1200mV 0C Model Removal Summary
 21. Slow 1200mV 0C Model Minimum Pulse Width Summary
 22. Slow 1200mV 0C Model Setup: 'CLOCK_50'
 23. Slow 1200mV 0C Model Hold: 'CLOCK_50'
 24. Slow 1200mV 0C Model Metastability Summary
 25. Fast 1200mV 0C Model Setup Summary
 26. Fast 1200mV 0C Model Hold Summary
 27. Fast 1200mV 0C Model Recovery Summary
 28. Fast 1200mV 0C Model Removal Summary
 29. Fast 1200mV 0C Model Minimum Pulse Width Summary
 30. Fast 1200mV 0C Model Setup: 'CLOCK_50'
 31. Fast 1200mV 0C Model Hold: 'CLOCK_50'
 32. Fast 1200mV 0C Model Metastability Summary
 33. Multicorner Timing Analysis Summary
 34. Board Trace Model Assignments
 35. Input Transition Times
 36. Signal Integrity Metrics (Slow 1200mv 0c Model)
 37. Signal Integrity Metrics (Slow 1200mv 85c Model)
 38. Signal Integrity Metrics (Fast 1200mv 0c Model)
 39. Setup Transfers
 40. Hold Transfers
 41. Report TCCS
 42. Report RSKM
 43. Unconstrained Paths Summary
 44. Clock Status Summary
 45. Unconstrained Input Ports
 46. Unconstrained Output Ports
 47. Unconstrained Input Ports
 48. Unconstrained Output Ports
 49. Timing Analyzer Messages



----------------
; Legal Notice ;
----------------
Copyright (C) 2018  Intel Corporation. All rights reserved.
Your use of Intel Corporation's design tools, logic functions 
and other software and tools, and its AMPP partner logic 
functions, and any output files from any of the foregoing 
(including device programming or simulation files), and any 
associated documentation or information are expressly subject 
to the terms and conditions of the Intel Program License 
Subscription Agreement, the Intel Quartus Prime License Agreement,
the Intel FPGA IP License Agreement, or other applicable license
agreement, including, without limitation, that your use is for
the sole purpose of programming logic devices manufactured by
Intel and sold by Intel or its authorized distributors.  Please
refer to the applicable agreement for further details.



+---------------------------------------------------------------------------------+
; Timing Analyzer Summary                                                         ;
+-----------------------+---------------------------------------------------------+
; Quartus Prime Version ; Version 18.1.0 Build 625 09/12/2018 SJ Standard Edition ;
; Timing Analyzer       ; Legacy Timing Analyzer                                  ;
; Revision Name         ; DE2_115                                                 ;
; Device Family         ; Cyclone IV E                                            ;
; Device Name           ; EP4CE115F29C7                                           ;
; Timing Models         ; Final                                                   ;
; Delay Model           ; Combined                                                ;
; Rise/Fall Delays      ; Enabled                                                 ;
+-----------------------+---------------------------------------------------------+


+------------------------------------------+
; Parallel Compilation                     ;
+----------------------------+-------------+
; Processors                 ; Number      ;
+----------------------------+-------------+
; Number detected on machine ; 16          ;
; Maximum allowed            ; 8           ;
;                            ;             ;
; Average used               ; 2.41        ;
; Maximum used               ; 8           ;
;                            ;             ;
; Usage by Processor         ; % Time Used ;
;     Processor 1            ; 100.0%      ;
;     Processor 2            ;  69.6%      ;
;     Processor 3            ;  67.5%      ;
;     Processors 4-8         ;   0.7%      ;
+----------------------------+-------------+


+---------------------------------------------------+
; SDC File List                                     ;
+---------------+--------+--------------------------+
; SDC File Path ; Status ; Read at                  ;
+---------------+--------+--------------------------+
; DE2_115.sdc   ; OK     ; Thu Dec  4 17:56:01 2025 ;
+---------------+--------+--------------------------+


+---------------------------------------------------------------------------------------------------------------------------------------------------------------------------------------+
; Clocks                                                                                                                                                                                ;
+------------+------+--------+-----------+-------+--------+------------+-----------+-------------+-------+--------+-----------+------------+----------+--------+--------+---------------+
; Clock Name ; Type ; Period ; Frequency ; Rise  ; Fall   ; Duty Cycle ; Divide by ; Multiply by ; Phase ; Offset ; Edge List ; Edge Shift ; Inverted ; Master ; Source ; Targets       ;
+------------+------+--------+-----------+-------+--------+------------+-----------+-------------+-------+--------+-----------+------------+----------+--------+--------+---------------+
; CLOCK2_50  ; Base ; 20.000 ; 50.0 MHz  ; 0.000 ; 10.000 ;            ;           ;             ;       ;        ;           ;            ;          ;        ;        ; { CLOCK2_50 } ;
; CLOCK3_50  ; Base ; 20.000 ; 50.0 MHz  ; 0.000 ; 10.000 ;            ;           ;             ;       ;        ;           ;            ;          ;        ;        ; { CLOCK3_50 } ;
; CLOCK_50   ; Base ; 20.000 ; 50.0 MHz  ; 0.000 ; 10.000 ;            ;           ;             ;       ;        ;           ;            ;          ;        ;        ; { CLOCK_50 }  ;
+------------+------+--------+-----------+-------+--------+------------+-----------+-------------+-------+--------+-----------+------------+----------+--------+--------+---------------+


+-------------------------------------------------+
; Slow 1200mV 85C Model Fmax Summary              ;
+-----------+-----------------+------------+------+
; Fmax      ; Restricted Fmax ; Clock Name ; Note ;
+-----------+-----------------+------------+------+
; 39.96 MHz ; 39.96 MHz       ; CLOCK_50   ;      ;
+-----------+-----------------+------------+------+
This panel reports FMAX for every clock in the design, regardless of the user-specified clock periods.  FMAX is only computed for paths where the source and destination registers or ports are driven by the same clock.  Paths of different clocks, including generated clocks, are ignored.  For paths between a clock and its inversion, FMAX is computed as if the rising and falling edges are scaled along with FMAX, such that the duty cycle (in terms of a percentage) is maintained. Altera recommends that you always use clock constraints and other slack reports for sign-off analysis.


----------------------------------
; Timing Closure Recommendations ;
----------------------------------
HTML report is unavailable in plain text report export.


+-------------------------------------+
; Slow 1200mV 85C Model Setup Summary ;
+----------+--------+-----------------+
; Clock    ; Slack  ; End Point TNS   ;
+----------+--------+-----------------+
; CLOCK_50 ; -5.027 ; -323.581        ;
+----------+--------+-----------------+


+------------------------------------+
; Slow 1200mV 85C Model Hold Summary ;
+----------+-------+-----------------+
; Clock    ; Slack ; End Point TNS   ;
+----------+-------+-----------------+
; CLOCK_50 ; 0.398 ; 0.000           ;
+----------+-------+-----------------+


------------------------------------------
; Slow 1200mV 85C Model Recovery Summary ;
------------------------------------------
No paths to report.


-----------------------------------------
; Slow 1200mV 85C Model Removal Summary ;
-----------------------------------------
No paths to report.


+---------------------------------------------------+
; Slow 1200mV 85C Model Minimum Pulse Width Summary ;
+-----------+--------+------------------------------+
; Clock     ; Slack  ; End Point TNS                ;
+-----------+--------+------------------------------+
; CLOCK_50  ; 9.555  ; 0.000                        ;
; CLOCK2_50 ; 16.000 ; 0.000                        ;
; CLOCK3_50 ; 16.000 ; 0.000                        ;
+-----------+--------+------------------------------+


+--------------------------------------------------------------------------------------------------------------------------------------------------------------------------------------------------------------------+
; Slow 1200mV 85C Model Setup: 'CLOCK_50'                                                                                                                                                                            ;
+--------+-----------------------+-------------------------------------------------------------------------------------------------------------+--------------+-------------+--------------+------------+------------+
; Slack  ; From Node             ; To Node                                                                                                     ; Launch Clock ; Latch Clock ; Relationship ; Clock Skew ; Data Delay ;
+--------+-----------------------+-------------------------------------------------------------------------------------------------------------+--------------+-------------+--------------+------------+------------+
; -5.027 ; cpu:mycpu|instr_E[26] ; cpu:mycpu|PC_F[9]                                                                                           ; CLOCK_50     ; CLOCK_50    ; 20.000       ; 0.321      ; 25.346     ;
; -5.010 ; cpu:mycpu|instr_E[28] ; cpu:mycpu|PC_F[9]                                                                                           ; CLOCK_50     ; CLOCK_50    ; 20.000       ; 0.321      ; 25.329     ;
; -4.866 ; cpu:mycpu|instr_E[26] ; cpu:mycpu|instr_E[21]                                                                                       ; CLOCK_50     ; CLOCK_50    ; 20.000       ; 0.354      ; 25.218     ;
; -4.851 ; cpu:mycpu|instr_E[27] ; cpu:mycpu|PC_F[9]                                                                                           ; CLOCK_50     ; CLOCK_50    ; 20.000       ; 0.321      ; 25.170     ;
; -4.849 ; cpu:mycpu|instr_E[28] ; cpu:mycpu|instr_E[21]                                                                                       ; CLOCK_50     ; CLOCK_50    ; 20.000       ; 0.354      ; 25.201     ;
; -4.833 ; cpu:mycpu|instr_E[26] ; cpu:mycpu|PC_F[10]                                                                                          ; CLOCK_50     ; CLOCK_50    ; 20.000       ; 0.326      ; 25.157     ;
; -4.821 ; cpu:mycpu|instr_E[26] ; cpu:mycpu|instr_E[20]                                                                                       ; CLOCK_50     ; CLOCK_50    ; 20.000       ; 0.354      ; 25.173     ;
; -4.816 ; cpu:mycpu|instr_E[28] ; cpu:mycpu|PC_F[10]                                                                                          ; CLOCK_50     ; CLOCK_50    ; 20.000       ; 0.326      ; 25.140     ;
; -4.804 ; cpu:mycpu|instr_E[28] ; cpu:mycpu|instr_E[20]                                                                                       ; CLOCK_50     ; CLOCK_50    ; 20.000       ; 0.354      ; 25.156     ;
; -4.783 ; cpu:mycpu|instr_E[26] ; cpu:mycpu|PC_F[26]                                                                                          ; CLOCK_50     ; CLOCK_50    ; 20.000       ; 0.330      ; 25.111     ;
; -4.782 ; cpu:mycpu|instr_E[26] ; cpu:mycpu|PC_F[27]                                                                                          ; CLOCK_50     ; CLOCK_50    ; 20.000       ; 0.330      ; 25.110     ;
; -4.781 ; cpu:mycpu|instr_E[26] ; cpu:mycpu|PC_F[11]                                                                                          ; CLOCK_50     ; CLOCK_50    ; 20.000       ; 0.330      ; 25.109     ;
; -4.778 ; cpu:mycpu|instr_E[26] ; cpu:mycpu|PC_F[14]                                                                                          ; CLOCK_50     ; CLOCK_50    ; 20.000       ; 0.330      ; 25.106     ;
; -4.777 ; cpu:mycpu|instr_E[26] ; cpu:mycpu|regfile:rf|memory_rtl_0_bypass[4]                                                                 ; CLOCK_50     ; CLOCK_50    ; 20.000       ; 0.349      ; 25.124     ;
; -4.773 ; cpu:mycpu|instr_E[26] ; cpu:mycpu|regfile:rf|altsyncram:memory_rtl_0|altsyncram_mcc1:auto_generated|ram_block1a0~portb_address_reg0 ; CLOCK_50     ; CLOCK_50    ; 20.000       ; 0.291      ; 25.102     ;
; -4.773 ; cpu:mycpu|instr_E[26] ; cpu:mycpu|instr_E[19]                                                                                       ; CLOCK_50     ; CLOCK_50    ; 20.000       ; 0.350      ; 25.121     ;
; -4.772 ; cpu:mycpu|instr_E[26] ; cpu:mycpu|regfile:rf|memory_rtl_0_bypass[10]                                                                ; CLOCK_50     ; CLOCK_50    ; 20.000       ; 0.349      ; 25.119     ;
; -4.766 ; cpu:mycpu|instr_E[28] ; cpu:mycpu|PC_F[26]                                                                                          ; CLOCK_50     ; CLOCK_50    ; 20.000       ; 0.330      ; 25.094     ;
; -4.765 ; cpu:mycpu|instr_E[28] ; cpu:mycpu|PC_F[27]                                                                                          ; CLOCK_50     ; CLOCK_50    ; 20.000       ; 0.330      ; 25.093     ;
; -4.764 ; cpu:mycpu|instr_E[28] ; cpu:mycpu|PC_F[11]                                                                                          ; CLOCK_50     ; CLOCK_50    ; 20.000       ; 0.330      ; 25.092     ;
; -4.761 ; cpu:mycpu|instr_E[28] ; cpu:mycpu|PC_F[14]                                                                                          ; CLOCK_50     ; CLOCK_50    ; 20.000       ; 0.330      ; 25.089     ;
; -4.760 ; cpu:mycpu|instr_E[28] ; cpu:mycpu|regfile:rf|memory_rtl_0_bypass[4]                                                                 ; CLOCK_50     ; CLOCK_50    ; 20.000       ; 0.349      ; 25.107     ;
; -4.756 ; cpu:mycpu|instr_E[28] ; cpu:mycpu|regfile:rf|altsyncram:memory_rtl_0|altsyncram_mcc1:auto_generated|ram_block1a0~portb_address_reg0 ; CLOCK_50     ; CLOCK_50    ; 20.000       ; 0.291      ; 25.085     ;
; -4.756 ; cpu:mycpu|instr_E[28] ; cpu:mycpu|instr_E[19]                                                                                       ; CLOCK_50     ; CLOCK_50    ; 20.000       ; 0.350      ; 25.104     ;
; -4.755 ; cpu:mycpu|instr_E[28] ; cpu:mycpu|regfile:rf|memory_rtl_0_bypass[10]                                                                ; CLOCK_50     ; CLOCK_50    ; 20.000       ; 0.349      ; 25.102     ;
; -4.752 ; cpu:mycpu|instr_E[26] ; cpu:mycpu|PC_F[4]                                                                                           ; CLOCK_50     ; CLOCK_50    ; 20.000       ; 0.325      ; 25.075     ;
; -4.735 ; cpu:mycpu|instr_E[28] ; cpu:mycpu|PC_F[4]                                                                                           ; CLOCK_50     ; CLOCK_50    ; 20.000       ; 0.325      ; 25.058     ;
; -4.723 ; cpu:mycpu|instr_E[29] ; cpu:mycpu|PC_F[9]                                                                                           ; CLOCK_50     ; CLOCK_50    ; 20.000       ; 0.321      ; 25.042     ;
; -4.707 ; cpu:mycpu|instr_E[26] ; cpu:mycpu|regfile:rf|memory_rtl_0_bypass[6]                                                                 ; CLOCK_50     ; CLOCK_50    ; 20.000       ; 0.350      ; 25.055     ;
; -4.690 ; cpu:mycpu|instr_E[27] ; cpu:mycpu|instr_E[21]                                                                                       ; CLOCK_50     ; CLOCK_50    ; 20.000       ; 0.354      ; 25.042     ;
; -4.690 ; cpu:mycpu|instr_E[28] ; cpu:mycpu|regfile:rf|memory_rtl_0_bypass[6]                                                                 ; CLOCK_50     ; CLOCK_50    ; 20.000       ; 0.350      ; 25.038     ;
; -4.681 ; cpu:mycpu|instr_E[26] ; cpu:mycpu|PC_F[21]                                                                                          ; CLOCK_50     ; CLOCK_50    ; 20.000       ; 0.332      ; 25.011     ;
; -4.665 ; cpu:mycpu|instr_E[26] ; cpu:mycpu|PC_F[13]                                                                                          ; CLOCK_50     ; CLOCK_50    ; 20.000       ; 0.330      ; 24.993     ;
; -4.664 ; cpu:mycpu|instr_E[28] ; cpu:mycpu|PC_F[21]                                                                                          ; CLOCK_50     ; CLOCK_50    ; 20.000       ; 0.332      ; 24.994     ;
; -4.657 ; cpu:mycpu|instr_E[27] ; cpu:mycpu|PC_F[10]                                                                                          ; CLOCK_50     ; CLOCK_50    ; 20.000       ; 0.326      ; 24.981     ;
; -4.653 ; cpu:mycpu|instr_E[26] ; cpu:mycpu|PC_F[0]                                                                                           ; CLOCK_50     ; CLOCK_50    ; 20.000       ; 0.353      ; 25.004     ;
; -4.652 ; cpu:mycpu|instr_E[26] ; cpu:mycpu|PC_F[6]                                                                                           ; CLOCK_50     ; CLOCK_50    ; 20.000       ; 0.353      ; 25.003     ;
; -4.650 ; cpu:mycpu|instr_E[26] ; cpu:mycpu|PC_F[2]                                                                                           ; CLOCK_50     ; CLOCK_50    ; 20.000       ; 0.353      ; 25.001     ;
; -4.649 ; cpu:mycpu|instr_E[26] ; cpu:mycpu|PC_F[3]                                                                                           ; CLOCK_50     ; CLOCK_50    ; 20.000       ; 0.353      ; 25.000     ;
; -4.648 ; cpu:mycpu|instr_E[28] ; cpu:mycpu|PC_F[13]                                                                                          ; CLOCK_50     ; CLOCK_50    ; 20.000       ; 0.330      ; 24.976     ;
; -4.645 ; cpu:mycpu|instr_E[26] ; cpu:mycpu|instr_E[28]                                                                                       ; CLOCK_50     ; CLOCK_50    ; 20.000       ; -0.080     ; 24.563     ;
; -4.645 ; cpu:mycpu|instr_E[27] ; cpu:mycpu|instr_E[20]                                                                                       ; CLOCK_50     ; CLOCK_50    ; 20.000       ; 0.354      ; 24.997     ;
; -4.636 ; cpu:mycpu|instr_E[28] ; cpu:mycpu|PC_F[0]                                                                                           ; CLOCK_50     ; CLOCK_50    ; 20.000       ; 0.353      ; 24.987     ;
; -4.635 ; cpu:mycpu|instr_E[28] ; cpu:mycpu|PC_F[6]                                                                                           ; CLOCK_50     ; CLOCK_50    ; 20.000       ; 0.353      ; 24.986     ;
; -4.633 ; cpu:mycpu|instr_E[28] ; cpu:mycpu|PC_F[2]                                                                                           ; CLOCK_50     ; CLOCK_50    ; 20.000       ; 0.353      ; 24.984     ;
; -4.632 ; cpu:mycpu|instr_E[28] ; cpu:mycpu|PC_F[3]                                                                                           ; CLOCK_50     ; CLOCK_50    ; 20.000       ; 0.353      ; 24.983     ;
; -4.628 ; cpu:mycpu|instr_E[28] ; cpu:mycpu|instr_E[28]                                                                                       ; CLOCK_50     ; CLOCK_50    ; 20.000       ; -0.080     ; 24.546     ;
; -4.618 ; cpu:mycpu|instr_E[26] ; cpu:mycpu|instr_E[16]                                                                                       ; CLOCK_50     ; CLOCK_50    ; 20.000       ; 0.350      ; 24.966     ;
; -4.613 ; cpu:mycpu|instr_E[26] ; cpu:mycpu|instr_E[6]                                                                                        ; CLOCK_50     ; CLOCK_50    ; 20.000       ; 0.383      ; 24.994     ;
; -4.610 ; cpu:mycpu|instr_E[26] ; cpu:mycpu|PC_F[20]                                                                                          ; CLOCK_50     ; CLOCK_50    ; 20.000       ; 0.352      ; 24.960     ;
; -4.610 ; cpu:mycpu|instr_E[26] ; cpu:mycpu|instr_E[23]                                                                                       ; CLOCK_50     ; CLOCK_50    ; 20.000       ; -0.061     ; 24.547     ;
; -4.607 ; cpu:mycpu|instr_E[26] ; cpu:mycpu|PC_F[28]                                                                                          ; CLOCK_50     ; CLOCK_50    ; 20.000       ; 0.330      ; 24.935     ;
; -4.607 ; cpu:mycpu|instr_E[27] ; cpu:mycpu|PC_F[26]                                                                                          ; CLOCK_50     ; CLOCK_50    ; 20.000       ; 0.330      ; 24.935     ;
; -4.606 ; cpu:mycpu|instr_E[27] ; cpu:mycpu|PC_F[27]                                                                                          ; CLOCK_50     ; CLOCK_50    ; 20.000       ; 0.330      ; 24.934     ;
; -4.605 ; cpu:mycpu|instr_E[26] ; cpu:mycpu|PC_F[19]                                                                                          ; CLOCK_50     ; CLOCK_50    ; 20.000       ; 0.352      ; 24.955     ;
; -4.605 ; cpu:mycpu|instr_E[27] ; cpu:mycpu|PC_F[11]                                                                                          ; CLOCK_50     ; CLOCK_50    ; 20.000       ; 0.330      ; 24.933     ;
; -4.602 ; cpu:mycpu|instr_E[27] ; cpu:mycpu|PC_F[14]                                                                                          ; CLOCK_50     ; CLOCK_50    ; 20.000       ; 0.330      ; 24.930     ;
; -4.601 ; cpu:mycpu|instr_E[27] ; cpu:mycpu|regfile:rf|memory_rtl_0_bypass[4]                                                                 ; CLOCK_50     ; CLOCK_50    ; 20.000       ; 0.349      ; 24.948     ;
; -4.601 ; cpu:mycpu|instr_E[28] ; cpu:mycpu|instr_E[16]                                                                                       ; CLOCK_50     ; CLOCK_50    ; 20.000       ; 0.350      ; 24.949     ;
; -4.597 ; cpu:mycpu|instr_E[27] ; cpu:mycpu|regfile:rf|altsyncram:memory_rtl_0|altsyncram_mcc1:auto_generated|ram_block1a0~portb_address_reg0 ; CLOCK_50     ; CLOCK_50    ; 20.000       ; 0.291      ; 24.926     ;
; -4.597 ; cpu:mycpu|instr_E[27] ; cpu:mycpu|instr_E[19]                                                                                       ; CLOCK_50     ; CLOCK_50    ; 20.000       ; 0.350      ; 24.945     ;
; -4.596 ; cpu:mycpu|instr_E[27] ; cpu:mycpu|regfile:rf|memory_rtl_0_bypass[10]                                                                ; CLOCK_50     ; CLOCK_50    ; 20.000       ; 0.349      ; 24.943     ;
; -4.596 ; cpu:mycpu|instr_E[28] ; cpu:mycpu|instr_E[6]                                                                                        ; CLOCK_50     ; CLOCK_50    ; 20.000       ; 0.383      ; 24.977     ;
; -4.593 ; cpu:mycpu|instr_E[28] ; cpu:mycpu|PC_F[20]                                                                                          ; CLOCK_50     ; CLOCK_50    ; 20.000       ; 0.352      ; 24.943     ;
; -4.593 ; cpu:mycpu|instr_E[28] ; cpu:mycpu|instr_E[23]                                                                                       ; CLOCK_50     ; CLOCK_50    ; 20.000       ; -0.061     ; 24.530     ;
; -4.590 ; cpu:mycpu|instr_E[28] ; cpu:mycpu|PC_F[28]                                                                                          ; CLOCK_50     ; CLOCK_50    ; 20.000       ; 0.330      ; 24.918     ;
; -4.588 ; cpu:mycpu|instr_E[28] ; cpu:mycpu|PC_F[19]                                                                                          ; CLOCK_50     ; CLOCK_50    ; 20.000       ; 0.352      ; 24.938     ;
; -4.576 ; cpu:mycpu|instr_E[27] ; cpu:mycpu|PC_F[4]                                                                                           ; CLOCK_50     ; CLOCK_50    ; 20.000       ; 0.325      ; 24.899     ;
; -4.571 ; cpu:mycpu|instr_E[26] ; cpu:mycpu|PC_F[16]                                                                                          ; CLOCK_50     ; CLOCK_50    ; 20.000       ; 0.354      ; 24.923     ;
; -4.569 ; cpu:mycpu|instr_E[26] ; cpu:mycpu|PC_F[12]                                                                                          ; CLOCK_50     ; CLOCK_50    ; 20.000       ; 0.354      ; 24.921     ;
; -4.564 ; cpu:mycpu|instr_E[26] ; cpu:mycpu|PC_F[17]                                                                                          ; CLOCK_50     ; CLOCK_50    ; 20.000       ; 0.354      ; 24.916     ;
; -4.564 ; cpu:mycpu|instr_E[26] ; cpu:mycpu|PC_F[18]                                                                                          ; CLOCK_50     ; CLOCK_50    ; 20.000       ; 0.354      ; 24.916     ;
; -4.562 ; cpu:mycpu|instr_E[26] ; cpu:mycpu|PC_F[7]                                                                                           ; CLOCK_50     ; CLOCK_50    ; 20.000       ; 0.354      ; 24.914     ;
; -4.562 ; cpu:mycpu|instr_E[29] ; cpu:mycpu|instr_E[21]                                                                                       ; CLOCK_50     ; CLOCK_50    ; 20.000       ; 0.354      ; 24.914     ;
; -4.557 ; cpu:mycpu|instr_E[26] ; cpu:mycpu|PC_F[1]                                                                                           ; CLOCK_50     ; CLOCK_50    ; 20.000       ; 0.354      ; 24.909     ;
; -4.555 ; cpu:mycpu|instr_E[26] ; cpu:mycpu|PC_F[5]                                                                                           ; CLOCK_50     ; CLOCK_50    ; 20.000       ; 0.354      ; 24.907     ;
; -4.554 ; cpu:mycpu|instr_E[28] ; cpu:mycpu|PC_F[16]                                                                                          ; CLOCK_50     ; CLOCK_50    ; 20.000       ; 0.354      ; 24.906     ;
; -4.552 ; cpu:mycpu|instr_E[26] ; cpu:mycpu|instr_E[22]                                                                                       ; CLOCK_50     ; CLOCK_50    ; 20.000       ; 0.354      ; 24.904     ;
; -4.552 ; cpu:mycpu|instr_E[28] ; cpu:mycpu|PC_F[12]                                                                                          ; CLOCK_50     ; CLOCK_50    ; 20.000       ; 0.354      ; 24.904     ;
; -4.551 ; cpu:mycpu|instr_E[26] ; cpu:mycpu|PC_F[8]                                                                                           ; CLOCK_50     ; CLOCK_50    ; 20.000       ; 0.354      ; 24.903     ;
; -4.547 ; cpu:mycpu|instr_E[28] ; cpu:mycpu|PC_F[17]                                                                                          ; CLOCK_50     ; CLOCK_50    ; 20.000       ; 0.354      ; 24.899     ;
; -4.547 ; cpu:mycpu|instr_E[28] ; cpu:mycpu|PC_F[18]                                                                                          ; CLOCK_50     ; CLOCK_50    ; 20.000       ; 0.354      ; 24.899     ;
; -4.545 ; cpu:mycpu|instr_E[28] ; cpu:mycpu|PC_F[7]                                                                                           ; CLOCK_50     ; CLOCK_50    ; 20.000       ; 0.354      ; 24.897     ;
; -4.543 ; cpu:mycpu|instr_E[26] ; cpu:mycpu|regfile:rf|memory_rtl_0_bypass[2]                                                                 ; CLOCK_50     ; CLOCK_50    ; 20.000       ; 0.350      ; 24.891     ;
; -4.540 ; cpu:mycpu|instr_E[28] ; cpu:mycpu|PC_F[1]                                                                                           ; CLOCK_50     ; CLOCK_50    ; 20.000       ; 0.354      ; 24.892     ;
; -4.538 ; cpu:mycpu|instr_E[28] ; cpu:mycpu|PC_F[5]                                                                                           ; CLOCK_50     ; CLOCK_50    ; 20.000       ; 0.354      ; 24.890     ;
; -4.537 ; cpu:mycpu|instr_E[26] ; cpu:mycpu|instr_E[24]                                                                                       ; CLOCK_50     ; CLOCK_50    ; 20.000       ; 0.354      ; 24.889     ;
; -4.535 ; cpu:mycpu|instr_E[28] ; cpu:mycpu|instr_E[22]                                                                                       ; CLOCK_50     ; CLOCK_50    ; 20.000       ; 0.354      ; 24.887     ;
; -4.534 ; cpu:mycpu|instr_E[28] ; cpu:mycpu|PC_F[8]                                                                                           ; CLOCK_50     ; CLOCK_50    ; 20.000       ; 0.354      ; 24.886     ;
; -4.531 ; cpu:mycpu|instr_E[27] ; cpu:mycpu|regfile:rf|memory_rtl_0_bypass[6]                                                                 ; CLOCK_50     ; CLOCK_50    ; 20.000       ; 0.350      ; 24.879     ;
; -4.529 ; cpu:mycpu|instr_E[29] ; cpu:mycpu|PC_F[10]                                                                                          ; CLOCK_50     ; CLOCK_50    ; 20.000       ; 0.326      ; 24.853     ;
; -4.526 ; cpu:mycpu|instr_E[28] ; cpu:mycpu|regfile:rf|memory_rtl_0_bypass[2]                                                                 ; CLOCK_50     ; CLOCK_50    ; 20.000       ; 0.350      ; 24.874     ;
; -4.520 ; cpu:mycpu|instr_E[28] ; cpu:mycpu|instr_E[24]                                                                                       ; CLOCK_50     ; CLOCK_50    ; 20.000       ; 0.354      ; 24.872     ;
; -4.519 ; cpu:mycpu|instr_E[26] ; cpu:mycpu|instr_E[26]                                                                                       ; CLOCK_50     ; CLOCK_50    ; 20.000       ; -0.080     ; 24.437     ;
; -4.518 ; cpu:mycpu|instr_E[26] ; cpu:mycpu|instr_E[27]                                                                                       ; CLOCK_50     ; CLOCK_50    ; 20.000       ; -0.080     ; 24.436     ;
; -4.518 ; cpu:mycpu|instr_E[26] ; cpu:mycpu|instr_E[29]                                                                                       ; CLOCK_50     ; CLOCK_50    ; 20.000       ; -0.080     ; 24.436     ;
; -4.517 ; cpu:mycpu|instr_E[29] ; cpu:mycpu|instr_E[20]                                                                                       ; CLOCK_50     ; CLOCK_50    ; 20.000       ; 0.354      ; 24.869     ;
; -4.505 ; cpu:mycpu|instr_E[27] ; cpu:mycpu|PC_F[21]                                                                                          ; CLOCK_50     ; CLOCK_50    ; 20.000       ; 0.332      ; 24.835     ;
; -4.502 ; cpu:mycpu|instr_E[28] ; cpu:mycpu|instr_E[26]                                                                                       ; CLOCK_50     ; CLOCK_50    ; 20.000       ; -0.080     ; 24.420     ;
; -4.501 ; cpu:mycpu|instr_E[28] ; cpu:mycpu|instr_E[27]                                                                                       ; CLOCK_50     ; CLOCK_50    ; 20.000       ; -0.080     ; 24.419     ;
+--------+-----------------------+-------------------------------------------------------------------------------------------------------------+--------------+-------------+--------------+------------+------------+


+------------------------------------------------------------------------------------------------------------------------------------------------------------------------------------------------------------------------+
; Slow 1200mV 85C Model Hold: 'CLOCK_50'                                                                                                                                                                                 ;
+-------+----------------------------+-------------------------------------------------------------------------------------------------------------+--------------+-------------+--------------+------------+------------+
; Slack ; From Node                  ; To Node                                                                                                     ; Launch Clock ; Latch Clock ; Relationship ; Clock Skew ; Data Delay ;
+-------+----------------------------+-------------------------------------------------------------------------------------------------------------+--------------+-------------+--------------+------------+------------+
; 0.398 ; cpu:mycpu|rd_W[2]          ; cpu:mycpu|regfile:rf|altsyncram:memory_rtl_0|altsyncram_mcc1:auto_generated|ram_block1a0~porta_address_reg0 ; CLOCK_50     ; CLOCK_50    ; 0.000        ; 0.428      ; 1.048      ;
; 0.551 ; cpu:mycpu|rs1_data_W[26]   ; cpu:mycpu|gpio_out[26]                                                                                      ; CLOCK_50     ; CLOCK_50    ; 0.000        ; 0.082      ; 0.819      ;
; 0.551 ; cpu:mycpu|rs1_data_W[24]   ; cpu:mycpu|gpio_out[24]                                                                                      ; CLOCK_50     ; CLOCK_50    ; 0.000        ; 0.082      ; 0.819      ;
; 0.552 ; cpu:mycpu|rs1_data_W[28]   ; cpu:mycpu|gpio_out[28]                                                                                      ; CLOCK_50     ; CLOCK_50    ; 0.000        ; 0.081      ; 0.819      ;
; 0.552 ; cpu:mycpu|rs1_data_W[27]   ; cpu:mycpu|gpio_out[27]                                                                                      ; CLOCK_50     ; CLOCK_50    ; 0.000        ; 0.082      ; 0.820      ;
; 0.552 ; cpu:mycpu|rs1_data_W[21]   ; cpu:mycpu|gpio_out[21]                                                                                      ; CLOCK_50     ; CLOCK_50    ; 0.000        ; 0.081      ; 0.819      ;
; 0.552 ; cpu:mycpu|rs1_data_W[3]    ; cpu:mycpu|gpio_out[3]                                                                                       ; CLOCK_50     ; CLOCK_50    ; 0.000        ; 0.081      ; 0.819      ;
; 0.552 ; cpu:mycpu|rs1_data_W[0]    ; cpu:mycpu|gpio_out[0]                                                                                       ; CLOCK_50     ; CLOCK_50    ; 0.000        ; 0.081      ; 0.819      ;
; 0.553 ; cpu:mycpu|rs1_data_W[31]   ; cpu:mycpu|gpio_out[31]                                                                                      ; CLOCK_50     ; CLOCK_50    ; 0.000        ; 0.081      ; 0.820      ;
; 0.553 ; cpu:mycpu|rs1_data_W[20]   ; cpu:mycpu|gpio_out[20]                                                                                      ; CLOCK_50     ; CLOCK_50    ; 0.000        ; 0.081      ; 0.820      ;
; 0.553 ; cpu:mycpu|rs1_data_W[14]   ; cpu:mycpu|gpio_out[14]                                                                                      ; CLOCK_50     ; CLOCK_50    ; 0.000        ; 0.080      ; 0.819      ;
; 0.553 ; cpu:mycpu|rs1_data_W[1]    ; cpu:mycpu|gpio_out[1]                                                                                       ; CLOCK_50     ; CLOCK_50    ; 0.000        ; 0.081      ; 0.820      ;
; 0.554 ; cpu:mycpu|rs1_data_W[30]   ; cpu:mycpu|gpio_out[30]                                                                                      ; CLOCK_50     ; CLOCK_50    ; 0.000        ; 0.081      ; 0.821      ;
; 0.554 ; cpu:mycpu|rs1_data_W[23]   ; cpu:mycpu|gpio_out[23]                                                                                      ; CLOCK_50     ; CLOCK_50    ; 0.000        ; 0.081      ; 0.821      ;
; 0.554 ; cpu:mycpu|rs1_data_W[22]   ; cpu:mycpu|gpio_out[22]                                                                                      ; CLOCK_50     ; CLOCK_50    ; 0.000        ; 0.081      ; 0.821      ;
; 0.554 ; cpu:mycpu|rs1_data_W[18]   ; cpu:mycpu|gpio_out[18]                                                                                      ; CLOCK_50     ; CLOCK_50    ; 0.000        ; 0.079      ; 0.819      ;
; 0.554 ; cpu:mycpu|rs1_data_W[17]   ; cpu:mycpu|gpio_out[17]                                                                                      ; CLOCK_50     ; CLOCK_50    ; 0.000        ; 0.079      ; 0.819      ;
; 0.556 ; cpu:mycpu|rs1_data_W[29]   ; cpu:mycpu|gpio_out[29]                                                                                      ; CLOCK_50     ; CLOCK_50    ; 0.000        ; 0.081      ; 0.823      ;
; 0.556 ; cpu:mycpu|rs1_data_W[16]   ; cpu:mycpu|gpio_out[16]                                                                                      ; CLOCK_50     ; CLOCK_50    ; 0.000        ; 0.079      ; 0.821      ;
; 0.557 ; cpu:mycpu|rs1_data_W[15]   ; cpu:mycpu|gpio_out[15]                                                                                      ; CLOCK_50     ; CLOCK_50    ; 0.000        ; 0.080      ; 0.823      ;
; 0.630 ; cpu:mycpu|rd_W[3]          ; cpu:mycpu|regfile:rf|memory_rtl_1_bypass[7]                                                                 ; CLOCK_50     ; CLOCK_50    ; 0.000        ; 0.082      ; 0.898      ;
; 0.688 ; cpu:mycpu|rd_W[0]          ; cpu:mycpu|regfile:rf|altsyncram:memory_rtl_0|altsyncram_mcc1:auto_generated|ram_block1a0~porta_address_reg0 ; CLOCK_50     ; CLOCK_50    ; 0.000        ; 0.428      ; 1.338      ;
; 0.816 ; cpu:mycpu|rs1_data_W[25]   ; cpu:mycpu|gpio_out[25]                                                                                      ; CLOCK_50     ; CLOCK_50    ; 0.000        ; 0.084      ; 1.086      ;
; 0.843 ; cpu:mycpu|instr_E[8]       ; cpu:mycpu|rd_W[1]                                                                                           ; CLOCK_50     ; CLOCK_50    ; 0.000        ; -0.333     ; 0.696      ;
; 0.844 ; cpu:mycpu|rd_W[3]          ; cpu:mycpu|regfile:rf|altsyncram:memory_rtl_1|altsyncram_mcc1:auto_generated|ram_block1a0~porta_address_reg0 ; CLOCK_50     ; CLOCK_50    ; 0.000        ; 0.435      ; 1.501      ;
; 0.862 ; cpu:mycpu|rs1_data_W[2]    ; cpu:mycpu|gpio_out[2]                                                                                       ; CLOCK_50     ; CLOCK_50    ; 0.000        ; 0.084      ; 1.132      ;
; 0.865 ; cpu:mycpu|PC_F[10]         ; cpu:mycpu|PC_E[10]                                                                                          ; CLOCK_50     ; CLOCK_50    ; 0.000        ; -0.334     ; 0.717      ;
; 0.866 ; cpu:mycpu|PC_F[28]         ; cpu:mycpu|PC_E[28]                                                                                          ; CLOCK_50     ; CLOCK_50    ; 0.000        ; -0.334     ; 0.718      ;
; 0.866 ; cpu:mycpu|PC_F[9]          ; cpu:mycpu|PC_E[9]                                                                                           ; CLOCK_50     ; CLOCK_50    ; 0.000        ; -0.334     ; 0.718      ;
; 0.990 ; cpu:mycpu|PC_F[4]          ; cpu:mycpu|PC_E[4]                                                                                           ; CLOCK_50     ; CLOCK_50    ; 0.000        ; -0.334     ; 0.842      ;
; 0.990 ; cpu:mycpu|PC_F[14]         ; cpu:mycpu|PC_E[14]                                                                                          ; CLOCK_50     ; CLOCK_50    ; 0.000        ; -0.334     ; 0.842      ;
; 0.990 ; cpu:mycpu|PC_F[13]         ; cpu:mycpu|PC_E[13]                                                                                          ; CLOCK_50     ; CLOCK_50    ; 0.000        ; -0.334     ; 0.842      ;
; 1.023 ; cpu:mycpu|rd_W[2]          ; cpu:mycpu|regfile:rf|altsyncram:memory_rtl_1|altsyncram_mcc1:auto_generated|ram_block1a0~porta_address_reg0 ; CLOCK_50     ; CLOCK_50    ; 0.000        ; 0.435      ; 1.680      ;
; 1.043 ; cpu:mycpu|rd_W[4]          ; cpu:mycpu|regfile:rf|memory_rtl_1_bypass[9]                                                                 ; CLOCK_50     ; CLOCK_50    ; 0.000        ; -0.333     ; 0.896      ;
; 1.056 ; cpu:mycpu|instr_E[4]       ; cpu:mycpu|PC_F[22]                                                                                          ; CLOCK_50     ; CLOCK_50    ; 0.000        ; 0.513      ; 1.755      ;
; 1.092 ; cpu:mycpu|rs1_data_W[7]    ; cpu:mycpu|gpio_out[7]                                                                                       ; CLOCK_50     ; CLOCK_50    ; 0.000        ; 0.102      ; 1.380      ;
; 1.110 ; cpu:mycpu|instr_E[4]       ; cpu:mycpu|instr_E[4]                                                                                        ; CLOCK_50     ; CLOCK_50    ; 0.000        ; 0.081      ; 1.377      ;
; 1.121 ; cpu:mycpu|instr_E[4]       ; cpu:mycpu|instr_E[5]                                                                                        ; CLOCK_50     ; CLOCK_50    ; 0.000        ; 0.081      ; 1.388      ;
; 1.147 ; cpu:mycpu|instr_E[4]       ; cpu:mycpu|PC_F[23]                                                                                          ; CLOCK_50     ; CLOCK_50    ; 0.000        ; 0.513      ; 1.846      ;
; 1.154 ; cpu:mycpu|regwrite_W       ; cpu:mycpu|regfile:rf|altsyncram:memory_rtl_0|altsyncram_mcc1:auto_generated|ram_block1a0~porta_we_reg       ; CLOCK_50     ; CLOCK_50    ; 0.000        ; 0.432      ; 1.808      ;
; 1.222 ; cpu:mycpu|imm20_W[29]      ; cpu:mycpu|regfile:rf|altsyncram:memory_rtl_1|altsyncram_mcc1:auto_generated|ram_block1a0~porta_datain_reg0  ; CLOCK_50     ; CLOCK_50    ; 0.000        ; 0.444      ; 1.888      ;
; 1.257 ; cpu:mycpu|rd_W[0]          ; cpu:mycpu|regfile:rf|altsyncram:memory_rtl_1|altsyncram_mcc1:auto_generated|ram_block1a0~porta_address_reg0 ; CLOCK_50     ; CLOCK_50    ; 0.000        ; 0.435      ; 1.914      ;
; 1.315 ; cpu:mycpu|imm20_W[31]      ; cpu:mycpu|regfile:rf|memory_rtl_1_bypass[42]                                                                ; CLOCK_50     ; CLOCK_50    ; 0.000        ; 0.081      ; 1.582      ;
; 1.317 ; cpu:mycpu|imm20_W[31]      ; cpu:mycpu|regfile:rf|memory_rtl_0_bypass[42]                                                                ; CLOCK_50     ; CLOCK_50    ; 0.000        ; 0.081      ; 1.584      ;
; 1.319 ; cpu:mycpu|PC_E[11]         ; cpu:mycpu|PC_F[11]                                                                                          ; CLOCK_50     ; CLOCK_50    ; 0.000        ; 0.511      ; 2.016      ;
; 1.326 ; cpu:mycpu|rd_W[3]          ; cpu:mycpu|regfile:rf|altsyncram:memory_rtl_0|altsyncram_mcc1:auto_generated|ram_block1a0~porta_address_reg0 ; CLOCK_50     ; CLOCK_50    ; 0.000        ; 0.428      ; 1.976      ;
; 1.328 ; cpu:mycpu|rd_W[2]          ; cpu:mycpu|regfile:rf|memory_rtl_0_bypass[5]                                                                 ; CLOCK_50     ; CLOCK_50    ; 0.000        ; 0.077      ; 1.591      ;
; 1.335 ; cpu:mycpu|instr_E[26]      ; cpu:mycpu|imm20_W[26]                                                                                       ; CLOCK_50     ; CLOCK_50    ; 0.000        ; 0.080      ; 1.601      ;
; 1.348 ; cpu:mycpu|PC_E[26]         ; cpu:mycpu|PC_plus4_W[28]                                                                                    ; CLOCK_50     ; CLOCK_50    ; 0.000        ; 0.087      ; 1.621      ;
; 1.349 ; cpu:mycpu|PC_F[19]         ; cpu:mycpu|PC_E[19]                                                                                          ; CLOCK_50     ; CLOCK_50    ; 0.000        ; -0.337     ; 1.198      ;
; 1.350 ; cpu:mycpu|imm20_W[31]      ; cpu:mycpu|regfile:rf|altsyncram:memory_rtl_0|altsyncram_mcc1:auto_generated|ram_block1a0~porta_datain_reg0  ; CLOCK_50     ; CLOCK_50    ; 0.000        ; 0.454      ; 2.026      ;
; 1.367 ; cpu:mycpu|PC_plus4_W[16]   ; cpu:mycpu|regfile:rf|altsyncram:memory_rtl_1|altsyncram_mcc1:auto_generated|ram_block1a0~porta_datain_reg0  ; CLOCK_50     ; CLOCK_50    ; 0.000        ; 0.053      ; 1.642      ;
; 1.369 ; cpu:mycpu|instr_E[19]      ; cpu:mycpu|rs1_data_W[8]                                                                                     ; CLOCK_50     ; CLOCK_50    ; 0.000        ; -0.327     ; 1.228      ;
; 1.373 ; cpu:mycpu|instr_E[4]       ; cpu:mycpu|PC_F[5]                                                                                           ; CLOCK_50     ; CLOCK_50    ; 0.000        ; 0.522      ; 2.081      ;
; 1.377 ; cpu:mycpu|instr_E[4]       ; cpu:mycpu|PC_F[16]                                                                                          ; CLOCK_50     ; CLOCK_50    ; 0.000        ; 0.522      ; 2.085      ;
; 1.378 ; cpu:mycpu|instr_E[4]       ; cpu:mycpu|PC_F[12]                                                                                          ; CLOCK_50     ; CLOCK_50    ; 0.000        ; 0.522      ; 2.086      ;
; 1.379 ; cpu:mycpu|instr_E[4]       ; cpu:mycpu|PC_F[7]                                                                                           ; CLOCK_50     ; CLOCK_50    ; 0.000        ; 0.522      ; 2.087      ;
; 1.381 ; cpu:mycpu|PC_plus4_W[6]    ; cpu:mycpu|regfile:rf|altsyncram:memory_rtl_1|altsyncram_mcc1:auto_generated|ram_block1a0~porta_datain_reg0  ; CLOCK_50     ; CLOCK_50    ; 0.000        ; 0.045      ; 1.648      ;
; 1.383 ; cpu:mycpu|instr_E[4]       ; cpu:mycpu|PC_F[18]                                                                                          ; CLOCK_50     ; CLOCK_50    ; 0.000        ; 0.522      ; 2.091      ;
; 1.387 ; cpu:mycpu|instr_E[4]       ; cpu:mycpu|PC_F[8]                                                                                           ; CLOCK_50     ; CLOCK_50    ; 0.000        ; 0.522      ; 2.095      ;
; 1.387 ; cpu:mycpu|instr_E[4]       ; cpu:mycpu|PC_F[28]                                                                                          ; CLOCK_50     ; CLOCK_50    ; 0.000        ; 0.497      ; 2.070      ;
; 1.389 ; cpu:mycpu|instr_E[4]       ; cpu:mycpu|PC_F[1]                                                                                           ; CLOCK_50     ; CLOCK_50    ; 0.000        ; 0.522      ; 2.097      ;
; 1.393 ; cpu:mycpu|imm20_W[31]      ; cpu:mycpu|regfile:rf|altsyncram:memory_rtl_1|altsyncram_mcc1:auto_generated|ram_block1a0~porta_datain_reg0  ; CLOCK_50     ; CLOCK_50    ; 0.000        ; 0.461      ; 2.076      ;
; 1.394 ; cpu:mycpu|PC_plus4_W[11]   ; cpu:mycpu|regfile:rf|altsyncram:memory_rtl_0|altsyncram_mcc1:auto_generated|ram_block1a0~porta_datain_reg0  ; CLOCK_50     ; CLOCK_50    ; 0.000        ; 0.047      ; 1.663      ;
; 1.415 ; cpu:mycpu|rs1_data_W[10]   ; cpu:mycpu|gpio_out[10]                                                                                      ; CLOCK_50     ; CLOCK_50    ; 0.000        ; 0.057      ; 1.658      ;
; 1.418 ; cpu:mycpu|alu_result_W[22] ; cpu:mycpu|regfile:rf|altsyncram:memory_rtl_1|altsyncram_mcc1:auto_generated|ram_block1a0~porta_datain_reg0  ; CLOCK_50     ; CLOCK_50    ; 0.000        ; 0.033      ; 1.673      ;
; 1.420 ; cpu:mycpu|PC_plus4_W[6]    ; cpu:mycpu|regfile:rf|altsyncram:memory_rtl_0|altsyncram_mcc1:auto_generated|ram_block1a0~porta_datain_reg0  ; CLOCK_50     ; CLOCK_50    ; 0.000        ; 0.038      ; 1.680      ;
; 1.423 ; cpu:mycpu|PC_E[14]         ; cpu:mycpu|PC_F[14]                                                                                          ; CLOCK_50     ; CLOCK_50    ; 0.000        ; 0.512      ; 2.121      ;
; 1.431 ; cpu:mycpu|PC_plus4_W[3]    ; cpu:mycpu|regfile:rf|altsyncram:memory_rtl_1|altsyncram_mcc1:auto_generated|ram_block1a0~porta_datain_reg0  ; CLOCK_50     ; CLOCK_50    ; 0.000        ; 0.045      ; 1.698      ;
; 1.433 ; cpu:mycpu|PC_E[2]          ; cpu:mycpu|PC_plus4_W[4]                                                                                     ; CLOCK_50     ; CLOCK_50    ; 0.000        ; 0.505      ; 2.124      ;
; 1.435 ; cpu:mycpu|instr_E[4]       ; cpu:mycpu|PC_F[20]                                                                                          ; CLOCK_50     ; CLOCK_50    ; 0.000        ; 0.519      ; 2.140      ;
; 1.439 ; cpu:mycpu|instr_E[4]       ; cpu:mycpu|PC_F[29]                                                                                          ; CLOCK_50     ; CLOCK_50    ; 0.000        ; 0.511      ; 2.136      ;
; 1.443 ; cpu:mycpu|instr_E[4]       ; cpu:mycpu|PC_F[24]                                                                                          ; CLOCK_50     ; CLOCK_50    ; 0.000        ; 0.510      ; 2.139      ;
; 1.446 ; cpu:mycpu|PC_plus4_W[3]    ; cpu:mycpu|regfile:rf|altsyncram:memory_rtl_0|altsyncram_mcc1:auto_generated|ram_block1a0~porta_datain_reg0  ; CLOCK_50     ; CLOCK_50    ; 0.000        ; 0.038      ; 1.706      ;
; 1.457 ; cpu:mycpu|rd_W[0]          ; cpu:mycpu|regfile:rf|memory_rtl_1_bypass[1]                                                                 ; CLOCK_50     ; CLOCK_50    ; 0.000        ; 0.080      ; 1.723      ;
; 1.460 ; cpu:mycpu|PC_plus4_W[4]    ; cpu:mycpu|regfile:rf|altsyncram:memory_rtl_0|altsyncram_mcc1:auto_generated|ram_block1a0~porta_datain_reg0  ; CLOCK_50     ; CLOCK_50    ; 0.000        ; 0.047      ; 1.729      ;
; 1.464 ; cpu:mycpu|imm20_W[29]      ; cpu:mycpu|regfile:rf|altsyncram:memory_rtl_0|altsyncram_mcc1:auto_generated|ram_block1a0~porta_datain_reg0  ; CLOCK_50     ; CLOCK_50    ; 0.000        ; 0.437      ; 2.123      ;
; 1.464 ; cpu:mycpu|PC_F[26]         ; cpu:mycpu|PC_E[26]                                                                                          ; CLOCK_50     ; CLOCK_50    ; 0.000        ; -0.340     ; 1.310      ;
; 1.465 ; cpu:mycpu|PC_F[1]          ; cpu:mycpu|instr_E[6]                                                                                        ; CLOCK_50     ; CLOCK_50    ; 0.000        ; 0.129      ; 1.780      ;
; 1.486 ; cpu:mycpu|instr_E[4]       ; cpu:mycpu|PC_F[13]                                                                                          ; CLOCK_50     ; CLOCK_50    ; 0.000        ; 0.497      ; 2.169      ;
; 1.489 ; cpu:mycpu|instr_E[4]       ; cpu:mycpu|PC_F[15]                                                                                          ; CLOCK_50     ; CLOCK_50    ; 0.000        ; 0.497      ; 2.172      ;
; 1.499 ; cpu:mycpu|instr_E[29]      ; cpu:mycpu|imm20_W[29]                                                                                       ; CLOCK_50     ; CLOCK_50    ; 0.000        ; 0.097      ; 1.782      ;
; 1.500 ; cpu:mycpu|PC_E[14]         ; cpu:mycpu|PC_plus4_W[16]                                                                                    ; CLOCK_50     ; CLOCK_50    ; 0.000        ; 0.509      ; 2.195      ;
; 1.502 ; cpu:mycpu|instr_E[4]       ; cpu:mycpu|PC_F[3]                                                                                           ; CLOCK_50     ; CLOCK_50    ; 0.000        ; 0.521      ; 2.209      ;
; 1.509 ; cpu:mycpu|PC_F[15]         ; cpu:mycpu|PC_E[15]                                                                                          ; CLOCK_50     ; CLOCK_50    ; 0.000        ; -0.337     ; 1.358      ;
; 1.525 ; cpu:mycpu|instr_E[4]       ; cpu:mycpu|PC_F[25]                                                                                          ; CLOCK_50     ; CLOCK_50    ; 0.000        ; 0.510      ; 2.221      ;
; 1.525 ; cpu:mycpu|PC_F[18]         ; cpu:mycpu|PC_E[18]                                                                                          ; CLOCK_50     ; CLOCK_50    ; 0.000        ; -0.336     ; 1.375      ;
; 1.526 ; cpu:mycpu|alu_result_W[25] ; cpu:mycpu|regfile:rf|memory_rtl_0_bypass[36]                                                                ; CLOCK_50     ; CLOCK_50    ; 0.000        ; -0.333     ; 1.379      ;
; 1.526 ; cpu:mycpu|PC_F[11]         ; cpu:mycpu|PC_E[11]                                                                                          ; CLOCK_50     ; CLOCK_50    ; 0.000        ; -0.334     ; 1.378      ;
; 1.528 ; cpu:mycpu|alu_result_W[25] ; cpu:mycpu|regfile:rf|memory_rtl_1_bypass[36]                                                                ; CLOCK_50     ; CLOCK_50    ; 0.000        ; -0.333     ; 1.381      ;
; 1.528 ; cpu:mycpu|alu_result_W[20] ; cpu:mycpu|regfile:rf|memory_rtl_0_bypass[31]                                                                ; CLOCK_50     ; CLOCK_50    ; 0.000        ; -0.333     ; 1.381      ;
; 1.529 ; cpu:mycpu|alu_result_W[20] ; cpu:mycpu|regfile:rf|memory_rtl_1_bypass[31]                                                                ; CLOCK_50     ; CLOCK_50    ; 0.000        ; -0.333     ; 1.382      ;
; 1.535 ; cpu:mycpu|PC_F[17]         ; cpu:mycpu|PC_E[17]                                                                                          ; CLOCK_50     ; CLOCK_50    ; 0.000        ; 0.093      ; 1.814      ;
; 1.553 ; cpu:mycpu|instr_E[4]       ; cpu:mycpu|regfile:rf|memory_rtl_1_bypass[10]                                                                ; CLOCK_50     ; CLOCK_50    ; 0.000        ; 0.514      ; 2.253      ;
; 1.554 ; cpu:mycpu|instr_E[19]      ; cpu:mycpu|rs1_data_W[19]                                                                                    ; CLOCK_50     ; CLOCK_50    ; 0.000        ; -0.335     ; 1.405      ;
; 1.574 ; cpu:mycpu|instr_E[4]       ; cpu:mycpu|regfile:rf|altsyncram:memory_rtl_1|altsyncram_mcc1:auto_generated|ram_block1a0~portb_address_reg0 ; CLOCK_50     ; CLOCK_50    ; 0.000        ; 0.444      ; 2.240      ;
; 1.585 ; cpu:mycpu|alu_result_W[21] ; cpu:mycpu|regfile:rf|altsyncram:memory_rtl_1|altsyncram_mcc1:auto_generated|ram_block1a0~porta_datain_reg0  ; CLOCK_50     ; CLOCK_50    ; 0.000        ; 0.031      ; 1.838      ;
; 1.588 ; cpu:mycpu|PC_E[25]         ; cpu:mycpu|PC_plus4_W[27]                                                                                    ; CLOCK_50     ; CLOCK_50    ; 0.000        ; -0.352     ; 1.422      ;
; 1.595 ; cpu:mycpu|instr_E[4]       ; cpu:mycpu|regfile:rf|memory_rtl_1_bypass[8]                                                                 ; CLOCK_50     ; CLOCK_50    ; 0.000        ; 0.082      ; 1.863      ;
; 1.595 ; cpu:mycpu|instr_E[4]       ; cpu:mycpu|regfile:rf|memory_rtl_1_bypass[4]                                                                 ; CLOCK_50     ; CLOCK_50    ; 0.000        ; 0.088      ; 1.869      ;
+-------+----------------------------+-------------------------------------------------------------------------------------------------------------+--------------+-------------+--------------+------------+------------+


-----------------------------------------------
; Slow 1200mV 85C Model Metastability Summary ;
-----------------------------------------------
No synchronizer chains to report.


+-------------------------------------------------+
; Slow 1200mV 0C Model Fmax Summary               ;
+-----------+-----------------+------------+------+
; Fmax      ; Restricted Fmax ; Clock Name ; Note ;
+-----------+-----------------+------------+------+
; 43.76 MHz ; 43.76 MHz       ; CLOCK_50   ;      ;
+-----------+-----------------+------------+------+
This panel reports FMAX for every clock in the design, regardless of the user-specified clock periods.  FMAX is only computed for paths where the source and destination registers or ports are driven by the same clock.  Paths of different clocks, including generated clocks, are ignored.  For paths between a clock and its inversion, FMAX is computed as if the rising and falling edges are scaled along with FMAX, such that the duty cycle (in terms of a percentage) is maintained. Altera recommends that you always use clock constraints and other slack reports for sign-off analysis.


+------------------------------------+
; Slow 1200mV 0C Model Setup Summary ;
+----------+--------+----------------+
; Clock    ; Slack  ; End Point TNS  ;
+----------+--------+----------------+
; CLOCK_50 ; -2.851 ; -163.169       ;
+----------+--------+----------------+


+-----------------------------------+
; Slow 1200mV 0C Model Hold Summary ;
+----------+-------+----------------+
; Clock    ; Slack ; End Point TNS  ;
+----------+-------+----------------+
; CLOCK_50 ; 0.403 ; 0.000          ;
+----------+-------+----------------+


-----------------------------------------
; Slow 1200mV 0C Model Recovery Summary ;
-----------------------------------------
No paths to report.


----------------------------------------
; Slow 1200mV 0C Model Removal Summary ;
----------------------------------------
No paths to report.


+--------------------------------------------------+
; Slow 1200mV 0C Model Minimum Pulse Width Summary ;
+-----------+--------+-----------------------------+
; Clock     ; Slack  ; End Point TNS               ;
+-----------+--------+-----------------------------+
; CLOCK_50  ; 9.559  ; 0.000                       ;
; CLOCK2_50 ; 16.000 ; 0.000                       ;
; CLOCK3_50 ; 16.000 ; 0.000                       ;
+-----------+--------+-----------------------------+


+--------------------------------------------------------------------------------------------------------------------------------------------------------------------------------------------------------------------+
; Slow 1200mV 0C Model Setup: 'CLOCK_50'                                                                                                                                                                             ;
+--------+-----------------------+-------------------------------------------------------------------------------------------------------------+--------------+-------------+--------------+------------+------------+
; Slack  ; From Node             ; To Node                                                                                                     ; Launch Clock ; Latch Clock ; Relationship ; Clock Skew ; Data Delay ;
+--------+-----------------------+-------------------------------------------------------------------------------------------------------------+--------------+-------------+--------------+------------+------------+
; -2.851 ; cpu:mycpu|instr_E[26] ; cpu:mycpu|PC_F[9]                                                                                           ; CLOCK_50     ; CLOCK_50    ; 20.000       ; 0.292      ; 23.142     ;
; -2.838 ; cpu:mycpu|instr_E[28] ; cpu:mycpu|PC_F[9]                                                                                           ; CLOCK_50     ; CLOCK_50    ; 20.000       ; 0.292      ; 23.129     ;
; -2.709 ; cpu:mycpu|instr_E[26] ; cpu:mycpu|instr_E[21]                                                                                       ; CLOCK_50     ; CLOCK_50    ; 20.000       ; 0.325      ; 23.033     ;
; -2.703 ; cpu:mycpu|instr_E[27] ; cpu:mycpu|PC_F[9]                                                                                           ; CLOCK_50     ; CLOCK_50    ; 20.000       ; 0.292      ; 22.994     ;
; -2.696 ; cpu:mycpu|instr_E[28] ; cpu:mycpu|instr_E[21]                                                                                       ; CLOCK_50     ; CLOCK_50    ; 20.000       ; 0.325      ; 23.020     ;
; -2.677 ; cpu:mycpu|instr_E[26] ; cpu:mycpu|PC_F[10]                                                                                          ; CLOCK_50     ; CLOCK_50    ; 20.000       ; 0.298      ; 22.974     ;
; -2.668 ; cpu:mycpu|instr_E[26] ; cpu:mycpu|instr_E[20]                                                                                       ; CLOCK_50     ; CLOCK_50    ; 20.000       ; 0.325      ; 22.992     ;
; -2.664 ; cpu:mycpu|instr_E[28] ; cpu:mycpu|PC_F[10]                                                                                          ; CLOCK_50     ; CLOCK_50    ; 20.000       ; 0.298      ; 22.961     ;
; -2.655 ; cpu:mycpu|instr_E[28] ; cpu:mycpu|instr_E[20]                                                                                       ; CLOCK_50     ; CLOCK_50    ; 20.000       ; 0.325      ; 22.979     ;
; -2.651 ; cpu:mycpu|instr_E[26] ; cpu:mycpu|regfile:rf|altsyncram:memory_rtl_0|altsyncram_mcc1:auto_generated|ram_block1a0~portb_address_reg0 ; CLOCK_50     ; CLOCK_50    ; 20.000       ; 0.254      ; 22.935     ;
; -2.638 ; cpu:mycpu|instr_E[28] ; cpu:mycpu|regfile:rf|altsyncram:memory_rtl_0|altsyncram_mcc1:auto_generated|ram_block1a0~portb_address_reg0 ; CLOCK_50     ; CLOCK_50    ; 20.000       ; 0.254      ; 22.922     ;
; -2.616 ; cpu:mycpu|instr_E[26] ; cpu:mycpu|regfile:rf|memory_rtl_0_bypass[10]                                                                ; CLOCK_50     ; CLOCK_50    ; 20.000       ; 0.319      ; 22.934     ;
; -2.615 ; cpu:mycpu|instr_E[26] ; cpu:mycpu|instr_E[19]                                                                                       ; CLOCK_50     ; CLOCK_50    ; 20.000       ; 0.320      ; 22.934     ;
; -2.611 ; cpu:mycpu|instr_E[26] ; cpu:mycpu|regfile:rf|memory_rtl_0_bypass[4]                                                                 ; CLOCK_50     ; CLOCK_50    ; 20.000       ; 0.319      ; 22.929     ;
; -2.603 ; cpu:mycpu|instr_E[28] ; cpu:mycpu|regfile:rf|memory_rtl_0_bypass[10]                                                                ; CLOCK_50     ; CLOCK_50    ; 20.000       ; 0.319      ; 22.921     ;
; -2.602 ; cpu:mycpu|instr_E[28] ; cpu:mycpu|instr_E[19]                                                                                       ; CLOCK_50     ; CLOCK_50    ; 20.000       ; 0.320      ; 22.921     ;
; -2.598 ; cpu:mycpu|instr_E[26] ; cpu:mycpu|PC_F[26]                                                                                          ; CLOCK_50     ; CLOCK_50    ; 20.000       ; 0.300      ; 22.897     ;
; -2.598 ; cpu:mycpu|instr_E[28] ; cpu:mycpu|regfile:rf|memory_rtl_0_bypass[4]                                                                 ; CLOCK_50     ; CLOCK_50    ; 20.000       ; 0.319      ; 22.916     ;
; -2.596 ; cpu:mycpu|instr_E[26] ; cpu:mycpu|PC_F[27]                                                                                          ; CLOCK_50     ; CLOCK_50    ; 20.000       ; 0.300      ; 22.895     ;
; -2.596 ; cpu:mycpu|instr_E[26] ; cpu:mycpu|PC_F[11]                                                                                          ; CLOCK_50     ; CLOCK_50    ; 20.000       ; 0.300      ; 22.895     ;
; -2.594 ; cpu:mycpu|instr_E[26] ; cpu:mycpu|PC_F[14]                                                                                          ; CLOCK_50     ; CLOCK_50    ; 20.000       ; 0.300      ; 22.893     ;
; -2.585 ; cpu:mycpu|instr_E[28] ; cpu:mycpu|PC_F[26]                                                                                          ; CLOCK_50     ; CLOCK_50    ; 20.000       ; 0.300      ; 22.884     ;
; -2.583 ; cpu:mycpu|instr_E[26] ; cpu:mycpu|PC_F[4]                                                                                           ; CLOCK_50     ; CLOCK_50    ; 20.000       ; 0.296      ; 22.878     ;
; -2.583 ; cpu:mycpu|instr_E[29] ; cpu:mycpu|PC_F[9]                                                                                           ; CLOCK_50     ; CLOCK_50    ; 20.000       ; 0.292      ; 22.874     ;
; -2.583 ; cpu:mycpu|instr_E[28] ; cpu:mycpu|PC_F[27]                                                                                          ; CLOCK_50     ; CLOCK_50    ; 20.000       ; 0.300      ; 22.882     ;
; -2.583 ; cpu:mycpu|instr_E[28] ; cpu:mycpu|PC_F[11]                                                                                          ; CLOCK_50     ; CLOCK_50    ; 20.000       ; 0.300      ; 22.882     ;
; -2.581 ; cpu:mycpu|instr_E[28] ; cpu:mycpu|PC_F[14]                                                                                          ; CLOCK_50     ; CLOCK_50    ; 20.000       ; 0.300      ; 22.880     ;
; -2.570 ; cpu:mycpu|instr_E[26] ; cpu:mycpu|regfile:rf|memory_rtl_0_bypass[6]                                                                 ; CLOCK_50     ; CLOCK_50    ; 20.000       ; 0.320      ; 22.889     ;
; -2.570 ; cpu:mycpu|instr_E[28] ; cpu:mycpu|PC_F[4]                                                                                           ; CLOCK_50     ; CLOCK_50    ; 20.000       ; 0.296      ; 22.865     ;
; -2.561 ; cpu:mycpu|instr_E[27] ; cpu:mycpu|instr_E[21]                                                                                       ; CLOCK_50     ; CLOCK_50    ; 20.000       ; 0.325      ; 22.885     ;
; -2.557 ; cpu:mycpu|instr_E[28] ; cpu:mycpu|regfile:rf|memory_rtl_0_bypass[6]                                                                 ; CLOCK_50     ; CLOCK_50    ; 20.000       ; 0.320      ; 22.876     ;
; -2.529 ; cpu:mycpu|instr_E[27] ; cpu:mycpu|PC_F[10]                                                                                          ; CLOCK_50     ; CLOCK_50    ; 20.000       ; 0.298      ; 22.826     ;
; -2.520 ; cpu:mycpu|instr_E[27] ; cpu:mycpu|instr_E[20]                                                                                       ; CLOCK_50     ; CLOCK_50    ; 20.000       ; 0.325      ; 22.844     ;
; -2.508 ; cpu:mycpu|instr_E[26] ; cpu:mycpu|PC_F[21]                                                                                          ; CLOCK_50     ; CLOCK_50    ; 20.000       ; 0.304      ; 22.811     ;
; -2.507 ; cpu:mycpu|instr_E[26] ; cpu:mycpu|PC_F[0]                                                                                           ; CLOCK_50     ; CLOCK_50    ; 20.000       ; 0.325      ; 22.831     ;
; -2.506 ; cpu:mycpu|instr_E[26] ; cpu:mycpu|PC_F[6]                                                                                           ; CLOCK_50     ; CLOCK_50    ; 20.000       ; 0.325      ; 22.830     ;
; -2.504 ; cpu:mycpu|instr_E[26] ; cpu:mycpu|PC_F[3]                                                                                           ; CLOCK_50     ; CLOCK_50    ; 20.000       ; 0.325      ; 22.828     ;
; -2.504 ; cpu:mycpu|instr_E[26] ; cpu:mycpu|PC_F[2]                                                                                           ; CLOCK_50     ; CLOCK_50    ; 20.000       ; 0.325      ; 22.828     ;
; -2.503 ; cpu:mycpu|instr_E[27] ; cpu:mycpu|regfile:rf|altsyncram:memory_rtl_0|altsyncram_mcc1:auto_generated|ram_block1a0~portb_address_reg0 ; CLOCK_50     ; CLOCK_50    ; 20.000       ; 0.254      ; 22.787     ;
; -2.499 ; cpu:mycpu|instr_E[26] ; cpu:mycpu|PC_F[13]                                                                                          ; CLOCK_50     ; CLOCK_50    ; 20.000       ; 0.302      ; 22.800     ;
; -2.495 ; cpu:mycpu|instr_E[28] ; cpu:mycpu|PC_F[21]                                                                                          ; CLOCK_50     ; CLOCK_50    ; 20.000       ; 0.304      ; 22.798     ;
; -2.494 ; cpu:mycpu|instr_E[28] ; cpu:mycpu|PC_F[0]                                                                                           ; CLOCK_50     ; CLOCK_50    ; 20.000       ; 0.325      ; 22.818     ;
; -2.493 ; cpu:mycpu|instr_E[26] ; cpu:mycpu|instr_E[28]                                                                                       ; CLOCK_50     ; CLOCK_50    ; 20.000       ; -0.072     ; 22.420     ;
; -2.493 ; cpu:mycpu|instr_E[28] ; cpu:mycpu|PC_F[6]                                                                                           ; CLOCK_50     ; CLOCK_50    ; 20.000       ; 0.325      ; 22.817     ;
; -2.491 ; cpu:mycpu|instr_E[28] ; cpu:mycpu|PC_F[3]                                                                                           ; CLOCK_50     ; CLOCK_50    ; 20.000       ; 0.325      ; 22.815     ;
; -2.491 ; cpu:mycpu|instr_E[28] ; cpu:mycpu|PC_F[2]                                                                                           ; CLOCK_50     ; CLOCK_50    ; 20.000       ; 0.325      ; 22.815     ;
; -2.486 ; cpu:mycpu|instr_E[28] ; cpu:mycpu|PC_F[13]                                                                                          ; CLOCK_50     ; CLOCK_50    ; 20.000       ; 0.302      ; 22.787     ;
; -2.480 ; cpu:mycpu|instr_E[28] ; cpu:mycpu|instr_E[28]                                                                                       ; CLOCK_50     ; CLOCK_50    ; 20.000       ; -0.072     ; 22.407     ;
; -2.468 ; cpu:mycpu|instr_E[26] ; cpu:mycpu|instr_E[6]                                                                                        ; CLOCK_50     ; CLOCK_50    ; 20.000       ; 0.352      ; 22.819     ;
; -2.468 ; cpu:mycpu|instr_E[26] ; cpu:mycpu|instr_E[23]                                                                                       ; CLOCK_50     ; CLOCK_50    ; 20.000       ; -0.054     ; 22.413     ;
; -2.468 ; cpu:mycpu|instr_E[27] ; cpu:mycpu|regfile:rf|memory_rtl_0_bypass[10]                                                                ; CLOCK_50     ; CLOCK_50    ; 20.000       ; 0.319      ; 22.786     ;
; -2.467 ; cpu:mycpu|instr_E[27] ; cpu:mycpu|instr_E[19]                                                                                       ; CLOCK_50     ; CLOCK_50    ; 20.000       ; 0.320      ; 22.786     ;
; -2.463 ; cpu:mycpu|instr_E[26] ; cpu:mycpu|PC_F[20]                                                                                          ; CLOCK_50     ; CLOCK_50    ; 20.000       ; 0.322      ; 22.784     ;
; -2.463 ; cpu:mycpu|instr_E[27] ; cpu:mycpu|regfile:rf|memory_rtl_0_bypass[4]                                                                 ; CLOCK_50     ; CLOCK_50    ; 20.000       ; 0.319      ; 22.781     ;
; -2.455 ; cpu:mycpu|instr_E[28] ; cpu:mycpu|instr_E[6]                                                                                        ; CLOCK_50     ; CLOCK_50    ; 20.000       ; 0.352      ; 22.806     ;
; -2.455 ; cpu:mycpu|instr_E[28] ; cpu:mycpu|instr_E[23]                                                                                       ; CLOCK_50     ; CLOCK_50    ; 20.000       ; -0.054     ; 22.400     ;
; -2.450 ; cpu:mycpu|instr_E[27] ; cpu:mycpu|PC_F[26]                                                                                          ; CLOCK_50     ; CLOCK_50    ; 20.000       ; 0.300      ; 22.749     ;
; -2.450 ; cpu:mycpu|instr_E[28] ; cpu:mycpu|PC_F[20]                                                                                          ; CLOCK_50     ; CLOCK_50    ; 20.000       ; 0.322      ; 22.771     ;
; -2.448 ; cpu:mycpu|instr_E[26] ; cpu:mycpu|PC_F[28]                                                                                          ; CLOCK_50     ; CLOCK_50    ; 20.000       ; 0.302      ; 22.749     ;
; -2.448 ; cpu:mycpu|instr_E[27] ; cpu:mycpu|PC_F[27]                                                                                          ; CLOCK_50     ; CLOCK_50    ; 20.000       ; 0.300      ; 22.747     ;
; -2.448 ; cpu:mycpu|instr_E[27] ; cpu:mycpu|PC_F[11]                                                                                          ; CLOCK_50     ; CLOCK_50    ; 20.000       ; 0.300      ; 22.747     ;
; -2.446 ; cpu:mycpu|instr_E[27] ; cpu:mycpu|PC_F[14]                                                                                          ; CLOCK_50     ; CLOCK_50    ; 20.000       ; 0.300      ; 22.745     ;
; -2.441 ; cpu:mycpu|instr_E[26] ; cpu:mycpu|instr_E[16]                                                                                       ; CLOCK_50     ; CLOCK_50    ; 20.000       ; 0.320      ; 22.760     ;
; -2.441 ; cpu:mycpu|instr_E[29] ; cpu:mycpu|instr_E[21]                                                                                       ; CLOCK_50     ; CLOCK_50    ; 20.000       ; 0.325      ; 22.765     ;
; -2.440 ; cpu:mycpu|instr_E[26] ; cpu:mycpu|PC_F[19]                                                                                          ; CLOCK_50     ; CLOCK_50    ; 20.000       ; 0.322      ; 22.761     ;
; -2.435 ; cpu:mycpu|instr_E[27] ; cpu:mycpu|PC_F[4]                                                                                           ; CLOCK_50     ; CLOCK_50    ; 20.000       ; 0.296      ; 22.730     ;
; -2.435 ; cpu:mycpu|instr_E[28] ; cpu:mycpu|PC_F[28]                                                                                          ; CLOCK_50     ; CLOCK_50    ; 20.000       ; 0.302      ; 22.736     ;
; -2.428 ; cpu:mycpu|instr_E[28] ; cpu:mycpu|instr_E[16]                                                                                       ; CLOCK_50     ; CLOCK_50    ; 20.000       ; 0.320      ; 22.747     ;
; -2.427 ; cpu:mycpu|instr_E[28] ; cpu:mycpu|PC_F[19]                                                                                          ; CLOCK_50     ; CLOCK_50    ; 20.000       ; 0.322      ; 22.748     ;
; -2.422 ; cpu:mycpu|instr_E[26] ; cpu:mycpu|instr_E[22]                                                                                       ; CLOCK_50     ; CLOCK_50    ; 20.000       ; 0.325      ; 22.746     ;
; -2.422 ; cpu:mycpu|instr_E[27] ; cpu:mycpu|regfile:rf|memory_rtl_0_bypass[6]                                                                 ; CLOCK_50     ; CLOCK_50    ; 20.000       ; 0.320      ; 22.741     ;
; -2.414 ; cpu:mycpu|instr_E[26] ; cpu:mycpu|regfile:rf|memory_rtl_0_bypass[2]                                                                 ; CLOCK_50     ; CLOCK_50    ; 20.000       ; 0.320      ; 22.733     ;
; -2.409 ; cpu:mycpu|instr_E[29] ; cpu:mycpu|PC_F[10]                                                                                          ; CLOCK_50     ; CLOCK_50    ; 20.000       ; 0.298      ; 22.706     ;
; -2.409 ; cpu:mycpu|instr_E[28] ; cpu:mycpu|instr_E[22]                                                                                       ; CLOCK_50     ; CLOCK_50    ; 20.000       ; 0.325      ; 22.733     ;
; -2.408 ; cpu:mycpu|instr_E[26] ; cpu:mycpu|instr_E[24]                                                                                       ; CLOCK_50     ; CLOCK_50    ; 20.000       ; 0.325      ; 22.732     ;
; -2.401 ; cpu:mycpu|instr_E[28] ; cpu:mycpu|regfile:rf|memory_rtl_0_bypass[2]                                                                 ; CLOCK_50     ; CLOCK_50    ; 20.000       ; 0.320      ; 22.720     ;
; -2.400 ; cpu:mycpu|instr_E[29] ; cpu:mycpu|instr_E[20]                                                                                       ; CLOCK_50     ; CLOCK_50    ; 20.000       ; 0.325      ; 22.724     ;
; -2.395 ; cpu:mycpu|instr_E[28] ; cpu:mycpu|instr_E[24]                                                                                       ; CLOCK_50     ; CLOCK_50    ; 20.000       ; 0.325      ; 22.719     ;
; -2.385 ; cpu:mycpu|instr_E[26] ; cpu:mycpu|PC_F[16]                                                                                          ; CLOCK_50     ; CLOCK_50    ; 20.000       ; 0.325      ; 22.709     ;
; -2.383 ; cpu:mycpu|instr_E[26] ; cpu:mycpu|PC_F[12]                                                                                          ; CLOCK_50     ; CLOCK_50    ; 20.000       ; 0.325      ; 22.707     ;
; -2.383 ; cpu:mycpu|instr_E[29] ; cpu:mycpu|regfile:rf|altsyncram:memory_rtl_0|altsyncram_mcc1:auto_generated|ram_block1a0~portb_address_reg0 ; CLOCK_50     ; CLOCK_50    ; 20.000       ; 0.254      ; 22.667     ;
; -2.380 ; cpu:mycpu|instr_E[26] ; cpu:mycpu|PC_F[17]                                                                                          ; CLOCK_50     ; CLOCK_50    ; 20.000       ; 0.325      ; 22.704     ;
; -2.379 ; cpu:mycpu|instr_E[26] ; cpu:mycpu|PC_F[18]                                                                                          ; CLOCK_50     ; CLOCK_50    ; 20.000       ; 0.325      ; 22.703     ;
; -2.376 ; cpu:mycpu|instr_E[26] ; cpu:mycpu|PC_F[7]                                                                                           ; CLOCK_50     ; CLOCK_50    ; 20.000       ; 0.325      ; 22.700     ;
; -2.373 ; cpu:mycpu|instr_E[26] ; cpu:mycpu|PC_F[1]                                                                                           ; CLOCK_50     ; CLOCK_50    ; 20.000       ; 0.325      ; 22.697     ;
; -2.372 ; cpu:mycpu|instr_E[28] ; cpu:mycpu|PC_F[16]                                                                                          ; CLOCK_50     ; CLOCK_50    ; 20.000       ; 0.325      ; 22.696     ;
; -2.371 ; cpu:mycpu|instr_E[26] ; cpu:mycpu|PC_F[5]                                                                                           ; CLOCK_50     ; CLOCK_50    ; 20.000       ; 0.325      ; 22.695     ;
; -2.370 ; cpu:mycpu|instr_E[28] ; cpu:mycpu|PC_F[12]                                                                                          ; CLOCK_50     ; CLOCK_50    ; 20.000       ; 0.325      ; 22.694     ;
; -2.367 ; cpu:mycpu|instr_E[26] ; cpu:mycpu|PC_F[8]                                                                                           ; CLOCK_50     ; CLOCK_50    ; 20.000       ; 0.325      ; 22.691     ;
; -2.367 ; cpu:mycpu|instr_E[28] ; cpu:mycpu|PC_F[17]                                                                                          ; CLOCK_50     ; CLOCK_50    ; 20.000       ; 0.325      ; 22.691     ;
; -2.366 ; cpu:mycpu|instr_E[28] ; cpu:mycpu|PC_F[18]                                                                                          ; CLOCK_50     ; CLOCK_50    ; 20.000       ; 0.325      ; 22.690     ;
; -2.363 ; cpu:mycpu|instr_E[28] ; cpu:mycpu|PC_F[7]                                                                                           ; CLOCK_50     ; CLOCK_50    ; 20.000       ; 0.325      ; 22.687     ;
; -2.360 ; cpu:mycpu|instr_E[27] ; cpu:mycpu|PC_F[21]                                                                                          ; CLOCK_50     ; CLOCK_50    ; 20.000       ; 0.304      ; 22.663     ;
; -2.360 ; cpu:mycpu|instr_E[28] ; cpu:mycpu|PC_F[1]                                                                                           ; CLOCK_50     ; CLOCK_50    ; 20.000       ; 0.325      ; 22.684     ;
; -2.359 ; cpu:mycpu|instr_E[27] ; cpu:mycpu|PC_F[0]                                                                                           ; CLOCK_50     ; CLOCK_50    ; 20.000       ; 0.325      ; 22.683     ;
; -2.358 ; cpu:mycpu|instr_E[27] ; cpu:mycpu|PC_F[6]                                                                                           ; CLOCK_50     ; CLOCK_50    ; 20.000       ; 0.325      ; 22.682     ;
; -2.358 ; cpu:mycpu|instr_E[28] ; cpu:mycpu|PC_F[5]                                                                                           ; CLOCK_50     ; CLOCK_50    ; 20.000       ; 0.325      ; 22.682     ;
; -2.356 ; cpu:mycpu|instr_E[27] ; cpu:mycpu|PC_F[3]                                                                                           ; CLOCK_50     ; CLOCK_50    ; 20.000       ; 0.325      ; 22.680     ;
; -2.356 ; cpu:mycpu|instr_E[27] ; cpu:mycpu|PC_F[2]                                                                                           ; CLOCK_50     ; CLOCK_50    ; 20.000       ; 0.325      ; 22.680     ;
; -2.354 ; cpu:mycpu|instr_E[28] ; cpu:mycpu|PC_F[8]                                                                                           ; CLOCK_50     ; CLOCK_50    ; 20.000       ; 0.325      ; 22.678     ;
+--------+-----------------------+-------------------------------------------------------------------------------------------------------------+--------------+-------------+--------------+------------+------------+


+------------------------------------------------------------------------------------------------------------------------------------------------------------------------------------------------------------------------+
; Slow 1200mV 0C Model Hold: 'CLOCK_50'                                                                                                                                                                                  ;
+-------+----------------------------+-------------------------------------------------------------------------------------------------------------+--------------+-------------+--------------+------------+------------+
; Slack ; From Node                  ; To Node                                                                                                     ; Launch Clock ; Latch Clock ; Relationship ; Clock Skew ; Data Delay ;
+-------+----------------------------+-------------------------------------------------------------------------------------------------------------+--------------+-------------+--------------+------------+------------+
; 0.403 ; cpu:mycpu|rd_W[2]          ; cpu:mycpu|regfile:rf|altsyncram:memory_rtl_0|altsyncram_mcc1:auto_generated|ram_block1a0~porta_address_reg0 ; CLOCK_50     ; CLOCK_50    ; 0.000        ; 0.381      ; 0.985      ;
; 0.506 ; cpu:mycpu|rs1_data_W[31]   ; cpu:mycpu|gpio_out[31]                                                                                      ; CLOCK_50     ; CLOCK_50    ; 0.000        ; 0.073      ; 0.750      ;
; 0.506 ; cpu:mycpu|rs1_data_W[28]   ; cpu:mycpu|gpio_out[28]                                                                                      ; CLOCK_50     ; CLOCK_50    ; 0.000        ; 0.073      ; 0.750      ;
; 0.506 ; cpu:mycpu|rs1_data_W[24]   ; cpu:mycpu|gpio_out[24]                                                                                      ; CLOCK_50     ; CLOCK_50    ; 0.000        ; 0.072      ; 0.749      ;
; 0.506 ; cpu:mycpu|rs1_data_W[0]    ; cpu:mycpu|gpio_out[0]                                                                                       ; CLOCK_50     ; CLOCK_50    ; 0.000        ; 0.072      ; 0.749      ;
; 0.507 ; cpu:mycpu|rs1_data_W[26]   ; cpu:mycpu|gpio_out[26]                                                                                      ; CLOCK_50     ; CLOCK_50    ; 0.000        ; 0.072      ; 0.750      ;
; 0.507 ; cpu:mycpu|rs1_data_W[21]   ; cpu:mycpu|gpio_out[21]                                                                                      ; CLOCK_50     ; CLOCK_50    ; 0.000        ; 0.072      ; 0.750      ;
; 0.507 ; cpu:mycpu|rs1_data_W[20]   ; cpu:mycpu|gpio_out[20]                                                                                      ; CLOCK_50     ; CLOCK_50    ; 0.000        ; 0.072      ; 0.750      ;
; 0.507 ; cpu:mycpu|rs1_data_W[3]    ; cpu:mycpu|gpio_out[3]                                                                                       ; CLOCK_50     ; CLOCK_50    ; 0.000        ; 0.072      ; 0.750      ;
; 0.508 ; cpu:mycpu|rs1_data_W[30]   ; cpu:mycpu|gpio_out[30]                                                                                      ; CLOCK_50     ; CLOCK_50    ; 0.000        ; 0.073      ; 0.752      ;
; 0.508 ; cpu:mycpu|rs1_data_W[27]   ; cpu:mycpu|gpio_out[27]                                                                                      ; CLOCK_50     ; CLOCK_50    ; 0.000        ; 0.072      ; 0.751      ;
; 0.508 ; cpu:mycpu|rs1_data_W[22]   ; cpu:mycpu|gpio_out[22]                                                                                      ; CLOCK_50     ; CLOCK_50    ; 0.000        ; 0.072      ; 0.751      ;
; 0.508 ; cpu:mycpu|rs1_data_W[14]   ; cpu:mycpu|gpio_out[14]                                                                                      ; CLOCK_50     ; CLOCK_50    ; 0.000        ; 0.071      ; 0.750      ;
; 0.508 ; cpu:mycpu|rs1_data_W[1]    ; cpu:mycpu|gpio_out[1]                                                                                       ; CLOCK_50     ; CLOCK_50    ; 0.000        ; 0.072      ; 0.751      ;
; 0.509 ; cpu:mycpu|rs1_data_W[29]   ; cpu:mycpu|gpio_out[29]                                                                                      ; CLOCK_50     ; CLOCK_50    ; 0.000        ; 0.073      ; 0.753      ;
; 0.509 ; cpu:mycpu|rs1_data_W[23]   ; cpu:mycpu|gpio_out[23]                                                                                      ; CLOCK_50     ; CLOCK_50    ; 0.000        ; 0.072      ; 0.752      ;
; 0.509 ; cpu:mycpu|rs1_data_W[18]   ; cpu:mycpu|gpio_out[18]                                                                                      ; CLOCK_50     ; CLOCK_50    ; 0.000        ; 0.070      ; 0.750      ;
; 0.509 ; cpu:mycpu|rs1_data_W[17]   ; cpu:mycpu|gpio_out[17]                                                                                      ; CLOCK_50     ; CLOCK_50    ; 0.000        ; 0.070      ; 0.750      ;
; 0.510 ; cpu:mycpu|rs1_data_W[16]   ; cpu:mycpu|gpio_out[16]                                                                                      ; CLOCK_50     ; CLOCK_50    ; 0.000        ; 0.070      ; 0.751      ;
; 0.512 ; cpu:mycpu|rs1_data_W[15]   ; cpu:mycpu|gpio_out[15]                                                                                      ; CLOCK_50     ; CLOCK_50    ; 0.000        ; 0.071      ; 0.754      ;
; 0.575 ; cpu:mycpu|rd_W[3]          ; cpu:mycpu|regfile:rf|memory_rtl_1_bypass[7]                                                                 ; CLOCK_50     ; CLOCK_50    ; 0.000        ; 0.073      ; 0.819      ;
; 0.660 ; cpu:mycpu|rd_W[0]          ; cpu:mycpu|regfile:rf|altsyncram:memory_rtl_0|altsyncram_mcc1:auto_generated|ram_block1a0~porta_address_reg0 ; CLOCK_50     ; CLOCK_50    ; 0.000        ; 0.381      ; 1.242      ;
; 0.729 ; cpu:mycpu|rs1_data_W[25]   ; cpu:mycpu|gpio_out[25]                                                                                      ; CLOCK_50     ; CLOCK_50    ; 0.000        ; 0.075      ; 0.975      ;
; 0.764 ; cpu:mycpu|rs1_data_W[2]    ; cpu:mycpu|gpio_out[2]                                                                                       ; CLOCK_50     ; CLOCK_50    ; 0.000        ; 0.076      ; 1.011      ;
; 0.774 ; cpu:mycpu|instr_E[8]       ; cpu:mycpu|rd_W[1]                                                                                           ; CLOCK_50     ; CLOCK_50    ; 0.000        ; -0.306     ; 0.639      ;
; 0.786 ; cpu:mycpu|rd_W[3]          ; cpu:mycpu|regfile:rf|altsyncram:memory_rtl_1|altsyncram_mcc1:auto_generated|ram_block1a0~porta_address_reg0 ; CLOCK_50     ; CLOCK_50    ; 0.000        ; 0.387      ; 1.374      ;
; 0.796 ; cpu:mycpu|PC_F[9]          ; cpu:mycpu|PC_E[9]                                                                                           ; CLOCK_50     ; CLOCK_50    ; 0.000        ; -0.308     ; 0.659      ;
; 0.797 ; cpu:mycpu|PC_F[28]         ; cpu:mycpu|PC_E[28]                                                                                          ; CLOCK_50     ; CLOCK_50    ; 0.000        ; -0.309     ; 0.659      ;
; 0.797 ; cpu:mycpu|PC_F[10]         ; cpu:mycpu|PC_E[10]                                                                                          ; CLOCK_50     ; CLOCK_50    ; 0.000        ; -0.309     ; 0.659      ;
; 0.907 ; cpu:mycpu|PC_F[14]         ; cpu:mycpu|PC_E[14]                                                                                          ; CLOCK_50     ; CLOCK_50    ; 0.000        ; -0.307     ; 0.771      ;
; 0.908 ; cpu:mycpu|PC_F[4]          ; cpu:mycpu|PC_E[4]                                                                                           ; CLOCK_50     ; CLOCK_50    ; 0.000        ; -0.308     ; 0.771      ;
; 0.909 ; cpu:mycpu|PC_F[13]         ; cpu:mycpu|PC_E[13]                                                                                          ; CLOCK_50     ; CLOCK_50    ; 0.000        ; -0.309     ; 0.771      ;
; 0.953 ; cpu:mycpu|rd_W[4]          ; cpu:mycpu|regfile:rf|memory_rtl_1_bypass[9]                                                                 ; CLOCK_50     ; CLOCK_50    ; 0.000        ; -0.306     ; 0.818      ;
; 0.964 ; cpu:mycpu|rd_W[2]          ; cpu:mycpu|regfile:rf|altsyncram:memory_rtl_1|altsyncram_mcc1:auto_generated|ram_block1a0~porta_address_reg0 ; CLOCK_50     ; CLOCK_50    ; 0.000        ; 0.387      ; 1.552      ;
; 0.969 ; cpu:mycpu|instr_E[4]       ; cpu:mycpu|PC_F[22]                                                                                          ; CLOCK_50     ; CLOCK_50    ; 0.000        ; 0.471      ; 1.611      ;
; 0.974 ; cpu:mycpu|rs1_data_W[7]    ; cpu:mycpu|gpio_out[7]                                                                                       ; CLOCK_50     ; CLOCK_50    ; 0.000        ; 0.092      ; 1.237      ;
; 1.006 ; cpu:mycpu|instr_E[4]       ; cpu:mycpu|instr_E[4]                                                                                        ; CLOCK_50     ; CLOCK_50    ; 0.000        ; 0.073      ; 1.250      ;
; 1.023 ; cpu:mycpu|instr_E[4]       ; cpu:mycpu|instr_E[5]                                                                                        ; CLOCK_50     ; CLOCK_50    ; 0.000        ; 0.073      ; 1.267      ;
; 1.040 ; cpu:mycpu|regwrite_W       ; cpu:mycpu|regfile:rf|altsyncram:memory_rtl_0|altsyncram_mcc1:auto_generated|ram_block1a0~porta_we_reg       ; CLOCK_50     ; CLOCK_50    ; 0.000        ; 0.386      ; 1.627      ;
; 1.043 ; cpu:mycpu|instr_E[4]       ; cpu:mycpu|PC_F[23]                                                                                          ; CLOCK_50     ; CLOCK_50    ; 0.000        ; 0.471      ; 1.685      ;
; 1.159 ; cpu:mycpu|imm20_W[29]      ; cpu:mycpu|regfile:rf|altsyncram:memory_rtl_1|altsyncram_mcc1:auto_generated|ram_block1a0~porta_datain_reg0  ; CLOCK_50     ; CLOCK_50    ; 0.000        ; 0.396      ; 1.756      ;
; 1.159 ; cpu:mycpu|rd_W[0]          ; cpu:mycpu|regfile:rf|altsyncram:memory_rtl_1|altsyncram_mcc1:auto_generated|ram_block1a0~porta_address_reg0 ; CLOCK_50     ; CLOCK_50    ; 0.000        ; 0.387      ; 1.747      ;
; 1.197 ; cpu:mycpu|PC_E[11]         ; cpu:mycpu|PC_F[11]                                                                                          ; CLOCK_50     ; CLOCK_50    ; 0.000        ; 0.466      ; 1.834      ;
; 1.199 ; cpu:mycpu|imm20_W[31]      ; cpu:mycpu|regfile:rf|memory_rtl_1_bypass[42]                                                                ; CLOCK_50     ; CLOCK_50    ; 0.000        ; 0.072      ; 1.442      ;
; 1.201 ; cpu:mycpu|imm20_W[31]      ; cpu:mycpu|regfile:rf|memory_rtl_0_bypass[42]                                                                ; CLOCK_50     ; CLOCK_50    ; 0.000        ; 0.072      ; 1.444      ;
; 1.216 ; cpu:mycpu|rd_W[2]          ; cpu:mycpu|regfile:rf|memory_rtl_0_bypass[5]                                                                 ; CLOCK_50     ; CLOCK_50    ; 0.000        ; 0.067      ; 1.454      ;
; 1.222 ; cpu:mycpu|PC_E[26]         ; cpu:mycpu|PC_plus4_W[28]                                                                                    ; CLOCK_50     ; CLOCK_50    ; 0.000        ; 0.079      ; 1.472      ;
; 1.223 ; cpu:mycpu|imm20_W[31]      ; cpu:mycpu|regfile:rf|altsyncram:memory_rtl_0|altsyncram_mcc1:auto_generated|ram_block1a0~porta_datain_reg0  ; CLOCK_50     ; CLOCK_50    ; 0.000        ; 0.405      ; 1.829      ;
; 1.227 ; cpu:mycpu|rd_W[3]          ; cpu:mycpu|regfile:rf|altsyncram:memory_rtl_0|altsyncram_mcc1:auto_generated|ram_block1a0~porta_address_reg0 ; CLOCK_50     ; CLOCK_50    ; 0.000        ; 0.381      ; 1.809      ;
; 1.227 ; cpu:mycpu|instr_E[26]      ; cpu:mycpu|imm20_W[26]                                                                                       ; CLOCK_50     ; CLOCK_50    ; 0.000        ; 0.072      ; 1.470      ;
; 1.228 ; cpu:mycpu|PC_F[19]         ; cpu:mycpu|PC_E[19]                                                                                          ; CLOCK_50     ; CLOCK_50    ; 0.000        ; -0.309     ; 1.090      ;
; 1.242 ; cpu:mycpu|PC_plus4_W[16]   ; cpu:mycpu|regfile:rf|altsyncram:memory_rtl_1|altsyncram_mcc1:auto_generated|ram_block1a0~porta_datain_reg0  ; CLOCK_50     ; CLOCK_50    ; 0.000        ; 0.041      ; 1.484      ;
; 1.256 ; cpu:mycpu|PC_plus4_W[6]    ; cpu:mycpu|regfile:rf|altsyncram:memory_rtl_1|altsyncram_mcc1:auto_generated|ram_block1a0~porta_datain_reg0  ; CLOCK_50     ; CLOCK_50    ; 0.000        ; 0.031      ; 1.488      ;
; 1.257 ; cpu:mycpu|instr_E[4]       ; cpu:mycpu|PC_F[5]                                                                                           ; CLOCK_50     ; CLOCK_50    ; 0.000        ; 0.478      ; 1.906      ;
; 1.260 ; cpu:mycpu|instr_E[4]       ; cpu:mycpu|PC_F[16]                                                                                          ; CLOCK_50     ; CLOCK_50    ; 0.000        ; 0.478      ; 1.909      ;
; 1.261 ; cpu:mycpu|instr_E[4]       ; cpu:mycpu|PC_F[12]                                                                                          ; CLOCK_50     ; CLOCK_50    ; 0.000        ; 0.478      ; 1.910      ;
; 1.261 ; cpu:mycpu|instr_E[19]      ; cpu:mycpu|rs1_data_W[8]                                                                                     ; CLOCK_50     ; CLOCK_50    ; 0.000        ; -0.300     ; 1.132      ;
; 1.262 ; cpu:mycpu|instr_E[4]       ; cpu:mycpu|PC_F[7]                                                                                           ; CLOCK_50     ; CLOCK_50    ; 0.000        ; 0.478      ; 1.911      ;
; 1.262 ; cpu:mycpu|imm20_W[31]      ; cpu:mycpu|regfile:rf|altsyncram:memory_rtl_1|altsyncram_mcc1:auto_generated|ram_block1a0~porta_datain_reg0  ; CLOCK_50     ; CLOCK_50    ; 0.000        ; 0.411      ; 1.874      ;
; 1.263 ; cpu:mycpu|rs1_data_W[10]   ; cpu:mycpu|gpio_out[10]                                                                                      ; CLOCK_50     ; CLOCK_50    ; 0.000        ; 0.047      ; 1.481      ;
; 1.266 ; cpu:mycpu|PC_plus4_W[11]   ; cpu:mycpu|regfile:rf|altsyncram:memory_rtl_0|altsyncram_mcc1:auto_generated|ram_block1a0~porta_datain_reg0  ; CLOCK_50     ; CLOCK_50    ; 0.000        ; 0.036      ; 1.503      ;
; 1.267 ; cpu:mycpu|instr_E[4]       ; cpu:mycpu|PC_F[18]                                                                                          ; CLOCK_50     ; CLOCK_50    ; 0.000        ; 0.478      ; 1.916      ;
; 1.270 ; cpu:mycpu|instr_E[4]       ; cpu:mycpu|PC_F[8]                                                                                           ; CLOCK_50     ; CLOCK_50    ; 0.000        ; 0.478      ; 1.919      ;
; 1.272 ; cpu:mycpu|instr_E[4]       ; cpu:mycpu|PC_F[1]                                                                                           ; CLOCK_50     ; CLOCK_50    ; 0.000        ; 0.478      ; 1.921      ;
; 1.281 ; cpu:mycpu|instr_E[4]       ; cpu:mycpu|PC_F[28]                                                                                          ; CLOCK_50     ; CLOCK_50    ; 0.000        ; 0.454      ; 1.906      ;
; 1.290 ; cpu:mycpu|PC_E[14]         ; cpu:mycpu|PC_F[14]                                                                                          ; CLOCK_50     ; CLOCK_50    ; 0.000        ; 0.466      ; 1.927      ;
; 1.290 ; cpu:mycpu|PC_plus4_W[6]    ; cpu:mycpu|regfile:rf|altsyncram:memory_rtl_0|altsyncram_mcc1:auto_generated|ram_block1a0~porta_datain_reg0  ; CLOCK_50     ; CLOCK_50    ; 0.000        ; 0.025      ; 1.516      ;
; 1.299 ; cpu:mycpu|PC_E[2]          ; cpu:mycpu|PC_plus4_W[4]                                                                                     ; CLOCK_50     ; CLOCK_50    ; 0.000        ; 0.459      ; 1.929      ;
; 1.301 ; cpu:mycpu|PC_plus4_W[3]    ; cpu:mycpu|regfile:rf|altsyncram:memory_rtl_1|altsyncram_mcc1:auto_generated|ram_block1a0~porta_datain_reg0  ; CLOCK_50     ; CLOCK_50    ; 0.000        ; 0.031      ; 1.533      ;
; 1.311 ; cpu:mycpu|instr_E[4]       ; cpu:mycpu|PC_F[29]                                                                                          ; CLOCK_50     ; CLOCK_50    ; 0.000        ; 0.468      ; 1.950      ;
; 1.313 ; cpu:mycpu|PC_plus4_W[3]    ; cpu:mycpu|regfile:rf|altsyncram:memory_rtl_0|altsyncram_mcc1:auto_generated|ram_block1a0~porta_datain_reg0  ; CLOCK_50     ; CLOCK_50    ; 0.000        ; 0.025      ; 1.539      ;
; 1.325 ; cpu:mycpu|instr_E[4]       ; cpu:mycpu|PC_F[20]                                                                                          ; CLOCK_50     ; CLOCK_50    ; 0.000        ; 0.474      ; 1.970      ;
; 1.326 ; cpu:mycpu|PC_plus4_W[4]    ; cpu:mycpu|regfile:rf|altsyncram:memory_rtl_0|altsyncram_mcc1:auto_generated|ram_block1a0~porta_datain_reg0  ; CLOCK_50     ; CLOCK_50    ; 0.000        ; 0.036      ; 1.563      ;
; 1.331 ; cpu:mycpu|instr_E[4]       ; cpu:mycpu|PC_F[24]                                                                                          ; CLOCK_50     ; CLOCK_50    ; 0.000        ; 0.467      ; 1.969      ;
; 1.333 ; cpu:mycpu|alu_result_W[22] ; cpu:mycpu|regfile:rf|altsyncram:memory_rtl_1|altsyncram_mcc1:auto_generated|ram_block1a0~porta_datain_reg0  ; CLOCK_50     ; CLOCK_50    ; 0.000        ; 0.019      ; 1.553      ;
; 1.352 ; cpu:mycpu|PC_F[1]          ; cpu:mycpu|instr_E[6]                                                                                        ; CLOCK_50     ; CLOCK_50    ; 0.000        ; 0.117      ; 1.640      ;
; 1.353 ; cpu:mycpu|PC_F[26]         ; cpu:mycpu|PC_E[26]                                                                                          ; CLOCK_50     ; CLOCK_50    ; 0.000        ; -0.312     ; 1.212      ;
; 1.353 ; cpu:mycpu|rd_W[0]          ; cpu:mycpu|regfile:rf|memory_rtl_1_bypass[1]                                                                 ; CLOCK_50     ; CLOCK_50    ; 0.000        ; 0.070      ; 1.594      ;
; 1.359 ; cpu:mycpu|instr_E[29]      ; cpu:mycpu|imm20_W[29]                                                                                       ; CLOCK_50     ; CLOCK_50    ; 0.000        ; 0.086      ; 1.616      ;
; 1.362 ; cpu:mycpu|instr_E[4]       ; cpu:mycpu|PC_F[13]                                                                                          ; CLOCK_50     ; CLOCK_50    ; 0.000        ; 0.454      ; 1.987      ;
; 1.363 ; cpu:mycpu|instr_E[4]       ; cpu:mycpu|PC_F[15]                                                                                          ; CLOCK_50     ; CLOCK_50    ; 0.000        ; 0.455      ; 1.989      ;
; 1.369 ; cpu:mycpu|PC_F[15]         ; cpu:mycpu|PC_E[15]                                                                                          ; CLOCK_50     ; CLOCK_50    ; 0.000        ; -0.312     ; 1.228      ;
; 1.373 ; cpu:mycpu|PC_E[14]         ; cpu:mycpu|PC_plus4_W[16]                                                                                    ; CLOCK_50     ; CLOCK_50    ; 0.000        ; 0.462      ; 2.006      ;
; 1.381 ; cpu:mycpu|imm20_W[29]      ; cpu:mycpu|regfile:rf|altsyncram:memory_rtl_0|altsyncram_mcc1:auto_generated|ram_block1a0~porta_datain_reg0  ; CLOCK_50     ; CLOCK_50    ; 0.000        ; 0.390      ; 1.972      ;
; 1.389 ; cpu:mycpu|instr_E[4]       ; cpu:mycpu|PC_F[3]                                                                                           ; CLOCK_50     ; CLOCK_50    ; 0.000        ; 0.478      ; 2.038      ;
; 1.393 ; cpu:mycpu|instr_E[4]       ; cpu:mycpu|PC_F[25]                                                                                          ; CLOCK_50     ; CLOCK_50    ; 0.000        ; 0.467      ; 2.031      ;
; 1.397 ; cpu:mycpu|alu_result_W[25] ; cpu:mycpu|regfile:rf|memory_rtl_0_bypass[36]                                                                ; CLOCK_50     ; CLOCK_50    ; 0.000        ; -0.307     ; 1.261      ;
; 1.398 ; cpu:mycpu|alu_result_W[20] ; cpu:mycpu|regfile:rf|memory_rtl_0_bypass[31]                                                                ; CLOCK_50     ; CLOCK_50    ; 0.000        ; -0.306     ; 1.263      ;
; 1.399 ; cpu:mycpu|alu_result_W[25] ; cpu:mycpu|regfile:rf|memory_rtl_1_bypass[36]                                                                ; CLOCK_50     ; CLOCK_50    ; 0.000        ; -0.307     ; 1.263      ;
; 1.400 ; cpu:mycpu|alu_result_W[20] ; cpu:mycpu|regfile:rf|memory_rtl_1_bypass[31]                                                                ; CLOCK_50     ; CLOCK_50    ; 0.000        ; -0.306     ; 1.265      ;
; 1.406 ; cpu:mycpu|PC_F[17]         ; cpu:mycpu|PC_E[17]                                                                                          ; CLOCK_50     ; CLOCK_50    ; 0.000        ; 0.081      ; 1.658      ;
; 1.412 ; cpu:mycpu|PC_F[18]         ; cpu:mycpu|PC_E[18]                                                                                          ; CLOCK_50     ; CLOCK_50    ; 0.000        ; -0.310     ; 1.273      ;
; 1.413 ; cpu:mycpu|PC_F[11]         ; cpu:mycpu|PC_E[11]                                                                                          ; CLOCK_50     ; CLOCK_50    ; 0.000        ; -0.306     ; 1.278      ;
; 1.422 ; cpu:mycpu|instr_E[19]      ; cpu:mycpu|rs1_data_W[19]                                                                                    ; CLOCK_50     ; CLOCK_50    ; 0.000        ; -0.308     ; 1.285      ;
; 1.427 ; cpu:mycpu|instr_E[4]       ; cpu:mycpu|regfile:rf|memory_rtl_1_bypass[10]                                                                ; CLOCK_50     ; CLOCK_50    ; 0.000        ; 0.471      ; 2.069      ;
; 1.433 ; cpu:mycpu|PC_E[11]         ; cpu:mycpu|PC_plus4_W[13]                                                                                    ; CLOCK_50     ; CLOCK_50    ; 0.000        ; 0.462      ; 2.066      ;
; 1.459 ; cpu:mycpu|instr_E[4]       ; cpu:mycpu|gpio_we_W                                                                                         ; CLOCK_50     ; CLOCK_50    ; 0.000        ; 0.082      ; 1.712      ;
; 1.463 ; cpu:mycpu|imm20_W[26]      ; cpu:mycpu|regfile:rf|altsyncram:memory_rtl_1|altsyncram_mcc1:auto_generated|ram_block1a0~porta_datain_reg0  ; CLOCK_50     ; CLOCK_50    ; 0.000        ; 0.410      ; 2.074      ;
; 1.467 ; cpu:mycpu|rd_W[1]          ; cpu:mycpu|regfile:rf|memory_rtl_1_bypass[3]                                                                 ; CLOCK_50     ; CLOCK_50    ; 0.000        ; 0.071      ; 1.709      ;
; 1.467 ; cpu:mycpu|imm20_W[22]      ; cpu:mycpu|regfile:rf|altsyncram:memory_rtl_1|altsyncram_mcc1:auto_generated|ram_block1a0~porta_datain_reg0  ; CLOCK_50     ; CLOCK_50    ; 0.000        ; 0.019      ; 1.687      ;
+-------+----------------------------+-------------------------------------------------------------------------------------------------------------+--------------+-------------+--------------+------------+------------+


----------------------------------------------
; Slow 1200mV 0C Model Metastability Summary ;
----------------------------------------------
No synchronizer chains to report.


+------------------------------------+
; Fast 1200mV 0C Model Setup Summary ;
+----------+-------+-----------------+
; Clock    ; Slack ; End Point TNS   ;
+----------+-------+-----------------+
; CLOCK_50 ; 7.538 ; 0.000           ;
+----------+-------+-----------------+


+-----------------------------------+
; Fast 1200mV 0C Model Hold Summary ;
+----------+-------+----------------+
; Clock    ; Slack ; End Point TNS  ;
+----------+-------+----------------+
; CLOCK_50 ; 0.171 ; 0.000          ;
+----------+-------+----------------+


-----------------------------------------
; Fast 1200mV 0C Model Recovery Summary ;
-----------------------------------------
No paths to report.


----------------------------------------
; Fast 1200mV 0C Model Removal Summary ;
----------------------------------------
No paths to report.


+--------------------------------------------------+
; Fast 1200mV 0C Model Minimum Pulse Width Summary ;
+-----------+--------+-----------------------------+
; Clock     ; Slack  ; End Point TNS               ;
+-----------+--------+-----------------------------+
; CLOCK_50  ; 9.202  ; 0.000                       ;
; CLOCK2_50 ; 16.000 ; 0.000                       ;
; CLOCK3_50 ; 16.000 ; 0.000                       ;
+-----------+--------+-----------------------------+


+-------------------------------------------------------------------------------------------------------------------------------------------------------------------------------------------------------------------+
; Fast 1200mV 0C Model Setup: 'CLOCK_50'                                                                                                                                                                            ;
+-------+-----------------------+-------------------------------------------------------------------------------------------------------------+--------------+-------------+--------------+------------+------------+
; Slack ; From Node             ; To Node                                                                                                     ; Launch Clock ; Latch Clock ; Relationship ; Clock Skew ; Data Delay ;
+-------+-----------------------+-------------------------------------------------------------------------------------------------------------+--------------+-------------+--------------+------------+------------+
; 7.538 ; cpu:mycpu|instr_E[26] ; cpu:mycpu|PC_F[9]                                                                                           ; CLOCK_50     ; CLOCK_50    ; 20.000       ; 0.135      ; 12.584     ;
; 7.545 ; cpu:mycpu|instr_E[28] ; cpu:mycpu|PC_F[9]                                                                                           ; CLOCK_50     ; CLOCK_50    ; 20.000       ; 0.135      ; 12.577     ;
; 7.618 ; cpu:mycpu|instr_E[27] ; cpu:mycpu|PC_F[9]                                                                                           ; CLOCK_50     ; CLOCK_50    ; 20.000       ; 0.135      ; 12.504     ;
; 7.651 ; cpu:mycpu|instr_E[26] ; cpu:mycpu|instr_E[21]                                                                                       ; CLOCK_50     ; CLOCK_50    ; 20.000       ; 0.167      ; 12.503     ;
; 7.658 ; cpu:mycpu|instr_E[28] ; cpu:mycpu|instr_E[21]                                                                                       ; CLOCK_50     ; CLOCK_50    ; 20.000       ; 0.167      ; 12.496     ;
; 7.661 ; cpu:mycpu|instr_E[26] ; cpu:mycpu|PC_F[10]                                                                                          ; CLOCK_50     ; CLOCK_50    ; 20.000       ; 0.139      ; 12.465     ;
; 7.662 ; cpu:mycpu|instr_E[26] ; cpu:mycpu|PC_F[27]                                                                                          ; CLOCK_50     ; CLOCK_50    ; 20.000       ; 0.143      ; 12.468     ;
; 7.663 ; cpu:mycpu|instr_E[26] ; cpu:mycpu|PC_F[26]                                                                                          ; CLOCK_50     ; CLOCK_50    ; 20.000       ; 0.143      ; 12.467     ;
; 7.663 ; cpu:mycpu|instr_E[26] ; cpu:mycpu|PC_F[11]                                                                                          ; CLOCK_50     ; CLOCK_50    ; 20.000       ; 0.143      ; 12.467     ;
; 7.666 ; cpu:mycpu|instr_E[26] ; cpu:mycpu|PC_F[14]                                                                                          ; CLOCK_50     ; CLOCK_50    ; 20.000       ; 0.143      ; 12.464     ;
; 7.668 ; cpu:mycpu|instr_E[28] ; cpu:mycpu|PC_F[10]                                                                                          ; CLOCK_50     ; CLOCK_50    ; 20.000       ; 0.139      ; 12.458     ;
; 7.669 ; cpu:mycpu|instr_E[28] ; cpu:mycpu|PC_F[27]                                                                                          ; CLOCK_50     ; CLOCK_50    ; 20.000       ; 0.143      ; 12.461     ;
; 7.670 ; cpu:mycpu|instr_E[28] ; cpu:mycpu|PC_F[26]                                                                                          ; CLOCK_50     ; CLOCK_50    ; 20.000       ; 0.143      ; 12.460     ;
; 7.670 ; cpu:mycpu|instr_E[28] ; cpu:mycpu|PC_F[11]                                                                                          ; CLOCK_50     ; CLOCK_50    ; 20.000       ; 0.143      ; 12.460     ;
; 7.673 ; cpu:mycpu|instr_E[26] ; cpu:mycpu|regfile:rf|altsyncram:memory_rtl_0|altsyncram_mcc1:auto_generated|ram_block1a0~portb_address_reg0 ; CLOCK_50     ; CLOCK_50    ; 20.000       ; 0.142      ; 12.478     ;
; 7.673 ; cpu:mycpu|instr_E[28] ; cpu:mycpu|PC_F[14]                                                                                          ; CLOCK_50     ; CLOCK_50    ; 20.000       ; 0.143      ; 12.457     ;
; 7.676 ; cpu:mycpu|instr_E[26] ; cpu:mycpu|instr_E[20]                                                                                       ; CLOCK_50     ; CLOCK_50    ; 20.000       ; 0.167      ; 12.478     ;
; 7.680 ; cpu:mycpu|instr_E[28] ; cpu:mycpu|regfile:rf|altsyncram:memory_rtl_0|altsyncram_mcc1:auto_generated|ram_block1a0~portb_address_reg0 ; CLOCK_50     ; CLOCK_50    ; 20.000       ; 0.142      ; 12.471     ;
; 7.681 ; cpu:mycpu|instr_E[29] ; cpu:mycpu|PC_F[9]                                                                                           ; CLOCK_50     ; CLOCK_50    ; 20.000       ; 0.135      ; 12.441     ;
; 7.683 ; cpu:mycpu|instr_E[28] ; cpu:mycpu|instr_E[20]                                                                                       ; CLOCK_50     ; CLOCK_50    ; 20.000       ; 0.167      ; 12.471     ;
; 7.691 ; cpu:mycpu|instr_E[26] ; cpu:mycpu|PC_F[4]                                                                                           ; CLOCK_50     ; CLOCK_50    ; 20.000       ; 0.141      ; 12.437     ;
; 7.698 ; cpu:mycpu|instr_E[28] ; cpu:mycpu|PC_F[4]                                                                                           ; CLOCK_50     ; CLOCK_50    ; 20.000       ; 0.141      ; 12.430     ;
; 7.718 ; cpu:mycpu|instr_E[26] ; cpu:mycpu|regfile:rf|memory_rtl_0_bypass[4]                                                                 ; CLOCK_50     ; CLOCK_50    ; 20.000       ; 0.163      ; 12.432     ;
; 7.722 ; cpu:mycpu|instr_E[26] ; cpu:mycpu|regfile:rf|memory_rtl_0_bypass[10]                                                                ; CLOCK_50     ; CLOCK_50    ; 20.000       ; 0.163      ; 12.428     ;
; 7.723 ; cpu:mycpu|instr_E[26] ; cpu:mycpu|instr_E[19]                                                                                       ; CLOCK_50     ; CLOCK_50    ; 20.000       ; 0.164      ; 12.428     ;
; 7.725 ; cpu:mycpu|instr_E[28] ; cpu:mycpu|regfile:rf|memory_rtl_0_bypass[4]                                                                 ; CLOCK_50     ; CLOCK_50    ; 20.000       ; 0.163      ; 12.425     ;
; 7.729 ; cpu:mycpu|instr_E[28] ; cpu:mycpu|regfile:rf|memory_rtl_0_bypass[10]                                                                ; CLOCK_50     ; CLOCK_50    ; 20.000       ; 0.163      ; 12.421     ;
; 7.730 ; cpu:mycpu|instr_E[28] ; cpu:mycpu|instr_E[19]                                                                                       ; CLOCK_50     ; CLOCK_50    ; 20.000       ; 0.164      ; 12.421     ;
; 7.731 ; cpu:mycpu|instr_E[27] ; cpu:mycpu|instr_E[21]                                                                                       ; CLOCK_50     ; CLOCK_50    ; 20.000       ; 0.167      ; 12.423     ;
; 7.741 ; cpu:mycpu|instr_E[27] ; cpu:mycpu|PC_F[10]                                                                                          ; CLOCK_50     ; CLOCK_50    ; 20.000       ; 0.139      ; 12.385     ;
; 7.742 ; cpu:mycpu|instr_E[27] ; cpu:mycpu|PC_F[27]                                                                                          ; CLOCK_50     ; CLOCK_50    ; 20.000       ; 0.143      ; 12.388     ;
; 7.743 ; cpu:mycpu|instr_E[27] ; cpu:mycpu|PC_F[26]                                                                                          ; CLOCK_50     ; CLOCK_50    ; 20.000       ; 0.143      ; 12.387     ;
; 7.743 ; cpu:mycpu|instr_E[27] ; cpu:mycpu|PC_F[11]                                                                                          ; CLOCK_50     ; CLOCK_50    ; 20.000       ; 0.143      ; 12.387     ;
; 7.746 ; cpu:mycpu|instr_E[27] ; cpu:mycpu|PC_F[14]                                                                                          ; CLOCK_50     ; CLOCK_50    ; 20.000       ; 0.143      ; 12.384     ;
; 7.753 ; cpu:mycpu|instr_E[27] ; cpu:mycpu|regfile:rf|altsyncram:memory_rtl_0|altsyncram_mcc1:auto_generated|ram_block1a0~portb_address_reg0 ; CLOCK_50     ; CLOCK_50    ; 20.000       ; 0.142      ; 12.398     ;
; 7.756 ; cpu:mycpu|instr_E[26] ; cpu:mycpu|PC_F[13]                                                                                          ; CLOCK_50     ; CLOCK_50    ; 20.000       ; 0.146      ; 12.377     ;
; 7.756 ; cpu:mycpu|instr_E[27] ; cpu:mycpu|instr_E[20]                                                                                       ; CLOCK_50     ; CLOCK_50    ; 20.000       ; 0.167      ; 12.398     ;
; 7.762 ; cpu:mycpu|instr_E[26] ; cpu:mycpu|PC_F[21]                                                                                          ; CLOCK_50     ; CLOCK_50    ; 20.000       ; 0.148      ; 12.373     ;
; 7.763 ; cpu:mycpu|instr_E[28] ; cpu:mycpu|PC_F[13]                                                                                          ; CLOCK_50     ; CLOCK_50    ; 20.000       ; 0.146      ; 12.370     ;
; 7.766 ; cpu:mycpu|instr_E[26] ; cpu:mycpu|instr_E[28]                                                                                       ; CLOCK_50     ; CLOCK_50    ; 20.000       ; -0.042     ; 12.179     ;
; 7.768 ; cpu:mycpu|instr_E[26] ; cpu:mycpu|regfile:rf|memory_rtl_0_bypass[6]                                                                 ; CLOCK_50     ; CLOCK_50    ; 20.000       ; 0.164      ; 12.383     ;
; 7.769 ; cpu:mycpu|instr_E[28] ; cpu:mycpu|PC_F[21]                                                                                          ; CLOCK_50     ; CLOCK_50    ; 20.000       ; 0.148      ; 12.366     ;
; 7.771 ; cpu:mycpu|instr_E[27] ; cpu:mycpu|PC_F[4]                                                                                           ; CLOCK_50     ; CLOCK_50    ; 20.000       ; 0.141      ; 12.357     ;
; 7.773 ; cpu:mycpu|instr_E[28] ; cpu:mycpu|instr_E[28]                                                                                       ; CLOCK_50     ; CLOCK_50    ; 20.000       ; -0.042     ; 12.172     ;
; 7.775 ; cpu:mycpu|instr_E[26] ; cpu:mycpu|PC_F[2]                                                                                           ; CLOCK_50     ; CLOCK_50    ; 20.000       ; 0.168      ; 12.380     ;
; 7.775 ; cpu:mycpu|instr_E[26] ; cpu:mycpu|PC_F[0]                                                                                           ; CLOCK_50     ; CLOCK_50    ; 20.000       ; 0.168      ; 12.380     ;
; 7.775 ; cpu:mycpu|instr_E[26] ; cpu:mycpu|PC_F[6]                                                                                           ; CLOCK_50     ; CLOCK_50    ; 20.000       ; 0.168      ; 12.380     ;
; 7.775 ; cpu:mycpu|instr_E[28] ; cpu:mycpu|regfile:rf|memory_rtl_0_bypass[6]                                                                 ; CLOCK_50     ; CLOCK_50    ; 20.000       ; 0.164      ; 12.376     ;
; 7.776 ; cpu:mycpu|instr_E[26] ; cpu:mycpu|PC_F[3]                                                                                           ; CLOCK_50     ; CLOCK_50    ; 20.000       ; 0.168      ; 12.379     ;
; 7.782 ; cpu:mycpu|instr_E[28] ; cpu:mycpu|PC_F[2]                                                                                           ; CLOCK_50     ; CLOCK_50    ; 20.000       ; 0.168      ; 12.373     ;
; 7.782 ; cpu:mycpu|instr_E[28] ; cpu:mycpu|PC_F[0]                                                                                           ; CLOCK_50     ; CLOCK_50    ; 20.000       ; 0.168      ; 12.373     ;
; 7.782 ; cpu:mycpu|instr_E[28] ; cpu:mycpu|PC_F[6]                                                                                           ; CLOCK_50     ; CLOCK_50    ; 20.000       ; 0.168      ; 12.373     ;
; 7.783 ; cpu:mycpu|instr_E[28] ; cpu:mycpu|PC_F[3]                                                                                           ; CLOCK_50     ; CLOCK_50    ; 20.000       ; 0.168      ; 12.372     ;
; 7.790 ; cpu:mycpu|instr_E[26] ; cpu:mycpu|PC_F[28]                                                                                          ; CLOCK_50     ; CLOCK_50    ; 20.000       ; 0.146      ; 12.343     ;
; 7.794 ; cpu:mycpu|instr_E[29] ; cpu:mycpu|instr_E[21]                                                                                       ; CLOCK_50     ; CLOCK_50    ; 20.000       ; 0.167      ; 12.360     ;
; 7.795 ; cpu:mycpu|instr_E[26] ; cpu:mycpu|PC_F[16]                                                                                          ; CLOCK_50     ; CLOCK_50    ; 20.000       ; 0.172      ; 12.364     ;
; 7.796 ; cpu:mycpu|instr_E[26] ; cpu:mycpu|PC_F[20]                                                                                          ; CLOCK_50     ; CLOCK_50    ; 20.000       ; 0.169      ; 12.360     ;
; 7.797 ; cpu:mycpu|instr_E[26] ; cpu:mycpu|PC_F[12]                                                                                          ; CLOCK_50     ; CLOCK_50    ; 20.000       ; 0.172      ; 12.362     ;
; 7.797 ; cpu:mycpu|instr_E[28] ; cpu:mycpu|PC_F[28]                                                                                          ; CLOCK_50     ; CLOCK_50    ; 20.000       ; 0.146      ; 12.336     ;
; 7.798 ; cpu:mycpu|instr_E[26] ; cpu:mycpu|PC_F[19]                                                                                          ; CLOCK_50     ; CLOCK_50    ; 20.000       ; 0.169      ; 12.358     ;
; 7.798 ; cpu:mycpu|instr_E[27] ; cpu:mycpu|regfile:rf|memory_rtl_0_bypass[4]                                                                 ; CLOCK_50     ; CLOCK_50    ; 20.000       ; 0.163      ; 12.352     ;
; 7.800 ; cpu:mycpu|instr_E[26] ; cpu:mycpu|instr_E[6]                                                                                        ; CLOCK_50     ; CLOCK_50    ; 20.000       ; 0.181      ; 12.368     ;
; 7.801 ; cpu:mycpu|instr_E[26] ; cpu:mycpu|PC_F[18]                                                                                          ; CLOCK_50     ; CLOCK_50    ; 20.000       ; 0.172      ; 12.358     ;
; 7.802 ; cpu:mycpu|instr_E[27] ; cpu:mycpu|regfile:rf|memory_rtl_0_bypass[10]                                                                ; CLOCK_50     ; CLOCK_50    ; 20.000       ; 0.163      ; 12.348     ;
; 7.802 ; cpu:mycpu|instr_E[28] ; cpu:mycpu|PC_F[16]                                                                                          ; CLOCK_50     ; CLOCK_50    ; 20.000       ; 0.172      ; 12.357     ;
; 7.803 ; cpu:mycpu|instr_E[26] ; cpu:mycpu|PC_F[17]                                                                                          ; CLOCK_50     ; CLOCK_50    ; 20.000       ; 0.172      ; 12.356     ;
; 7.803 ; cpu:mycpu|instr_E[27] ; cpu:mycpu|instr_E[19]                                                                                       ; CLOCK_50     ; CLOCK_50    ; 20.000       ; 0.164      ; 12.348     ;
; 7.803 ; cpu:mycpu|instr_E[28] ; cpu:mycpu|PC_F[20]                                                                                          ; CLOCK_50     ; CLOCK_50    ; 20.000       ; 0.169      ; 12.353     ;
; 7.804 ; cpu:mycpu|instr_E[29] ; cpu:mycpu|PC_F[10]                                                                                          ; CLOCK_50     ; CLOCK_50    ; 20.000       ; 0.139      ; 12.322     ;
; 7.804 ; cpu:mycpu|instr_E[28] ; cpu:mycpu|PC_F[12]                                                                                          ; CLOCK_50     ; CLOCK_50    ; 20.000       ; 0.172      ; 12.355     ;
; 7.805 ; cpu:mycpu|instr_E[26] ; cpu:mycpu|PC_F[7]                                                                                           ; CLOCK_50     ; CLOCK_50    ; 20.000       ; 0.172      ; 12.354     ;
; 7.805 ; cpu:mycpu|instr_E[26] ; cpu:mycpu|instr_E[16]                                                                                       ; CLOCK_50     ; CLOCK_50    ; 20.000       ; 0.164      ; 12.346     ;
; 7.805 ; cpu:mycpu|instr_E[29] ; cpu:mycpu|PC_F[27]                                                                                          ; CLOCK_50     ; CLOCK_50    ; 20.000       ; 0.143      ; 12.325     ;
; 7.805 ; cpu:mycpu|instr_E[28] ; cpu:mycpu|PC_F[19]                                                                                          ; CLOCK_50     ; CLOCK_50    ; 20.000       ; 0.169      ; 12.351     ;
; 7.806 ; cpu:mycpu|instr_E[29] ; cpu:mycpu|PC_F[26]                                                                                          ; CLOCK_50     ; CLOCK_50    ; 20.000       ; 0.143      ; 12.324     ;
; 7.806 ; cpu:mycpu|instr_E[29] ; cpu:mycpu|PC_F[11]                                                                                          ; CLOCK_50     ; CLOCK_50    ; 20.000       ; 0.143      ; 12.324     ;
; 7.807 ; cpu:mycpu|instr_E[28] ; cpu:mycpu|instr_E[6]                                                                                        ; CLOCK_50     ; CLOCK_50    ; 20.000       ; 0.181      ; 12.361     ;
; 7.808 ; cpu:mycpu|instr_E[28] ; cpu:mycpu|PC_F[18]                                                                                          ; CLOCK_50     ; CLOCK_50    ; 20.000       ; 0.172      ; 12.351     ;
; 7.809 ; cpu:mycpu|instr_E[26] ; cpu:mycpu|PC_F[1]                                                                                           ; CLOCK_50     ; CLOCK_50    ; 20.000       ; 0.172      ; 12.350     ;
; 7.809 ; cpu:mycpu|instr_E[29] ; cpu:mycpu|PC_F[14]                                                                                          ; CLOCK_50     ; CLOCK_50    ; 20.000       ; 0.143      ; 12.321     ;
; 7.810 ; cpu:mycpu|instr_E[28] ; cpu:mycpu|PC_F[17]                                                                                          ; CLOCK_50     ; CLOCK_50    ; 20.000       ; 0.172      ; 12.349     ;
; 7.811 ; cpu:mycpu|instr_E[26] ; cpu:mycpu|PC_F[5]                                                                                           ; CLOCK_50     ; CLOCK_50    ; 20.000       ; 0.172      ; 12.348     ;
; 7.812 ; cpu:mycpu|instr_E[28] ; cpu:mycpu|PC_F[7]                                                                                           ; CLOCK_50     ; CLOCK_50    ; 20.000       ; 0.172      ; 12.347     ;
; 7.812 ; cpu:mycpu|instr_E[28] ; cpu:mycpu|instr_E[16]                                                                                       ; CLOCK_50     ; CLOCK_50    ; 20.000       ; 0.164      ; 12.339     ;
; 7.815 ; cpu:mycpu|instr_E[26] ; cpu:mycpu|PC_F[8]                                                                                           ; CLOCK_50     ; CLOCK_50    ; 20.000       ; 0.172      ; 12.344     ;
; 7.816 ; cpu:mycpu|instr_E[29] ; cpu:mycpu|regfile:rf|altsyncram:memory_rtl_0|altsyncram_mcc1:auto_generated|ram_block1a0~portb_address_reg0 ; CLOCK_50     ; CLOCK_50    ; 20.000       ; 0.142      ; 12.335     ;
; 7.816 ; cpu:mycpu|instr_E[28] ; cpu:mycpu|PC_F[1]                                                                                           ; CLOCK_50     ; CLOCK_50    ; 20.000       ; 0.172      ; 12.343     ;
; 7.818 ; cpu:mycpu|instr_E[28] ; cpu:mycpu|PC_F[5]                                                                                           ; CLOCK_50     ; CLOCK_50    ; 20.000       ; 0.172      ; 12.341     ;
; 7.819 ; cpu:mycpu|instr_E[29] ; cpu:mycpu|instr_E[20]                                                                                       ; CLOCK_50     ; CLOCK_50    ; 20.000       ; 0.167      ; 12.335     ;
; 7.822 ; cpu:mycpu|instr_E[28] ; cpu:mycpu|PC_F[8]                                                                                           ; CLOCK_50     ; CLOCK_50    ; 20.000       ; 0.172      ; 12.337     ;
; 7.829 ; cpu:mycpu|instr_E[26] ; cpu:mycpu|instr_E[26]                                                                                       ; CLOCK_50     ; CLOCK_50    ; 20.000       ; -0.042     ; 12.116     ;
; 7.829 ; cpu:mycpu|instr_E[26] ; cpu:mycpu|instr_E[29]                                                                                       ; CLOCK_50     ; CLOCK_50    ; 20.000       ; -0.042     ; 12.116     ;
; 7.830 ; cpu:mycpu|instr_E[26] ; cpu:mycpu|instr_E[27]                                                                                       ; CLOCK_50     ; CLOCK_50    ; 20.000       ; -0.042     ; 12.115     ;
; 7.834 ; cpu:mycpu|instr_E[29] ; cpu:mycpu|PC_F[4]                                                                                           ; CLOCK_50     ; CLOCK_50    ; 20.000       ; 0.141      ; 12.294     ;
; 7.835 ; cpu:mycpu|instr_E[26] ; cpu:mycpu|instr_E[23]                                                                                       ; CLOCK_50     ; CLOCK_50    ; 20.000       ; -0.028     ; 12.124     ;
; 7.836 ; cpu:mycpu|instr_E[26] ; cpu:mycpu|instr_E[22]                                                                                       ; CLOCK_50     ; CLOCK_50    ; 20.000       ; 0.167      ; 12.318     ;
; 7.836 ; cpu:mycpu|instr_E[27] ; cpu:mycpu|PC_F[13]                                                                                          ; CLOCK_50     ; CLOCK_50    ; 20.000       ; 0.146      ; 12.297     ;
; 7.836 ; cpu:mycpu|instr_E[28] ; cpu:mycpu|instr_E[26]                                                                                       ; CLOCK_50     ; CLOCK_50    ; 20.000       ; -0.042     ; 12.109     ;
; 7.836 ; cpu:mycpu|instr_E[28] ; cpu:mycpu|instr_E[29]                                                                                       ; CLOCK_50     ; CLOCK_50    ; 20.000       ; -0.042     ; 12.109     ;
; 7.837 ; cpu:mycpu|instr_E[28] ; cpu:mycpu|instr_E[27]                                                                                       ; CLOCK_50     ; CLOCK_50    ; 20.000       ; -0.042     ; 12.108     ;
+-------+-----------------------+-------------------------------------------------------------------------------------------------------------+--------------+-------------+--------------+------------+------------+


+------------------------------------------------------------------------------------------------------------------------------------------------------------------------------------------------------------------------+
; Fast 1200mV 0C Model Hold: 'CLOCK_50'                                                                                                                                                                                  ;
+-------+----------------------------+-------------------------------------------------------------------------------------------------------------+--------------+-------------+--------------+------------+------------+
; Slack ; From Node                  ; To Node                                                                                                     ; Launch Clock ; Latch Clock ; Relationship ; Clock Skew ; Data Delay ;
+-------+----------------------------+-------------------------------------------------------------------------------------------------------------+--------------+-------------+--------------+------------+------------+
; 0.171 ; cpu:mycpu|rd_W[2]          ; cpu:mycpu|regfile:rf|altsyncram:memory_rtl_0|altsyncram_mcc1:auto_generated|ram_block1a0~porta_address_reg0 ; CLOCK_50     ; CLOCK_50    ; 0.000        ; 0.217      ; 0.492      ;
; 0.246 ; cpu:mycpu|rs1_data_W[24]   ; cpu:mycpu|gpio_out[24]                                                                                      ; CLOCK_50     ; CLOCK_50    ; 0.000        ; 0.042      ; 0.372      ;
; 0.246 ; cpu:mycpu|rs1_data_W[0]    ; cpu:mycpu|gpio_out[0]                                                                                       ; CLOCK_50     ; CLOCK_50    ; 0.000        ; 0.042      ; 0.372      ;
; 0.247 ; cpu:mycpu|rs1_data_W[31]   ; cpu:mycpu|gpio_out[31]                                                                                      ; CLOCK_50     ; CLOCK_50    ; 0.000        ; 0.042      ; 0.373      ;
; 0.247 ; cpu:mycpu|rs1_data_W[28]   ; cpu:mycpu|gpio_out[28]                                                                                      ; CLOCK_50     ; CLOCK_50    ; 0.000        ; 0.042      ; 0.373      ;
; 0.247 ; cpu:mycpu|rs1_data_W[26]   ; cpu:mycpu|gpio_out[26]                                                                                      ; CLOCK_50     ; CLOCK_50    ; 0.000        ; 0.042      ; 0.373      ;
; 0.247 ; cpu:mycpu|rs1_data_W[3]    ; cpu:mycpu|gpio_out[3]                                                                                       ; CLOCK_50     ; CLOCK_50    ; 0.000        ; 0.042      ; 0.373      ;
; 0.248 ; cpu:mycpu|rs1_data_W[27]   ; cpu:mycpu|gpio_out[27]                                                                                      ; CLOCK_50     ; CLOCK_50    ; 0.000        ; 0.042      ; 0.374      ;
; 0.248 ; cpu:mycpu|rs1_data_W[21]   ; cpu:mycpu|gpio_out[21]                                                                                      ; CLOCK_50     ; CLOCK_50    ; 0.000        ; 0.041      ; 0.373      ;
; 0.248 ; cpu:mycpu|rs1_data_W[1]    ; cpu:mycpu|gpio_out[1]                                                                                       ; CLOCK_50     ; CLOCK_50    ; 0.000        ; 0.042      ; 0.374      ;
; 0.249 ; cpu:mycpu|rs1_data_W[30]   ; cpu:mycpu|gpio_out[30]                                                                                      ; CLOCK_50     ; CLOCK_50    ; 0.000        ; 0.042      ; 0.375      ;
; 0.249 ; cpu:mycpu|rs1_data_W[20]   ; cpu:mycpu|gpio_out[20]                                                                                      ; CLOCK_50     ; CLOCK_50    ; 0.000        ; 0.041      ; 0.374      ;
; 0.249 ; cpu:mycpu|rs1_data_W[14]   ; cpu:mycpu|gpio_out[14]                                                                                      ; CLOCK_50     ; CLOCK_50    ; 0.000        ; 0.040      ; 0.373      ;
; 0.250 ; cpu:mycpu|rs1_data_W[29]   ; cpu:mycpu|gpio_out[29]                                                                                      ; CLOCK_50     ; CLOCK_50    ; 0.000        ; 0.042      ; 0.376      ;
; 0.250 ; cpu:mycpu|rs1_data_W[23]   ; cpu:mycpu|gpio_out[23]                                                                                      ; CLOCK_50     ; CLOCK_50    ; 0.000        ; 0.041      ; 0.375      ;
; 0.250 ; cpu:mycpu|rs1_data_W[22]   ; cpu:mycpu|gpio_out[22]                                                                                      ; CLOCK_50     ; CLOCK_50    ; 0.000        ; 0.041      ; 0.375      ;
; 0.250 ; cpu:mycpu|rs1_data_W[18]   ; cpu:mycpu|gpio_out[18]                                                                                      ; CLOCK_50     ; CLOCK_50    ; 0.000        ; 0.039      ; 0.373      ;
; 0.251 ; cpu:mycpu|rs1_data_W[17]   ; cpu:mycpu|gpio_out[17]                                                                                      ; CLOCK_50     ; CLOCK_50    ; 0.000        ; 0.039      ; 0.374      ;
; 0.252 ; cpu:mycpu|rs1_data_W[16]   ; cpu:mycpu|gpio_out[16]                                                                                      ; CLOCK_50     ; CLOCK_50    ; 0.000        ; 0.039      ; 0.375      ;
; 0.253 ; cpu:mycpu|rs1_data_W[15]   ; cpu:mycpu|gpio_out[15]                                                                                      ; CLOCK_50     ; CLOCK_50    ; 0.000        ; 0.040      ; 0.377      ;
; 0.279 ; cpu:mycpu|rd_W[3]          ; cpu:mycpu|regfile:rf|memory_rtl_1_bypass[7]                                                                 ; CLOCK_50     ; CLOCK_50    ; 0.000        ; 0.042      ; 0.405      ;
; 0.295 ; cpu:mycpu|rd_W[0]          ; cpu:mycpu|regfile:rf|altsyncram:memory_rtl_0|altsyncram_mcc1:auto_generated|ram_block1a0~porta_address_reg0 ; CLOCK_50     ; CLOCK_50    ; 0.000        ; 0.217      ; 0.616      ;
; 0.355 ; cpu:mycpu|rs1_data_W[25]   ; cpu:mycpu|gpio_out[25]                                                                                      ; CLOCK_50     ; CLOCK_50    ; 0.000        ; 0.046      ; 0.485      ;
; 0.368 ; cpu:mycpu|rd_W[3]          ; cpu:mycpu|regfile:rf|altsyncram:memory_rtl_1|altsyncram_mcc1:auto_generated|ram_block1a0~porta_address_reg0 ; CLOCK_50     ; CLOCK_50    ; 0.000        ; 0.225      ; 0.697      ;
; 0.370 ; cpu:mycpu|rs1_data_W[2]    ; cpu:mycpu|gpio_out[2]                                                                                       ; CLOCK_50     ; CLOCK_50    ; 0.000        ; 0.047      ; 0.501      ;
; 0.384 ; cpu:mycpu|instr_E[8]       ; cpu:mycpu|rd_W[1]                                                                                           ; CLOCK_50     ; CLOCK_50    ; 0.000        ; -0.154     ; 0.314      ;
; 0.395 ; cpu:mycpu|PC_F[28]         ; cpu:mycpu|PC_E[28]                                                                                          ; CLOCK_50     ; CLOCK_50    ; 0.000        ; -0.154     ; 0.325      ;
; 0.395 ; cpu:mycpu|PC_F[10]         ; cpu:mycpu|PC_E[10]                                                                                          ; CLOCK_50     ; CLOCK_50    ; 0.000        ; -0.154     ; 0.325      ;
; 0.396 ; cpu:mycpu|PC_F[9]          ; cpu:mycpu|PC_E[9]                                                                                           ; CLOCK_50     ; CLOCK_50    ; 0.000        ; -0.154     ; 0.326      ;
; 0.455 ; cpu:mycpu|PC_F[4]          ; cpu:mycpu|PC_E[4]                                                                                           ; CLOCK_50     ; CLOCK_50    ; 0.000        ; -0.154     ; 0.385      ;
; 0.455 ; cpu:mycpu|PC_F[14]         ; cpu:mycpu|PC_E[14]                                                                                          ; CLOCK_50     ; CLOCK_50    ; 0.000        ; -0.154     ; 0.385      ;
; 0.455 ; cpu:mycpu|PC_F[13]         ; cpu:mycpu|PC_E[13]                                                                                          ; CLOCK_50     ; CLOCK_50    ; 0.000        ; -0.154     ; 0.385      ;
; 0.460 ; cpu:mycpu|rd_W[2]          ; cpu:mycpu|regfile:rf|altsyncram:memory_rtl_1|altsyncram_mcc1:auto_generated|ram_block1a0~porta_address_reg0 ; CLOCK_50     ; CLOCK_50    ; 0.000        ; 0.225      ; 0.789      ;
; 0.472 ; cpu:mycpu|rd_W[4]          ; cpu:mycpu|regfile:rf|memory_rtl_1_bypass[9]                                                                 ; CLOCK_50     ; CLOCK_50    ; 0.000        ; -0.153     ; 0.403      ;
; 0.481 ; cpu:mycpu|instr_E[4]       ; cpu:mycpu|PC_F[22]                                                                                          ; CLOCK_50     ; CLOCK_50    ; 0.000        ; 0.245      ; 0.810      ;
; 0.489 ; cpu:mycpu|rs1_data_W[7]    ; cpu:mycpu|gpio_out[7]                                                                                       ; CLOCK_50     ; CLOCK_50    ; 0.000        ; 0.061      ; 0.634      ;
; 0.514 ; cpu:mycpu|instr_E[4]       ; cpu:mycpu|instr_E[5]                                                                                        ; CLOCK_50     ; CLOCK_50    ; 0.000        ; 0.042      ; 0.640      ;
; 0.517 ; cpu:mycpu|instr_E[4]       ; cpu:mycpu|instr_E[4]                                                                                        ; CLOCK_50     ; CLOCK_50    ; 0.000        ; 0.042      ; 0.643      ;
; 0.517 ; cpu:mycpu|instr_E[4]       ; cpu:mycpu|PC_F[23]                                                                                          ; CLOCK_50     ; CLOCK_50    ; 0.000        ; 0.245      ; 0.846      ;
; 0.551 ; cpu:mycpu|imm20_W[29]      ; cpu:mycpu|regfile:rf|altsyncram:memory_rtl_1|altsyncram_mcc1:auto_generated|ram_block1a0~porta_datain_reg0  ; CLOCK_50     ; CLOCK_50    ; 0.000        ; 0.230      ; 0.885      ;
; 0.558 ; cpu:mycpu|regwrite_W       ; cpu:mycpu|regfile:rf|altsyncram:memory_rtl_0|altsyncram_mcc1:auto_generated|ram_block1a0~porta_we_reg       ; CLOCK_50     ; CLOCK_50    ; 0.000        ; 0.220      ; 0.882      ;
; 0.582 ; cpu:mycpu|imm20_W[31]      ; cpu:mycpu|regfile:rf|memory_rtl_1_bypass[42]                                                                ; CLOCK_50     ; CLOCK_50    ; 0.000        ; 0.042      ; 0.708      ;
; 0.582 ; cpu:mycpu|rd_W[0]          ; cpu:mycpu|regfile:rf|altsyncram:memory_rtl_1|altsyncram_mcc1:auto_generated|ram_block1a0~porta_address_reg0 ; CLOCK_50     ; CLOCK_50    ; 0.000        ; 0.225      ; 0.911      ;
; 0.584 ; cpu:mycpu|imm20_W[31]      ; cpu:mycpu|regfile:rf|memory_rtl_0_bypass[42]                                                                ; CLOCK_50     ; CLOCK_50    ; 0.000        ; 0.042      ; 0.710      ;
; 0.584 ; cpu:mycpu|instr_E[26]      ; cpu:mycpu|imm20_W[26]                                                                                       ; CLOCK_50     ; CLOCK_50    ; 0.000        ; 0.042      ; 0.710      ;
; 0.589 ; cpu:mycpu|PC_E[11]         ; cpu:mycpu|PC_F[11]                                                                                          ; CLOCK_50     ; CLOCK_50    ; 0.000        ; 0.243      ; 0.916      ;
; 0.596 ; cpu:mycpu|rd_W[2]          ; cpu:mycpu|regfile:rf|memory_rtl_0_bypass[5]                                                                 ; CLOCK_50     ; CLOCK_50    ; 0.000        ; 0.038      ; 0.718      ;
; 0.611 ; cpu:mycpu|rd_W[3]          ; cpu:mycpu|regfile:rf|altsyncram:memory_rtl_0|altsyncram_mcc1:auto_generated|ram_block1a0~porta_address_reg0 ; CLOCK_50     ; CLOCK_50    ; 0.000        ; 0.217      ; 0.932      ;
; 0.613 ; cpu:mycpu|imm20_W[31]      ; cpu:mycpu|regfile:rf|altsyncram:memory_rtl_0|altsyncram_mcc1:auto_generated|ram_block1a0~porta_datain_reg0  ; CLOCK_50     ; CLOCK_50    ; 0.000        ; 0.234      ; 0.951      ;
; 0.614 ; cpu:mycpu|PC_F[19]         ; cpu:mycpu|PC_E[19]                                                                                          ; CLOCK_50     ; CLOCK_50    ; 0.000        ; -0.157     ; 0.541      ;
; 0.617 ; cpu:mycpu|PC_E[26]         ; cpu:mycpu|PC_plus4_W[28]                                                                                    ; CLOCK_50     ; CLOCK_50    ; 0.000        ; 0.046      ; 0.747      ;
; 0.625 ; cpu:mycpu|PC_plus4_W[16]   ; cpu:mycpu|regfile:rf|altsyncram:memory_rtl_1|altsyncram_mcc1:auto_generated|ram_block1a0~porta_datain_reg0  ; CLOCK_50     ; CLOCK_50    ; 0.000        ; 0.056      ; 0.785      ;
; 0.627 ; cpu:mycpu|PC_E[14]         ; cpu:mycpu|PC_F[14]                                                                                          ; CLOCK_50     ; CLOCK_50    ; 0.000        ; 0.244      ; 0.955      ;
; 0.632 ; cpu:mycpu|PC_E[2]          ; cpu:mycpu|PC_plus4_W[4]                                                                                     ; CLOCK_50     ; CLOCK_50    ; 0.000        ; 0.241      ; 0.957      ;
; 0.634 ; cpu:mycpu|imm20_W[31]      ; cpu:mycpu|regfile:rf|altsyncram:memory_rtl_1|altsyncram_mcc1:auto_generated|ram_block1a0~porta_datain_reg0  ; CLOCK_50     ; CLOCK_50    ; 0.000        ; 0.242      ; 0.980      ;
; 0.636 ; cpu:mycpu|instr_E[19]      ; cpu:mycpu|rs1_data_W[8]                                                                                     ; CLOCK_50     ; CLOCK_50    ; 0.000        ; -0.151     ; 0.569      ;
; 0.640 ; cpu:mycpu|PC_plus4_W[11]   ; cpu:mycpu|regfile:rf|altsyncram:memory_rtl_0|altsyncram_mcc1:auto_generated|ram_block1a0~porta_datain_reg0  ; CLOCK_50     ; CLOCK_50    ; 0.000        ; 0.048      ; 0.792      ;
; 0.643 ; cpu:mycpu|PC_plus4_W[6]    ; cpu:mycpu|regfile:rf|altsyncram:memory_rtl_1|altsyncram_mcc1:auto_generated|ram_block1a0~porta_datain_reg0  ; CLOCK_50     ; CLOCK_50    ; 0.000        ; 0.045      ; 0.792      ;
; 0.644 ; cpu:mycpu|instr_E[4]       ; cpu:mycpu|PC_F[5]                                                                                           ; CLOCK_50     ; CLOCK_50    ; 0.000        ; 0.254      ; 0.982      ;
; 0.645 ; cpu:mycpu|alu_result_W[22] ; cpu:mycpu|regfile:rf|altsyncram:memory_rtl_1|altsyncram_mcc1:auto_generated|ram_block1a0~porta_datain_reg0  ; CLOCK_50     ; CLOCK_50    ; 0.000        ; 0.034      ; 0.783      ;
; 0.648 ; cpu:mycpu|instr_E[4]       ; cpu:mycpu|PC_F[16]                                                                                          ; CLOCK_50     ; CLOCK_50    ; 0.000        ; 0.254      ; 0.986      ;
; 0.649 ; cpu:mycpu|instr_E[4]       ; cpu:mycpu|PC_F[29]                                                                                          ; CLOCK_50     ; CLOCK_50    ; 0.000        ; 0.243      ; 0.976      ;
; 0.649 ; cpu:mycpu|instr_E[4]       ; cpu:mycpu|PC_F[12]                                                                                          ; CLOCK_50     ; CLOCK_50    ; 0.000        ; 0.254      ; 0.987      ;
; 0.650 ; cpu:mycpu|instr_E[4]       ; cpu:mycpu|PC_F[7]                                                                                           ; CLOCK_50     ; CLOCK_50    ; 0.000        ; 0.254      ; 0.988      ;
; 0.651 ; cpu:mycpu|instr_E[4]       ; cpu:mycpu|PC_F[24]                                                                                          ; CLOCK_50     ; CLOCK_50    ; 0.000        ; 0.242      ; 0.977      ;
; 0.654 ; cpu:mycpu|instr_E[4]       ; cpu:mycpu|PC_F[18]                                                                                          ; CLOCK_50     ; CLOCK_50    ; 0.000        ; 0.254      ; 0.992      ;
; 0.656 ; cpu:mycpu|PC_plus4_W[6]    ; cpu:mycpu|regfile:rf|altsyncram:memory_rtl_0|altsyncram_mcc1:auto_generated|ram_block1a0~porta_datain_reg0  ; CLOCK_50     ; CLOCK_50    ; 0.000        ; 0.037      ; 0.797      ;
; 0.658 ; cpu:mycpu|instr_E[4]       ; cpu:mycpu|PC_F[8]                                                                                           ; CLOCK_50     ; CLOCK_50    ; 0.000        ; 0.254      ; 0.996      ;
; 0.659 ; cpu:mycpu|PC_plus4_W[3]    ; cpu:mycpu|regfile:rf|altsyncram:memory_rtl_1|altsyncram_mcc1:auto_generated|ram_block1a0~porta_datain_reg0  ; CLOCK_50     ; CLOCK_50    ; 0.000        ; 0.045      ; 0.808      ;
; 0.660 ; cpu:mycpu|instr_E[4]       ; cpu:mycpu|PC_F[1]                                                                                           ; CLOCK_50     ; CLOCK_50    ; 0.000        ; 0.254      ; 0.998      ;
; 0.660 ; cpu:mycpu|instr_E[4]       ; cpu:mycpu|PC_F[28]                                                                                          ; CLOCK_50     ; CLOCK_50    ; 0.000        ; 0.227      ; 0.971      ;
; 0.662 ; cpu:mycpu|instr_E[4]       ; cpu:mycpu|PC_F[20]                                                                                          ; CLOCK_50     ; CLOCK_50    ; 0.000        ; 0.251      ; 0.997      ;
; 0.662 ; cpu:mycpu|PC_plus4_W[3]    ; cpu:mycpu|regfile:rf|altsyncram:memory_rtl_0|altsyncram_mcc1:auto_generated|ram_block1a0~porta_datain_reg0  ; CLOCK_50     ; CLOCK_50    ; 0.000        ; 0.037      ; 0.803      ;
; 0.665 ; cpu:mycpu|PC_E[14]         ; cpu:mycpu|PC_plus4_W[16]                                                                                    ; CLOCK_50     ; CLOCK_50    ; 0.000        ; 0.245      ; 0.994      ;
; 0.666 ; cpu:mycpu|rs1_data_W[10]   ; cpu:mycpu|gpio_out[10]                                                                                      ; CLOCK_50     ; CLOCK_50    ; 0.000        ; 0.017      ; 0.767      ;
; 0.666 ; cpu:mycpu|PC_plus4_W[4]    ; cpu:mycpu|regfile:rf|altsyncram:memory_rtl_0|altsyncram_mcc1:auto_generated|ram_block1a0~porta_datain_reg0  ; CLOCK_50     ; CLOCK_50    ; 0.000        ; 0.048      ; 0.818      ;
; 0.669 ; cpu:mycpu|PC_F[26]         ; cpu:mycpu|PC_E[26]                                                                                          ; CLOCK_50     ; CLOCK_50    ; 0.000        ; -0.157     ; 0.596      ;
; 0.671 ; cpu:mycpu|PC_F[1]          ; cpu:mycpu|instr_E[6]                                                                                        ; CLOCK_50     ; CLOCK_50    ; 0.000        ; 0.059      ; 0.814      ;
; 0.671 ; cpu:mycpu|rd_W[0]          ; cpu:mycpu|regfile:rf|memory_rtl_1_bypass[1]                                                                 ; CLOCK_50     ; CLOCK_50    ; 0.000        ; 0.042      ; 0.797      ;
; 0.675 ; cpu:mycpu|instr_E[29]      ; cpu:mycpu|imm20_W[29]                                                                                       ; CLOCK_50     ; CLOCK_50    ; 0.000        ; 0.053      ; 0.812      ;
; 0.676 ; cpu:mycpu|imm20_W[29]      ; cpu:mycpu|regfile:rf|altsyncram:memory_rtl_0|altsyncram_mcc1:auto_generated|ram_block1a0~porta_datain_reg0  ; CLOCK_50     ; CLOCK_50    ; 0.000        ; 0.222      ; 1.002      ;
; 0.685 ; cpu:mycpu|PC_F[11]         ; cpu:mycpu|PC_E[11]                                                                                          ; CLOCK_50     ; CLOCK_50    ; 0.000        ; -0.153     ; 0.616      ;
; 0.689 ; cpu:mycpu|PC_F[15]         ; cpu:mycpu|PC_E[15]                                                                                          ; CLOCK_50     ; CLOCK_50    ; 0.000        ; -0.158     ; 0.615      ;
; 0.690 ; cpu:mycpu|alu_result_W[25] ; cpu:mycpu|regfile:rf|memory_rtl_0_bypass[36]                                                                ; CLOCK_50     ; CLOCK_50    ; 0.000        ; -0.153     ; 0.621      ;
; 0.691 ; cpu:mycpu|instr_E[4]       ; cpu:mycpu|regfile:rf|altsyncram:memory_rtl_1|altsyncram_mcc1:auto_generated|ram_block1a0~portb_address_reg0 ; CLOCK_50     ; CLOCK_50    ; 0.000        ; 0.231      ; 1.026      ;
; 0.692 ; cpu:mycpu|alu_result_W[25] ; cpu:mycpu|regfile:rf|memory_rtl_1_bypass[36]                                                                ; CLOCK_50     ; CLOCK_50    ; 0.000        ; -0.153     ; 0.623      ;
; 0.692 ; cpu:mycpu|alu_result_W[20] ; cpu:mycpu|regfile:rf|memory_rtl_0_bypass[31]                                                                ; CLOCK_50     ; CLOCK_50    ; 0.000        ; -0.153     ; 0.623      ;
; 0.693 ; cpu:mycpu|alu_result_W[20] ; cpu:mycpu|regfile:rf|memory_rtl_1_bypass[31]                                                                ; CLOCK_50     ; CLOCK_50    ; 0.000        ; -0.153     ; 0.624      ;
; 0.697 ; cpu:mycpu|instr_E[4]       ; cpu:mycpu|regfile:rf|memory_rtl_1_bypass[10]                                                                ; CLOCK_50     ; CLOCK_50    ; 0.000        ; 0.247      ; 1.028      ;
; 0.698 ; cpu:mycpu|instr_E[4]       ; cpu:mycpu|PC_F[3]                                                                                           ; CLOCK_50     ; CLOCK_50    ; 0.000        ; 0.250      ; 1.032      ;
; 0.699 ; cpu:mycpu|instr_E[4]       ; cpu:mycpu|PC_F[25]                                                                                          ; CLOCK_50     ; CLOCK_50    ; 0.000        ; 0.242      ; 1.025      ;
; 0.700 ; cpu:mycpu|PC_E[11]         ; cpu:mycpu|PC_plus4_W[13]                                                                                    ; CLOCK_50     ; CLOCK_50    ; 0.000        ; 0.243      ; 1.027      ;
; 0.702 ; cpu:mycpu|instr_E[4]       ; cpu:mycpu|PC_F[13]                                                                                          ; CLOCK_50     ; CLOCK_50    ; 0.000        ; 0.227      ; 1.013      ;
; 0.704 ; cpu:mycpu|instr_E[4]       ; cpu:mycpu|PC_F[15]                                                                                          ; CLOCK_50     ; CLOCK_50    ; 0.000        ; 0.228      ; 1.016      ;
; 0.706 ; cpu:mycpu|instr_E[19]      ; cpu:mycpu|rs1_data_W[19]                                                                                    ; CLOCK_50     ; CLOCK_50    ; 0.000        ; -0.156     ; 0.634      ;
; 0.711 ; cpu:mycpu|PC_F[18]         ; cpu:mycpu|PC_E[18]                                                                                          ; CLOCK_50     ; CLOCK_50    ; 0.000        ; -0.157     ; 0.638      ;
; 0.720 ; cpu:mycpu|alu_result_W[21] ; cpu:mycpu|regfile:rf|altsyncram:memory_rtl_1|altsyncram_mcc1:auto_generated|ram_block1a0~porta_datain_reg0  ; CLOCK_50     ; CLOCK_50    ; 0.000        ; 0.033      ; 0.857      ;
; 0.721 ; cpu:mycpu|imm20_W[22]      ; cpu:mycpu|regfile:rf|altsyncram:memory_rtl_1|altsyncram_mcc1:auto_generated|ram_block1a0~porta_datain_reg0  ; CLOCK_50     ; CLOCK_50    ; 0.000        ; 0.034      ; 0.859      ;
; 0.725 ; cpu:mycpu|instr_E[4]       ; cpu:mycpu|gpio_we_W                                                                                         ; CLOCK_50     ; CLOCK_50    ; 0.000        ; 0.045      ; 0.854      ;
; 0.726 ; cpu:mycpu|instr_E[4]       ; cpu:mycpu|regfile:rf|memory_rtl_1_bypass[8]                                                                 ; CLOCK_50     ; CLOCK_50    ; 0.000        ; 0.043      ; 0.853      ;
+-------+----------------------------+-------------------------------------------------------------------------------------------------------------+--------------+-------------+--------------+------------+------------+


----------------------------------------------
; Fast 1200mV 0C Model Metastability Summary ;
----------------------------------------------
No synchronizer chains to report.


+--------------------------------------------------------------------------------+
; Multicorner Timing Analysis Summary                                            ;
+------------------+----------+-------+----------+---------+---------------------+
; Clock            ; Setup    ; Hold  ; Recovery ; Removal ; Minimum Pulse Width ;
+------------------+----------+-------+----------+---------+---------------------+
; Worst-case Slack ; -5.027   ; 0.171 ; N/A      ; N/A     ; 9.202               ;
;  CLOCK2_50       ; N/A      ; N/A   ; N/A      ; N/A     ; 16.000              ;
;  CLOCK3_50       ; N/A      ; N/A   ; N/A      ; N/A     ; 16.000              ;
;  CLOCK_50        ; -5.027   ; 0.171 ; N/A      ; N/A     ; 9.202               ;
; Design-wide TNS  ; -323.581 ; 0.0   ; 0.0      ; 0.0     ; 0.0                 ;
;  CLOCK2_50       ; N/A      ; N/A   ; N/A      ; N/A     ; 0.000               ;
;  CLOCK3_50       ; N/A      ; N/A   ; N/A      ; N/A     ; 0.000               ;
;  CLOCK_50        ; -323.581 ; 0.000 ; N/A      ; N/A     ; 0.000               ;
+------------------+----------+-------+----------+---------+---------------------+


+------------------------------------------------------------------------------------------------------------------------------------------------------------------------------------------------------------------------------------------------------------------------------------------------------------------------------------------------------------------------------------------------------------------+
; Board Trace Model Assignments                                                                                                                                                                                                                                                                                                                                                                                    ;
+---------------+--------------+-------------------+-------------------------+-------------------------+---------------+---------------------+----------------+------------------+--------+------------------+------------------------+------------------------+--------------+---------------+-----------------+-------+---------------------+--------------------+---------------+-----------------+-------------+
; Pin           ; I/O Standard ; Near Tline Length ; Near Tline L per Length ; Near Tline C per Length ; Near Series R ; Near Differential R ; Near Pull-up R ; Near Pull-down R ; Near C ; Far Tline Length ; Far Tline L per Length ; Far Tline C per Length ; Far Series R ; Far Pull-up R ; Far Pull-down R ; Far C ; Termination Voltage ; Far Differential R ; EBD File Name ; EBD Signal Name ; EBD Far-end ;
+---------------+--------------+-------------------+-------------------------+-------------------------+---------------+---------------------+----------------+------------------+--------+------------------+------------------------+------------------------+--------------+---------------+-----------------+-------+---------------------+--------------------+---------------+-----------------+-------------+
; HEX0[0]       ; 2.5 V        ; 0 in              ; 0 H/in                  ; 0 F/in                  ; short         ; -                   ; open           ; open             ; open   ; 0 in             ; 0 H/in                 ; 0 F/in                 ; short        ; open          ; open            ; open  ; 0 V                 ; -                  ; n/a           ; n/a             ; n/a         ;
; HEX0[1]       ; 2.5 V        ; 0 in              ; 0 H/in                  ; 0 F/in                  ; short         ; -                   ; open           ; open             ; open   ; 0 in             ; 0 H/in                 ; 0 F/in                 ; short        ; open          ; open            ; open  ; 0 V                 ; -                  ; n/a           ; n/a             ; n/a         ;
; HEX0[2]       ; 2.5 V        ; 0 in              ; 0 H/in                  ; 0 F/in                  ; short         ; -                   ; open           ; open             ; open   ; 0 in             ; 0 H/in                 ; 0 F/in                 ; short        ; open          ; open            ; open  ; 0 V                 ; -                  ; n/a           ; n/a             ; n/a         ;
; HEX0[3]       ; 3.3-V LVTTL  ; 0 in              ; 0 H/in                  ; 0 F/in                  ; short         ; -                   ; open           ; open             ; open   ; 0 in             ; 0 H/in                 ; 0 F/in                 ; short        ; open          ; open            ; open  ; 0 V                 ; -                  ; n/a           ; n/a             ; n/a         ;
; HEX0[4]       ; 3.3-V LVTTL  ; 0 in              ; 0 H/in                  ; 0 F/in                  ; short         ; -                   ; open           ; open             ; open   ; 0 in             ; 0 H/in                 ; 0 F/in                 ; short        ; open          ; open            ; open  ; 0 V                 ; -                  ; n/a           ; n/a             ; n/a         ;
; HEX0[5]       ; 3.3-V LVTTL  ; 0 in              ; 0 H/in                  ; 0 F/in                  ; short         ; -                   ; open           ; open             ; open   ; 0 in             ; 0 H/in                 ; 0 F/in                 ; short        ; open          ; open            ; open  ; 0 V                 ; -                  ; n/a           ; n/a             ; n/a         ;
; HEX0[6]       ; 3.3-V LVTTL  ; 0 in              ; 0 H/in                  ; 0 F/in                  ; short         ; -                   ; open           ; open             ; open   ; 0 in             ; 0 H/in                 ; 0 F/in                 ; short        ; open          ; open            ; open  ; 0 V                 ; -                  ; n/a           ; n/a             ; n/a         ;
; HEX1[0]       ; 3.3-V LVTTL  ; 0 in              ; 0 H/in                  ; 0 F/in                  ; short         ; -                   ; open           ; open             ; open   ; 0 in             ; 0 H/in                 ; 0 F/in                 ; short        ; open          ; open            ; open  ; 0 V                 ; -                  ; n/a           ; n/a             ; n/a         ;
; HEX1[1]       ; 3.3-V LVTTL  ; 0 in              ; 0 H/in                  ; 0 F/in                  ; short         ; -                   ; open           ; open             ; open   ; 0 in             ; 0 H/in                 ; 0 F/in                 ; short        ; open          ; open            ; open  ; 0 V                 ; -                  ; n/a           ; n/a             ; n/a         ;
; HEX1[2]       ; 3.3-V LVTTL  ; 0 in              ; 0 H/in                  ; 0 F/in                  ; short         ; -                   ; open           ; open             ; open   ; 0 in             ; 0 H/in                 ; 0 F/in                 ; short        ; open          ; open            ; open  ; 0 V                 ; -                  ; n/a           ; n/a             ; n/a         ;
; HEX1[3]       ; 3.3-V LVTTL  ; 0 in              ; 0 H/in                  ; 0 F/in                  ; short         ; -                   ; open           ; open             ; open   ; 0 in             ; 0 H/in                 ; 0 F/in                 ; short        ; open          ; open            ; open  ; 0 V                 ; -                  ; n/a           ; n/a             ; n/a         ;
; HEX1[4]       ; 3.3-V LVTTL  ; 0 in              ; 0 H/in                  ; 0 F/in                  ; short         ; -                   ; open           ; open             ; open   ; 0 in             ; 0 H/in                 ; 0 F/in                 ; short        ; open          ; open            ; open  ; 0 V                 ; -                  ; n/a           ; n/a             ; n/a         ;
; HEX1[5]       ; 3.3-V LVTTL  ; 0 in              ; 0 H/in                  ; 0 F/in                  ; short         ; -                   ; open           ; open             ; open   ; 0 in             ; 0 H/in                 ; 0 F/in                 ; short        ; open          ; open            ; open  ; 0 V                 ; -                  ; n/a           ; n/a             ; n/a         ;
; HEX1[6]       ; 3.3-V LVTTL  ; 0 in              ; 0 H/in                  ; 0 F/in                  ; short         ; -                   ; open           ; open             ; open   ; 0 in             ; 0 H/in                 ; 0 F/in                 ; short        ; open          ; open            ; open  ; 0 V                 ; -                  ; n/a           ; n/a             ; n/a         ;
; HEX2[0]       ; 3.3-V LVTTL  ; 0 in              ; 0 H/in                  ; 0 F/in                  ; short         ; -                   ; open           ; open             ; open   ; 0 in             ; 0 H/in                 ; 0 F/in                 ; short        ; open          ; open            ; open  ; 0 V                 ; -                  ; n/a           ; n/a             ; n/a         ;
; HEX2[1]       ; 3.3-V LVTTL  ; 0 in              ; 0 H/in                  ; 0 F/in                  ; short         ; -                   ; open           ; open             ; open   ; 0 in             ; 0 H/in                 ; 0 F/in                 ; short        ; open          ; open            ; open  ; 0 V                 ; -                  ; n/a           ; n/a             ; n/a         ;
; HEX2[2]       ; 3.3-V LVTTL  ; 0 in              ; 0 H/in                  ; 0 F/in                  ; short         ; -                   ; open           ; open             ; open   ; 0 in             ; 0 H/in                 ; 0 F/in                 ; short        ; open          ; open            ; open  ; 0 V                 ; -                  ; n/a           ; n/a             ; n/a         ;
; HEX2[3]       ; 3.3-V LVTTL  ; 0 in              ; 0 H/in                  ; 0 F/in                  ; short         ; -                   ; open           ; open             ; open   ; 0 in             ; 0 H/in                 ; 0 F/in                 ; short        ; open          ; open            ; open  ; 0 V                 ; -                  ; n/a           ; n/a             ; n/a         ;
; HEX2[4]       ; 3.3-V LVTTL  ; 0 in              ; 0 H/in                  ; 0 F/in                  ; short         ; -                   ; open           ; open             ; open   ; 0 in             ; 0 H/in                 ; 0 F/in                 ; short        ; open          ; open            ; open  ; 0 V                 ; -                  ; n/a           ; n/a             ; n/a         ;
; HEX2[5]       ; 3.3-V LVTTL  ; 0 in              ; 0 H/in                  ; 0 F/in                  ; short         ; -                   ; open           ; open             ; open   ; 0 in             ; 0 H/in                 ; 0 F/in                 ; short        ; open          ; open            ; open  ; 0 V                 ; -                  ; n/a           ; n/a             ; n/a         ;
; HEX2[6]       ; 3.3-V LVTTL  ; 0 in              ; 0 H/in                  ; 0 F/in                  ; short         ; -                   ; open           ; open             ; open   ; 0 in             ; 0 H/in                 ; 0 F/in                 ; short        ; open          ; open            ; open  ; 0 V                 ; -                  ; n/a           ; n/a             ; n/a         ;
; HEX3[0]       ; 3.3-V LVTTL  ; 0 in              ; 0 H/in                  ; 0 F/in                  ; short         ; -                   ; open           ; open             ; open   ; 0 in             ; 0 H/in                 ; 0 F/in                 ; short        ; open          ; open            ; open  ; 0 V                 ; -                  ; n/a           ; n/a             ; n/a         ;
; HEX3[1]       ; 3.3-V LVTTL  ; 0 in              ; 0 H/in                  ; 0 F/in                  ; short         ; -                   ; open           ; open             ; open   ; 0 in             ; 0 H/in                 ; 0 F/in                 ; short        ; open          ; open            ; open  ; 0 V                 ; -                  ; n/a           ; n/a             ; n/a         ;
; HEX3[2]       ; 3.3-V LVTTL  ; 0 in              ; 0 H/in                  ; 0 F/in                  ; short         ; -                   ; open           ; open             ; open   ; 0 in             ; 0 H/in                 ; 0 F/in                 ; short        ; open          ; open            ; open  ; 0 V                 ; -                  ; n/a           ; n/a             ; n/a         ;
; HEX3[3]       ; 3.3-V LVTTL  ; 0 in              ; 0 H/in                  ; 0 F/in                  ; short         ; -                   ; open           ; open             ; open   ; 0 in             ; 0 H/in                 ; 0 F/in                 ; short        ; open          ; open            ; open  ; 0 V                 ; -                  ; n/a           ; n/a             ; n/a         ;
; HEX3[4]       ; 3.3-V LVTTL  ; 0 in              ; 0 H/in                  ; 0 F/in                  ; short         ; -                   ; open           ; open             ; open   ; 0 in             ; 0 H/in                 ; 0 F/in                 ; short        ; open          ; open            ; open  ; 0 V                 ; -                  ; n/a           ; n/a             ; n/a         ;
; HEX3[5]       ; 3.3-V LVTTL  ; 0 in              ; 0 H/in                  ; 0 F/in                  ; short         ; -                   ; open           ; open             ; open   ; 0 in             ; 0 H/in                 ; 0 F/in                 ; short        ; open          ; open            ; open  ; 0 V                 ; -                  ; n/a           ; n/a             ; n/a         ;
; HEX3[6]       ; 3.3-V LVTTL  ; 0 in              ; 0 H/in                  ; 0 F/in                  ; short         ; -                   ; open           ; open             ; open   ; 0 in             ; 0 H/in                 ; 0 F/in                 ; short        ; open          ; open            ; open  ; 0 V                 ; -                  ; n/a           ; n/a             ; n/a         ;
; HEX4[0]       ; 3.3-V LVTTL  ; 0 in              ; 0 H/in                  ; 0 F/in                  ; short         ; -                   ; open           ; open             ; open   ; 0 in             ; 0 H/in                 ; 0 F/in                 ; short        ; open          ; open            ; open  ; 0 V                 ; -                  ; n/a           ; n/a             ; n/a         ;
; HEX4[1]       ; 3.3-V LVTTL  ; 0 in              ; 0 H/in                  ; 0 F/in                  ; short         ; -                   ; open           ; open             ; open   ; 0 in             ; 0 H/in                 ; 0 F/in                 ; short        ; open          ; open            ; open  ; 0 V                 ; -                  ; n/a           ; n/a             ; n/a         ;
; HEX4[2]       ; 3.3-V LVTTL  ; 0 in              ; 0 H/in                  ; 0 F/in                  ; short         ; -                   ; open           ; open             ; open   ; 0 in             ; 0 H/in                 ; 0 F/in                 ; short        ; open          ; open            ; open  ; 0 V                 ; -                  ; n/a           ; n/a             ; n/a         ;
; HEX4[3]       ; 3.3-V LVTTL  ; 0 in              ; 0 H/in                  ; 0 F/in                  ; short         ; -                   ; open           ; open             ; open   ; 0 in             ; 0 H/in                 ; 0 F/in                 ; short        ; open          ; open            ; open  ; 0 V                 ; -                  ; n/a           ; n/a             ; n/a         ;
; HEX4[4]       ; 3.3-V LVTTL  ; 0 in              ; 0 H/in                  ; 0 F/in                  ; short         ; -                   ; open           ; open             ; open   ; 0 in             ; 0 H/in                 ; 0 F/in                 ; short        ; open          ; open            ; open  ; 0 V                 ; -                  ; n/a           ; n/a             ; n/a         ;
; HEX4[5]       ; 3.3-V LVTTL  ; 0 in              ; 0 H/in                  ; 0 F/in                  ; short         ; -                   ; open           ; open             ; open   ; 0 in             ; 0 H/in                 ; 0 F/in                 ; short        ; open          ; open            ; open  ; 0 V                 ; -                  ; n/a           ; n/a             ; n/a         ;
; HEX4[6]       ; 3.3-V LVTTL  ; 0 in              ; 0 H/in                  ; 0 F/in                  ; short         ; -                   ; open           ; open             ; open   ; 0 in             ; 0 H/in                 ; 0 F/in                 ; short        ; open          ; open            ; open  ; 0 V                 ; -                  ; n/a           ; n/a             ; n/a         ;
; HEX5[0]       ; 3.3-V LVTTL  ; 0 in              ; 0 H/in                  ; 0 F/in                  ; short         ; -                   ; open           ; open             ; open   ; 0 in             ; 0 H/in                 ; 0 F/in                 ; short        ; open          ; open            ; open  ; 0 V                 ; -                  ; n/a           ; n/a             ; n/a         ;
; HEX5[1]       ; 3.3-V LVTTL  ; 0 in              ; 0 H/in                  ; 0 F/in                  ; short         ; -                   ; open           ; open             ; open   ; 0 in             ; 0 H/in                 ; 0 F/in                 ; short        ; open          ; open            ; open  ; 0 V                 ; -                  ; n/a           ; n/a             ; n/a         ;
; HEX5[2]       ; 3.3-V LVTTL  ; 0 in              ; 0 H/in                  ; 0 F/in                  ; short         ; -                   ; open           ; open             ; open   ; 0 in             ; 0 H/in                 ; 0 F/in                 ; short        ; open          ; open            ; open  ; 0 V                 ; -                  ; n/a           ; n/a             ; n/a         ;
; HEX5[3]       ; 3.3-V LVTTL  ; 0 in              ; 0 H/in                  ; 0 F/in                  ; short         ; -                   ; open           ; open             ; open   ; 0 in             ; 0 H/in                 ; 0 F/in                 ; short        ; open          ; open            ; open  ; 0 V                 ; -                  ; n/a           ; n/a             ; n/a         ;
; HEX5[4]       ; 3.3-V LVTTL  ; 0 in              ; 0 H/in                  ; 0 F/in                  ; short         ; -                   ; open           ; open             ; open   ; 0 in             ; 0 H/in                 ; 0 F/in                 ; short        ; open          ; open            ; open  ; 0 V                 ; -                  ; n/a           ; n/a             ; n/a         ;
; HEX5[5]       ; 3.3-V LVTTL  ; 0 in              ; 0 H/in                  ; 0 F/in                  ; short         ; -                   ; open           ; open             ; open   ; 0 in             ; 0 H/in                 ; 0 F/in                 ; short        ; open          ; open            ; open  ; 0 V                 ; -                  ; n/a           ; n/a             ; n/a         ;
; HEX5[6]       ; 3.3-V LVTTL  ; 0 in              ; 0 H/in                  ; 0 F/in                  ; short         ; -                   ; open           ; open             ; open   ; 0 in             ; 0 H/in                 ; 0 F/in                 ; short        ; open          ; open            ; open  ; 0 V                 ; -                  ; n/a           ; n/a             ; n/a         ;
; HEX6[0]       ; 3.3-V LVTTL  ; 0 in              ; 0 H/in                  ; 0 F/in                  ; short         ; -                   ; open           ; open             ; open   ; 0 in             ; 0 H/in                 ; 0 F/in                 ; short        ; open          ; open            ; open  ; 0 V                 ; -                  ; n/a           ; n/a             ; n/a         ;
; HEX6[1]       ; 3.3-V LVTTL  ; 0 in              ; 0 H/in                  ; 0 F/in                  ; short         ; -                   ; open           ; open             ; open   ; 0 in             ; 0 H/in                 ; 0 F/in                 ; short        ; open          ; open            ; open  ; 0 V                 ; -                  ; n/a           ; n/a             ; n/a         ;
; HEX6[2]       ; 3.3-V LVTTL  ; 0 in              ; 0 H/in                  ; 0 F/in                  ; short         ; -                   ; open           ; open             ; open   ; 0 in             ; 0 H/in                 ; 0 F/in                 ; short        ; open          ; open            ; open  ; 0 V                 ; -                  ; n/a           ; n/a             ; n/a         ;
; HEX6[3]       ; 3.3-V LVTTL  ; 0 in              ; 0 H/in                  ; 0 F/in                  ; short         ; -                   ; open           ; open             ; open   ; 0 in             ; 0 H/in                 ; 0 F/in                 ; short        ; open          ; open            ; open  ; 0 V                 ; -                  ; n/a           ; n/a             ; n/a         ;
; HEX6[4]       ; 3.3-V LVTTL  ; 0 in              ; 0 H/in                  ; 0 F/in                  ; short         ; -                   ; open           ; open             ; open   ; 0 in             ; 0 H/in                 ; 0 F/in                 ; short        ; open          ; open            ; open  ; 0 V                 ; -                  ; n/a           ; n/a             ; n/a         ;
; HEX6[5]       ; 3.3-V LVTTL  ; 0 in              ; 0 H/in                  ; 0 F/in                  ; short         ; -                   ; open           ; open             ; open   ; 0 in             ; 0 H/in                 ; 0 F/in                 ; short        ; open          ; open            ; open  ; 0 V                 ; -                  ; n/a           ; n/a             ; n/a         ;
; HEX6[6]       ; 3.3-V LVTTL  ; 0 in              ; 0 H/in                  ; 0 F/in                  ; short         ; -                   ; open           ; open             ; open   ; 0 in             ; 0 H/in                 ; 0 F/in                 ; short        ; open          ; open            ; open  ; 0 V                 ; -                  ; n/a           ; n/a             ; n/a         ;
; HEX7[0]       ; 3.3-V LVTTL  ; 0 in              ; 0 H/in                  ; 0 F/in                  ; short         ; -                   ; open           ; open             ; open   ; 0 in             ; 0 H/in                 ; 0 F/in                 ; short        ; open          ; open            ; open  ; 0 V                 ; -                  ; n/a           ; n/a             ; n/a         ;
; HEX7[1]       ; 3.3-V LVTTL  ; 0 in              ; 0 H/in                  ; 0 F/in                  ; short         ; -                   ; open           ; open             ; open   ; 0 in             ; 0 H/in                 ; 0 F/in                 ; short        ; open          ; open            ; open  ; 0 V                 ; -                  ; n/a           ; n/a             ; n/a         ;
; HEX7[2]       ; 3.3-V LVTTL  ; 0 in              ; 0 H/in                  ; 0 F/in                  ; short         ; -                   ; open           ; open             ; open   ; 0 in             ; 0 H/in                 ; 0 F/in                 ; short        ; open          ; open            ; open  ; 0 V                 ; -                  ; n/a           ; n/a             ; n/a         ;
; HEX7[3]       ; 3.3-V LVTTL  ; 0 in              ; 0 H/in                  ; 0 F/in                  ; short         ; -                   ; open           ; open             ; open   ; 0 in             ; 0 H/in                 ; 0 F/in                 ; short        ; open          ; open            ; open  ; 0 V                 ; -                  ; n/a           ; n/a             ; n/a         ;
; HEX7[4]       ; 3.3-V LVTTL  ; 0 in              ; 0 H/in                  ; 0 F/in                  ; short         ; -                   ; open           ; open             ; open   ; 0 in             ; 0 H/in                 ; 0 F/in                 ; short        ; open          ; open            ; open  ; 0 V                 ; -                  ; n/a           ; n/a             ; n/a         ;
; HEX7[5]       ; 3.3-V LVTTL  ; 0 in              ; 0 H/in                  ; 0 F/in                  ; short         ; -                   ; open           ; open             ; open   ; 0 in             ; 0 H/in                 ; 0 F/in                 ; short        ; open          ; open            ; open  ; 0 V                 ; -                  ; n/a           ; n/a             ; n/a         ;
; HEX7[6]       ; 3.3-V LVTTL  ; 0 in              ; 0 H/in                  ; 0 F/in                  ; short         ; -                   ; open           ; open             ; open   ; 0 in             ; 0 H/in                 ; 0 F/in                 ; short        ; open          ; open            ; open  ; 0 V                 ; -                  ; n/a           ; n/a             ; n/a         ;
; ~ALTERA_DCLK~ ; 3.3-V LVTTL  ; 0 in              ; 0 H/in                  ; 0 F/in                  ; short         ; -                   ; open           ; open             ; open   ; 0 in             ; 0 H/in                 ; 0 F/in                 ; short        ; open          ; open            ; open  ; 0 V                 ; -                  ; n/a           ; n/a             ; n/a         ;
; ~ALTERA_nCEO~ ; 3.3-V LVTTL  ; 0 in              ; 0 H/in                  ; 0 F/in                  ; short         ; -                   ; open           ; open             ; open   ; 0 in             ; 0 H/in                 ; 0 F/in                 ; short        ; open          ; open            ; open  ; 0 V                 ; -                  ; n/a           ; n/a             ; n/a         ;
+---------------+--------------+-------------------+-------------------------+-------------------------+---------------+---------------------+----------------+------------------+--------+------------------+------------------------+------------------------+--------------+---------------+-----------------+-------+---------------------+--------------------+---------------+-----------------+-------------+


+----------------------------------------------------------------------------+
; Input Transition Times                                                     ;
+-------------------------+--------------+-----------------+-----------------+
; Pin                     ; I/O Standard ; 10-90 Rise Time ; 90-10 Fall Time ;
+-------------------------+--------------+-----------------+-----------------+
; CLOCK2_50               ; 3.3-V LVTTL  ; 2640 ps         ; 2640 ps         ;
; CLOCK3_50               ; 3.3-V LVTTL  ; 2640 ps         ; 2640 ps         ;
; KEY[1]                  ; 3.3-V LVTTL  ; 2640 ps         ; 2640 ps         ;
; KEY[2]                  ; 3.3-V LVTTL  ; 2640 ps         ; 2640 ps         ;
; KEY[3]                  ; 3.3-V LVTTL  ; 2640 ps         ; 2640 ps         ;
; KEY[0]                  ; 3.3-V LVTTL  ; 2640 ps         ; 2640 ps         ;
; CLOCK_50                ; 3.3-V LVTTL  ; 2640 ps         ; 2640 ps         ;
; SW[0]                   ; 3.3-V LVTTL  ; 2640 ps         ; 2640 ps         ;
; SW[1]                   ; 3.3-V LVTTL  ; 2640 ps         ; 2640 ps         ;
; SW[2]                   ; 3.3-V LVTTL  ; 2640 ps         ; 2640 ps         ;
; SW[3]                   ; 3.3-V LVTTL  ; 2640 ps         ; 2640 ps         ;
; SW[4]                   ; 3.3-V LVTTL  ; 2640 ps         ; 2640 ps         ;
; SW[5]                   ; 3.3-V LVTTL  ; 2640 ps         ; 2640 ps         ;
; SW[6]                   ; 3.3-V LVTTL  ; 2640 ps         ; 2640 ps         ;
; SW[7]                   ; 3.3-V LVTTL  ; 2640 ps         ; 2640 ps         ;
; SW[8]                   ; 3.3-V LVTTL  ; 2640 ps         ; 2640 ps         ;
; SW[9]                   ; 3.3-V LVTTL  ; 2640 ps         ; 2640 ps         ;
; SW[10]                  ; 3.3-V LVTTL  ; 2640 ps         ; 2640 ps         ;
; SW[11]                  ; 3.3-V LVTTL  ; 2640 ps         ; 2640 ps         ;
; SW[12]                  ; 3.3-V LVTTL  ; 2640 ps         ; 2640 ps         ;
; SW[13]                  ; 3.3-V LVTTL  ; 2640 ps         ; 2640 ps         ;
; SW[14]                  ; 3.3-V LVTTL  ; 2640 ps         ; 2640 ps         ;
; SW[15]                  ; 3.3-V LVTTL  ; 2640 ps         ; 2640 ps         ;
; SW[16]                  ; 3.3-V LVTTL  ; 2640 ps         ; 2640 ps         ;
; SW[17]                  ; 3.3-V LVTTL  ; 2640 ps         ; 2640 ps         ;
; ~ALTERA_ASDO_DATA1~     ; 3.3-V LVTTL  ; 2640 ps         ; 2640 ps         ;
; ~ALTERA_FLASH_nCE_nCSO~ ; 3.3-V LVTTL  ; 2640 ps         ; 2640 ps         ;
; ~ALTERA_DATA0~          ; 3.3-V LVTTL  ; 2640 ps         ; 2640 ps         ;
+-------------------------+--------------+-----------------+-----------------+


+--------------------------------------------------------------------------------------------------------------------------------------------------------------------------------------------------------------------------------------------------------------------------------------------------------------------------------------------------------------------------------------------------------------------------------------------------------------------------------------------------------------------------------------------------------------------------------------------------------------------------------------------------------------------------------------------+
; Signal Integrity Metrics (Slow 1200mv 0c Model)                                                                                                                                                                                                                                                                                                                                                                                                                                                                                                                                                                                                                                            ;
+---------------+--------------+---------------------+---------------------+------------------------------+------------------------------+---------------------+---------------------+--------------------------------------+--------------------------------------+-----------------------------+-----------------------------+----------------------------+----------------------------+-----------------------------+-----------------------------+--------------------+--------------------+-------------------------------------+-------------------------------------+----------------------------+----------------------------+---------------------------+---------------------------+
; Pin           ; I/O Standard ; Board Delay on Rise ; Board Delay on Fall ; Steady State Voh at FPGA Pin ; Steady State Vol at FPGA Pin ; Voh Max at FPGA Pin ; Vol Min at FPGA Pin ; Ringback Voltage on Rise at FPGA Pin ; Ringback Voltage on Fall at FPGA Pin ; 10-90 Rise Time at FPGA Pin ; 90-10 Fall Time at FPGA Pin ; Monotonic Rise at FPGA Pin ; Monotonic Fall at FPGA Pin ; Steady State Voh at Far-end ; Steady State Vol at Far-end ; Voh Max at Far-end ; Vol Min at Far-end ; Ringback Voltage on Rise at Far-end ; Ringback Voltage on Fall at Far-end ; 10-90 Rise Time at Far-end ; 90-10 Fall Time at Far-end ; Monotonic Rise at Far-end ; Monotonic Fall at Far-end ;
+---------------+--------------+---------------------+---------------------+------------------------------+------------------------------+---------------------+---------------------+--------------------------------------+--------------------------------------+-----------------------------+-----------------------------+----------------------------+----------------------------+-----------------------------+-----------------------------+--------------------+--------------------+-------------------------------------+-------------------------------------+----------------------------+----------------------------+---------------------------+---------------------------+
; HEX0[0]       ; 2.5 V        ; 0 s                 ; 0 s                 ; 2.32 V                       ; 4.49e-09 V                   ; 2.38 V              ; -0.00552 V          ; 0.096 V                              ; 0.019 V                              ; 4.18e-10 s                  ; 3.59e-10 s                  ; No                         ; Yes                        ; 2.32 V                      ; 4.49e-09 V                  ; 2.38 V             ; -0.00552 V         ; 0.096 V                             ; 0.019 V                             ; 4.18e-10 s                 ; 3.59e-10 s                 ; No                        ; Yes                       ;
; HEX0[1]       ; 2.5 V        ; 0 s                 ; 0 s                 ; 2.32 V                       ; 4.49e-09 V                   ; 2.33 V              ; -0.00467 V          ; 0.226 V                              ; 0.087 V                              ; 2.91e-09 s                  ; 2.74e-09 s                  ; Yes                        ; Yes                        ; 2.32 V                      ; 4.49e-09 V                  ; 2.33 V             ; -0.00467 V         ; 0.226 V                             ; 0.087 V                             ; 2.91e-09 s                 ; 2.74e-09 s                 ; Yes                       ; Yes                       ;
; HEX0[2]       ; 2.5 V        ; 0 s                 ; 0 s                 ; 2.32 V                       ; 4.49e-09 V                   ; 2.38 V              ; -0.00552 V          ; 0.096 V                              ; 0.019 V                              ; 4.18e-10 s                  ; 3.59e-10 s                  ; No                         ; Yes                        ; 2.32 V                      ; 4.49e-09 V                  ; 2.38 V             ; -0.00552 V         ; 0.096 V                             ; 0.019 V                             ; 4.18e-10 s                 ; 3.59e-10 s                 ; No                        ; Yes                       ;
; HEX0[3]       ; 3.3-V LVTTL  ; 0 s                 ; 0 s                 ; 3.08 V                       ; 1.11e-08 V                   ; 3.14 V              ; -0.118 V            ; 0.311 V                              ; 0.245 V                              ; 5.04e-10 s                  ; 4.36e-10 s                  ; No                         ; No                         ; 3.08 V                      ; 1.11e-08 V                  ; 3.14 V             ; -0.118 V           ; 0.311 V                             ; 0.245 V                             ; 5.04e-10 s                 ; 4.36e-10 s                 ; No                        ; No                        ;
; HEX0[4]       ; 3.3-V LVTTL  ; 0 s                 ; 0 s                 ; 3.08 V                       ; 1.11e-08 V                   ; 3.14 V              ; -0.118 V            ; 0.311 V                              ; 0.245 V                              ; 5.04e-10 s                  ; 4.36e-10 s                  ; No                         ; No                         ; 3.08 V                      ; 1.11e-08 V                  ; 3.14 V             ; -0.118 V           ; 0.311 V                             ; 0.245 V                             ; 5.04e-10 s                 ; 4.36e-10 s                 ; No                        ; No                        ;
; HEX0[5]       ; 3.3-V LVTTL  ; 0 s                 ; 0 s                 ; 3.08 V                       ; 1.11e-08 V                   ; 3.09 V              ; -0.0117 V           ; 0.268 V                              ; 0.262 V                              ; 4.74e-09 s                  ; 3.5e-09 s                   ; No                         ; No                         ; 3.08 V                      ; 1.11e-08 V                  ; 3.09 V             ; -0.0117 V          ; 0.268 V                             ; 0.262 V                             ; 4.74e-09 s                 ; 3.5e-09 s                  ; No                        ; No                        ;
; HEX0[6]       ; 3.3-V LVTTL  ; 0 s                 ; 0 s                 ; 3.08 V                       ; 1.11e-08 V                   ; 3.14 V              ; -0.118 V            ; 0.311 V                              ; 0.245 V                              ; 5.04e-10 s                  ; 4.36e-10 s                  ; No                         ; No                         ; 3.08 V                      ; 1.11e-08 V                  ; 3.14 V             ; -0.118 V           ; 0.311 V                             ; 0.245 V                             ; 5.04e-10 s                 ; 4.36e-10 s                 ; No                        ; No                        ;
; HEX1[0]       ; 3.3-V LVTTL  ; 0 s                 ; 0 s                 ; 3.08 V                       ; 1.11e-08 V                   ; 3.14 V              ; -0.118 V            ; 0.311 V                              ; 0.245 V                              ; 5.04e-10 s                  ; 4.36e-10 s                  ; No                         ; No                         ; 3.08 V                      ; 1.11e-08 V                  ; 3.14 V             ; -0.118 V           ; 0.311 V                             ; 0.245 V                             ; 5.04e-10 s                 ; 4.36e-10 s                 ; No                        ; No                        ;
; HEX1[1]       ; 3.3-V LVTTL  ; 0 s                 ; 0 s                 ; 3.08 V                       ; 1.11e-08 V                   ; 3.13 V              ; -0.0798 V           ; 0.192 V                              ; 0.22 V                               ; 8.68e-10 s                  ; 6.46e-10 s                  ; No                         ; No                         ; 3.08 V                      ; 1.11e-08 V                  ; 3.13 V             ; -0.0798 V          ; 0.192 V                             ; 0.22 V                              ; 8.68e-10 s                 ; 6.46e-10 s                 ; No                        ; No                        ;
; HEX1[2]       ; 3.3-V LVTTL  ; 0 s                 ; 0 s                 ; 3.08 V                       ; 1.11e-08 V                   ; 3.13 V              ; -0.0798 V           ; 0.192 V                              ; 0.22 V                               ; 8.68e-10 s                  ; 6.46e-10 s                  ; No                         ; No                         ; 3.08 V                      ; 1.11e-08 V                  ; 3.13 V             ; -0.0798 V          ; 0.192 V                             ; 0.22 V                              ; 8.68e-10 s                 ; 6.46e-10 s                 ; No                        ; No                        ;
; HEX1[3]       ; 3.3-V LVTTL  ; 0 s                 ; 0 s                 ; 3.08 V                       ; 1.11e-08 V                   ; 3.13 V              ; -0.0798 V           ; 0.192 V                              ; 0.22 V                               ; 8.68e-10 s                  ; 6.46e-10 s                  ; No                         ; No                         ; 3.08 V                      ; 1.11e-08 V                  ; 3.13 V             ; -0.0798 V          ; 0.192 V                             ; 0.22 V                              ; 8.68e-10 s                 ; 6.46e-10 s                 ; No                        ; No                        ;
; HEX1[4]       ; 3.3-V LVTTL  ; 0 s                 ; 0 s                 ; 3.08 V                       ; 1.11e-08 V                   ; 3.13 V              ; -0.0798 V           ; 0.192 V                              ; 0.22 V                               ; 8.68e-10 s                  ; 6.46e-10 s                  ; No                         ; No                         ; 3.08 V                      ; 1.11e-08 V                  ; 3.13 V             ; -0.0798 V          ; 0.192 V                             ; 0.22 V                              ; 8.68e-10 s                 ; 6.46e-10 s                 ; No                        ; No                        ;
; HEX1[5]       ; 3.3-V LVTTL  ; 0 s                 ; 0 s                 ; 3.08 V                       ; 1.11e-08 V                   ; 3.09 V              ; -0.0117 V           ; 0.268 V                              ; 0.262 V                              ; 4.74e-09 s                  ; 3.5e-09 s                   ; No                         ; No                         ; 3.08 V                      ; 1.11e-08 V                  ; 3.09 V             ; -0.0117 V          ; 0.268 V                             ; 0.262 V                             ; 4.74e-09 s                 ; 3.5e-09 s                  ; No                        ; No                        ;
; HEX1[6]       ; 3.3-V LVTTL  ; 0 s                 ; 0 s                 ; 3.08 V                       ; 1.11e-08 V                   ; 3.09 V              ; -0.0117 V           ; 0.268 V                              ; 0.262 V                              ; 4.74e-09 s                  ; 3.5e-09 s                   ; No                         ; No                         ; 3.08 V                      ; 1.11e-08 V                  ; 3.09 V             ; -0.0117 V          ; 0.268 V                             ; 0.262 V                             ; 4.74e-09 s                 ; 3.5e-09 s                  ; No                        ; No                        ;
; HEX2[0]       ; 3.3-V LVTTL  ; 0 s                 ; 0 s                 ; 3.08 V                       ; 1.11e-08 V                   ; 3.13 V              ; -0.0798 V           ; 0.192 V                              ; 0.22 V                               ; 8.68e-10 s                  ; 6.46e-10 s                  ; No                         ; No                         ; 3.08 V                      ; 1.11e-08 V                  ; 3.13 V             ; -0.0798 V          ; 0.192 V                             ; 0.22 V                              ; 8.68e-10 s                 ; 6.46e-10 s                 ; No                        ; No                        ;
; HEX2[1]       ; 3.3-V LVTTL  ; 0 s                 ; 0 s                 ; 3.08 V                       ; 1.11e-08 V                   ; 3.13 V              ; -0.0798 V           ; 0.192 V                              ; 0.22 V                               ; 8.68e-10 s                  ; 6.46e-10 s                  ; No                         ; No                         ; 3.08 V                      ; 1.11e-08 V                  ; 3.13 V             ; -0.0798 V          ; 0.192 V                             ; 0.22 V                              ; 8.68e-10 s                 ; 6.46e-10 s                 ; No                        ; No                        ;
; HEX2[2]       ; 3.3-V LVTTL  ; 0 s                 ; 0 s                 ; 3.08 V                       ; 1.11e-08 V                   ; 3.13 V              ; -0.0798 V           ; 0.192 V                              ; 0.22 V                               ; 8.68e-10 s                  ; 6.46e-10 s                  ; No                         ; No                         ; 3.08 V                      ; 1.11e-08 V                  ; 3.13 V             ; -0.0798 V          ; 0.192 V                             ; 0.22 V                              ; 8.68e-10 s                 ; 6.46e-10 s                 ; No                        ; No                        ;
; HEX2[3]       ; 3.3-V LVTTL  ; 0 s                 ; 0 s                 ; 3.08 V                       ; 1.11e-08 V                   ; 3.13 V              ; -0.0798 V           ; 0.192 V                              ; 0.22 V                               ; 8.68e-10 s                  ; 6.46e-10 s                  ; No                         ; No                         ; 3.08 V                      ; 1.11e-08 V                  ; 3.13 V             ; -0.0798 V          ; 0.192 V                             ; 0.22 V                              ; 8.68e-10 s                 ; 6.46e-10 s                 ; No                        ; No                        ;
; HEX2[4]       ; 3.3-V LVTTL  ; 0 s                 ; 0 s                 ; 3.08 V                       ; 1.11e-08 V                   ; 3.13 V              ; -0.0798 V           ; 0.192 V                              ; 0.22 V                               ; 8.68e-10 s                  ; 6.46e-10 s                  ; No                         ; No                         ; 3.08 V                      ; 1.11e-08 V                  ; 3.13 V             ; -0.0798 V          ; 0.192 V                             ; 0.22 V                              ; 8.68e-10 s                 ; 6.46e-10 s                 ; No                        ; No                        ;
; HEX2[5]       ; 3.3-V LVTTL  ; 0 s                 ; 0 s                 ; 3.08 V                       ; 1.11e-08 V                   ; 3.13 V              ; -0.0798 V           ; 0.192 V                              ; 0.22 V                               ; 8.68e-10 s                  ; 6.46e-10 s                  ; No                         ; No                         ; 3.08 V                      ; 1.11e-08 V                  ; 3.13 V             ; -0.0798 V          ; 0.192 V                             ; 0.22 V                              ; 8.68e-10 s                 ; 6.46e-10 s                 ; No                        ; No                        ;
; HEX2[6]       ; 3.3-V LVTTL  ; 0 s                 ; 0 s                 ; 3.08 V                       ; 1.11e-08 V                   ; 3.13 V              ; -0.0798 V           ; 0.192 V                              ; 0.22 V                               ; 8.68e-10 s                  ; 6.46e-10 s                  ; No                         ; No                         ; 3.08 V                      ; 1.11e-08 V                  ; 3.13 V             ; -0.0798 V          ; 0.192 V                             ; 0.22 V                              ; 8.68e-10 s                 ; 6.46e-10 s                 ; No                        ; No                        ;
; HEX3[0]       ; 3.3-V LVTTL  ; 0 s                 ; 0 s                 ; 3.08 V                       ; 1.11e-08 V                   ; 3.13 V              ; -0.0798 V           ; 0.192 V                              ; 0.22 V                               ; 8.68e-10 s                  ; 6.46e-10 s                  ; No                         ; No                         ; 3.08 V                      ; 1.11e-08 V                  ; 3.13 V             ; -0.0798 V          ; 0.192 V                             ; 0.22 V                              ; 8.68e-10 s                 ; 6.46e-10 s                 ; No                        ; No                        ;
; HEX3[1]       ; 3.3-V LVTTL  ; 0 s                 ; 0 s                 ; 3.08 V                       ; 1.11e-08 V                   ; 3.14 V              ; -0.118 V            ; 0.311 V                              ; 0.245 V                              ; 5.04e-10 s                  ; 4.36e-10 s                  ; No                         ; No                         ; 3.08 V                      ; 1.11e-08 V                  ; 3.14 V             ; -0.118 V           ; 0.311 V                             ; 0.245 V                             ; 5.04e-10 s                 ; 4.36e-10 s                 ; No                        ; No                        ;
; HEX3[2]       ; 3.3-V LVTTL  ; 0 s                 ; 0 s                 ; 3.08 V                       ; 1.58e-08 V                   ; 3.09 V              ; -0.012 V            ; 0.232 V                              ; 0.268 V                              ; 4.75e-09 s                  ; 3.5e-09 s                   ; Yes                        ; No                         ; 3.08 V                      ; 1.58e-08 V                  ; 3.09 V             ; -0.012 V           ; 0.232 V                             ; 0.268 V                             ; 4.75e-09 s                 ; 3.5e-09 s                  ; Yes                       ; No                        ;
; HEX3[3]       ; 3.3-V LVTTL  ; 0 s                 ; 0 s                 ; 3.08 V                       ; 1.58e-08 V                   ; 3.13 V              ; -0.117 V            ; 0.143 V                              ; 0.259 V                              ; 6.22e-10 s                  ; 4.46e-10 s                  ; No                         ; No                         ; 3.08 V                      ; 1.58e-08 V                  ; 3.13 V             ; -0.117 V           ; 0.143 V                             ; 0.259 V                             ; 6.22e-10 s                 ; 4.46e-10 s                 ; No                        ; No                        ;
; HEX3[4]       ; 3.3-V LVTTL  ; 0 s                 ; 0 s                 ; 3.08 V                       ; 1.58e-08 V                   ; 3.13 V              ; -0.117 V            ; 0.143 V                              ; 0.259 V                              ; 6.22e-10 s                  ; 4.46e-10 s                  ; No                         ; No                         ; 3.08 V                      ; 1.58e-08 V                  ; 3.13 V             ; -0.117 V           ; 0.143 V                             ; 0.259 V                             ; 6.22e-10 s                 ; 4.46e-10 s                 ; No                        ; No                        ;
; HEX3[5]       ; 3.3-V LVTTL  ; 0 s                 ; 0 s                 ; 3.08 V                       ; 1.58e-08 V                   ; 3.13 V              ; -0.117 V            ; 0.143 V                              ; 0.259 V                              ; 6.22e-10 s                  ; 4.46e-10 s                  ; No                         ; No                         ; 3.08 V                      ; 1.58e-08 V                  ; 3.13 V             ; -0.117 V           ; 0.143 V                             ; 0.259 V                             ; 6.22e-10 s                 ; 4.46e-10 s                 ; No                        ; No                        ;
; HEX3[6]       ; 3.3-V LVTTL  ; 0 s                 ; 0 s                 ; 3.08 V                       ; 1.58e-08 V                   ; 3.13 V              ; -0.117 V            ; 0.143 V                              ; 0.259 V                              ; 6.22e-10 s                  ; 4.46e-10 s                  ; No                         ; No                         ; 3.08 V                      ; 1.58e-08 V                  ; 3.13 V             ; -0.117 V           ; 0.143 V                             ; 0.259 V                             ; 6.22e-10 s                 ; 4.46e-10 s                 ; No                        ; No                        ;
; HEX4[0]       ; 3.3-V LVTTL  ; 0 s                 ; 0 s                 ; 3.08 V                       ; 1.58e-08 V                   ; 3.13 V              ; -0.117 V            ; 0.143 V                              ; 0.259 V                              ; 6.22e-10 s                  ; 4.46e-10 s                  ; No                         ; No                         ; 3.08 V                      ; 1.58e-08 V                  ; 3.13 V             ; -0.117 V           ; 0.143 V                             ; 0.259 V                             ; 6.22e-10 s                 ; 4.46e-10 s                 ; No                        ; No                        ;
; HEX4[1]       ; 3.3-V LVTTL  ; 0 s                 ; 0 s                 ; 3.08 V                       ; 1.58e-08 V                   ; 3.13 V              ; -0.117 V            ; 0.143 V                              ; 0.259 V                              ; 6.22e-10 s                  ; 4.46e-10 s                  ; No                         ; No                         ; 3.08 V                      ; 1.58e-08 V                  ; 3.13 V             ; -0.117 V           ; 0.143 V                             ; 0.259 V                             ; 6.22e-10 s                 ; 4.46e-10 s                 ; No                        ; No                        ;
; HEX4[2]       ; 3.3-V LVTTL  ; 0 s                 ; 0 s                 ; 3.08 V                       ; 1.58e-08 V                   ; 3.13 V              ; -0.117 V            ; 0.143 V                              ; 0.259 V                              ; 6.22e-10 s                  ; 4.46e-10 s                  ; No                         ; No                         ; 3.08 V                      ; 1.58e-08 V                  ; 3.13 V             ; -0.117 V           ; 0.143 V                             ; 0.259 V                             ; 6.22e-10 s                 ; 4.46e-10 s                 ; No                        ; No                        ;
; HEX4[3]       ; 3.3-V LVTTL  ; 0 s                 ; 0 s                 ; 3.08 V                       ; 1.58e-08 V                   ; 3.13 V              ; -0.117 V            ; 0.143 V                              ; 0.259 V                              ; 6.22e-10 s                  ; 4.46e-10 s                  ; No                         ; No                         ; 3.08 V                      ; 1.58e-08 V                  ; 3.13 V             ; -0.117 V           ; 0.143 V                             ; 0.259 V                             ; 6.22e-10 s                 ; 4.46e-10 s                 ; No                        ; No                        ;
; HEX4[4]       ; 3.3-V LVTTL  ; 0 s                 ; 0 s                 ; 3.08 V                       ; 1.58e-08 V                   ; 3.13 V              ; -0.117 V            ; 0.143 V                              ; 0.259 V                              ; 6.22e-10 s                  ; 4.46e-10 s                  ; No                         ; No                         ; 3.08 V                      ; 1.58e-08 V                  ; 3.13 V             ; -0.117 V           ; 0.143 V                             ; 0.259 V                             ; 6.22e-10 s                 ; 4.46e-10 s                 ; No                        ; No                        ;
; HEX4[5]       ; 3.3-V LVTTL  ; 0 s                 ; 0 s                 ; 3.08 V                       ; 1.58e-08 V                   ; 3.13 V              ; -0.117 V            ; 0.143 V                              ; 0.259 V                              ; 6.22e-10 s                  ; 4.46e-10 s                  ; No                         ; No                         ; 3.08 V                      ; 1.58e-08 V                  ; 3.13 V             ; -0.117 V           ; 0.143 V                             ; 0.259 V                             ; 6.22e-10 s                 ; 4.46e-10 s                 ; No                        ; No                        ;
; HEX4[6]       ; 3.3-V LVTTL  ; 0 s                 ; 0 s                 ; 3.08 V                       ; 1.58e-08 V                   ; 3.13 V              ; -0.117 V            ; 0.143 V                              ; 0.259 V                              ; 6.22e-10 s                  ; 4.46e-10 s                  ; No                         ; No                         ; 3.08 V                      ; 1.58e-08 V                  ; 3.13 V             ; -0.117 V           ; 0.143 V                             ; 0.259 V                             ; 6.22e-10 s                 ; 4.46e-10 s                 ; No                        ; No                        ;
; HEX5[0]       ; 3.3-V LVTTL  ; 0 s                 ; 0 s                 ; 3.08 V                       ; 1.58e-08 V                   ; 3.13 V              ; -0.117 V            ; 0.143 V                              ; 0.259 V                              ; 6.22e-10 s                  ; 4.46e-10 s                  ; No                         ; No                         ; 3.08 V                      ; 1.58e-08 V                  ; 3.13 V             ; -0.117 V           ; 0.143 V                             ; 0.259 V                             ; 6.22e-10 s                 ; 4.46e-10 s                 ; No                        ; No                        ;
; HEX5[1]       ; 3.3-V LVTTL  ; 0 s                 ; 0 s                 ; 3.08 V                       ; 1.58e-08 V                   ; 3.09 V              ; -0.012 V            ; 0.232 V                              ; 0.268 V                              ; 4.75e-09 s                  ; 3.5e-09 s                   ; Yes                        ; No                         ; 3.08 V                      ; 1.58e-08 V                  ; 3.09 V             ; -0.012 V           ; 0.232 V                             ; 0.268 V                             ; 4.75e-09 s                 ; 3.5e-09 s                  ; Yes                       ; No                        ;
; HEX5[2]       ; 3.3-V LVTTL  ; 0 s                 ; 0 s                 ; 3.08 V                       ; 1.58e-08 V                   ; 3.13 V              ; -0.117 V            ; 0.143 V                              ; 0.259 V                              ; 6.22e-10 s                  ; 4.46e-10 s                  ; No                         ; No                         ; 3.08 V                      ; 1.58e-08 V                  ; 3.13 V             ; -0.117 V           ; 0.143 V                             ; 0.259 V                             ; 6.22e-10 s                 ; 4.46e-10 s                 ; No                        ; No                        ;
; HEX5[3]       ; 3.3-V LVTTL  ; 0 s                 ; 0 s                 ; 3.08 V                       ; 1.58e-08 V                   ; 3.13 V              ; -0.117 V            ; 0.143 V                              ; 0.259 V                              ; 6.22e-10 s                  ; 4.46e-10 s                  ; No                         ; No                         ; 3.08 V                      ; 1.58e-08 V                  ; 3.13 V             ; -0.117 V           ; 0.143 V                             ; 0.259 V                             ; 6.22e-10 s                 ; 4.46e-10 s                 ; No                        ; No                        ;
; HEX5[4]       ; 3.3-V LVTTL  ; 0 s                 ; 0 s                 ; 3.08 V                       ; 1.58e-08 V                   ; 3.13 V              ; -0.117 V            ; 0.143 V                              ; 0.259 V                              ; 6.22e-10 s                  ; 4.46e-10 s                  ; No                         ; No                         ; 3.08 V                      ; 1.58e-08 V                  ; 3.13 V             ; -0.117 V           ; 0.143 V                             ; 0.259 V                             ; 6.22e-10 s                 ; 4.46e-10 s                 ; No                        ; No                        ;
; HEX5[5]       ; 3.3-V LVTTL  ; 0 s                 ; 0 s                 ; 3.08 V                       ; 1.58e-08 V                   ; 3.13 V              ; -0.117 V            ; 0.143 V                              ; 0.259 V                              ; 6.22e-10 s                  ; 4.46e-10 s                  ; No                         ; No                         ; 3.08 V                      ; 1.58e-08 V                  ; 3.13 V             ; -0.117 V           ; 0.143 V                             ; 0.259 V                             ; 6.22e-10 s                 ; 4.46e-10 s                 ; No                        ; No                        ;
; HEX5[6]       ; 3.3-V LVTTL  ; 0 s                 ; 0 s                 ; 3.08 V                       ; 1.58e-08 V                   ; 3.13 V              ; -0.117 V            ; 0.143 V                              ; 0.259 V                              ; 6.22e-10 s                  ; 4.46e-10 s                  ; No                         ; No                         ; 3.08 V                      ; 1.58e-08 V                  ; 3.13 V             ; -0.117 V           ; 0.143 V                             ; 0.259 V                             ; 6.22e-10 s                 ; 4.46e-10 s                 ; No                        ; No                        ;
; HEX6[0]       ; 3.3-V LVTTL  ; 0 s                 ; 0 s                 ; 3.08 V                       ; 1.58e-08 V                   ; 3.13 V              ; -0.117 V            ; 0.143 V                              ; 0.259 V                              ; 6.22e-10 s                  ; 4.46e-10 s                  ; No                         ; No                         ; 3.08 V                      ; 1.58e-08 V                  ; 3.13 V             ; -0.117 V           ; 0.143 V                             ; 0.259 V                             ; 6.22e-10 s                 ; 4.46e-10 s                 ; No                        ; No                        ;
; HEX6[1]       ; 3.3-V LVTTL  ; 0 s                 ; 0 s                 ; 3.08 V                       ; 1.58e-08 V                   ; 3.13 V              ; -0.117 V            ; 0.143 V                              ; 0.259 V                              ; 6.22e-10 s                  ; 4.46e-10 s                  ; No                         ; No                         ; 3.08 V                      ; 1.58e-08 V                  ; 3.13 V             ; -0.117 V           ; 0.143 V                             ; 0.259 V                             ; 6.22e-10 s                 ; 4.46e-10 s                 ; No                        ; No                        ;
; HEX6[2]       ; 3.3-V LVTTL  ; 0 s                 ; 0 s                 ; 3.08 V                       ; 1.58e-08 V                   ; 3.13 V              ; -0.117 V            ; 0.143 V                              ; 0.259 V                              ; 6.22e-10 s                  ; 4.46e-10 s                  ; No                         ; No                         ; 3.08 V                      ; 1.58e-08 V                  ; 3.13 V             ; -0.117 V           ; 0.143 V                             ; 0.259 V                             ; 6.22e-10 s                 ; 4.46e-10 s                 ; No                        ; No                        ;
; HEX6[3]       ; 3.3-V LVTTL  ; 0 s                 ; 0 s                 ; 3.08 V                       ; 1.58e-08 V                   ; 3.13 V              ; -0.117 V            ; 0.143 V                              ; 0.259 V                              ; 6.22e-10 s                  ; 4.46e-10 s                  ; No                         ; No                         ; 3.08 V                      ; 1.58e-08 V                  ; 3.13 V             ; -0.117 V           ; 0.143 V                             ; 0.259 V                             ; 6.22e-10 s                 ; 4.46e-10 s                 ; No                        ; No                        ;
; HEX6[4]       ; 3.3-V LVTTL  ; 0 s                 ; 0 s                 ; 3.08 V                       ; 1.58e-08 V                   ; 3.13 V              ; -0.117 V            ; 0.143 V                              ; 0.259 V                              ; 6.22e-10 s                  ; 4.46e-10 s                  ; No                         ; No                         ; 3.08 V                      ; 1.58e-08 V                  ; 3.13 V             ; -0.117 V           ; 0.143 V                             ; 0.259 V                             ; 6.22e-10 s                 ; 4.46e-10 s                 ; No                        ; No                        ;
; HEX6[5]       ; 3.3-V LVTTL  ; 0 s                 ; 0 s                 ; 3.08 V                       ; 1.58e-08 V                   ; 3.09 V              ; -0.012 V            ; 0.232 V                              ; 0.268 V                              ; 4.75e-09 s                  ; 3.5e-09 s                   ; Yes                        ; No                         ; 3.08 V                      ; 1.58e-08 V                  ; 3.09 V             ; -0.012 V           ; 0.232 V                             ; 0.268 V                             ; 4.75e-09 s                 ; 3.5e-09 s                  ; Yes                       ; No                        ;
; HEX6[6]       ; 3.3-V LVTTL  ; 0 s                 ; 0 s                 ; 3.08 V                       ; 1.58e-08 V                   ; 3.13 V              ; -0.117 V            ; 0.143 V                              ; 0.259 V                              ; 6.22e-10 s                  ; 4.46e-10 s                  ; No                         ; No                         ; 3.08 V                      ; 1.58e-08 V                  ; 3.13 V             ; -0.117 V           ; 0.143 V                             ; 0.259 V                             ; 6.22e-10 s                 ; 4.46e-10 s                 ; No                        ; No                        ;
; HEX7[0]       ; 3.3-V LVTTL  ; 0 s                 ; 0 s                 ; 3.08 V                       ; 1.58e-08 V                   ; 3.13 V              ; -0.117 V            ; 0.143 V                              ; 0.259 V                              ; 6.22e-10 s                  ; 4.46e-10 s                  ; No                         ; No                         ; 3.08 V                      ; 1.58e-08 V                  ; 3.13 V             ; -0.117 V           ; 0.143 V                             ; 0.259 V                             ; 6.22e-10 s                 ; 4.46e-10 s                 ; No                        ; No                        ;
; HEX7[1]       ; 3.3-V LVTTL  ; 0 s                 ; 0 s                 ; 3.08 V                       ; 1.58e-08 V                   ; 3.13 V              ; -0.117 V            ; 0.143 V                              ; 0.259 V                              ; 6.22e-10 s                  ; 4.46e-10 s                  ; No                         ; No                         ; 3.08 V                      ; 1.58e-08 V                  ; 3.13 V             ; -0.117 V           ; 0.143 V                             ; 0.259 V                             ; 6.22e-10 s                 ; 4.46e-10 s                 ; No                        ; No                        ;
; HEX7[2]       ; 3.3-V LVTTL  ; 0 s                 ; 0 s                 ; 3.08 V                       ; 1.58e-08 V                   ; 3.13 V              ; -0.117 V            ; 0.143 V                              ; 0.259 V                              ; 6.22e-10 s                  ; 4.46e-10 s                  ; No                         ; No                         ; 3.08 V                      ; 1.58e-08 V                  ; 3.13 V             ; -0.117 V           ; 0.143 V                             ; 0.259 V                             ; 6.22e-10 s                 ; 4.46e-10 s                 ; No                        ; No                        ;
; HEX7[3]       ; 3.3-V LVTTL  ; 0 s                 ; 0 s                 ; 3.08 V                       ; 1.58e-08 V                   ; 3.13 V              ; -0.117 V            ; 0.143 V                              ; 0.259 V                              ; 6.22e-10 s                  ; 4.46e-10 s                  ; No                         ; No                         ; 3.08 V                      ; 1.58e-08 V                  ; 3.13 V             ; -0.117 V           ; 0.143 V                             ; 0.259 V                             ; 6.22e-10 s                 ; 4.46e-10 s                 ; No                        ; No                        ;
; HEX7[4]       ; 3.3-V LVTTL  ; 0 s                 ; 0 s                 ; 3.08 V                       ; 1.58e-08 V                   ; 3.13 V              ; -0.117 V            ; 0.143 V                              ; 0.259 V                              ; 6.22e-10 s                  ; 4.46e-10 s                  ; No                         ; No                         ; 3.08 V                      ; 1.58e-08 V                  ; 3.13 V             ; -0.117 V           ; 0.143 V                             ; 0.259 V                             ; 6.22e-10 s                 ; 4.46e-10 s                 ; No                        ; No                        ;
; HEX7[5]       ; 3.3-V LVTTL  ; 0 s                 ; 0 s                 ; 3.08 V                       ; 1.58e-08 V                   ; 3.13 V              ; -0.117 V            ; 0.143 V                              ; 0.259 V                              ; 6.22e-10 s                  ; 4.46e-10 s                  ; No                         ; No                         ; 3.08 V                      ; 1.58e-08 V                  ; 3.13 V             ; -0.117 V           ; 0.143 V                             ; 0.259 V                             ; 6.22e-10 s                 ; 4.46e-10 s                 ; No                        ; No                        ;
; HEX7[6]       ; 3.3-V LVTTL  ; 0 s                 ; 0 s                 ; 3.08 V                       ; 1.58e-08 V                   ; 3.13 V              ; -0.117 V            ; 0.143 V                              ; 0.259 V                              ; 6.22e-10 s                  ; 4.46e-10 s                  ; No                         ; No                         ; 3.08 V                      ; 1.58e-08 V                  ; 3.13 V             ; -0.117 V           ; 0.143 V                             ; 0.259 V                             ; 6.22e-10 s                 ; 4.46e-10 s                 ; No                        ; No                        ;
; ~ALTERA_DCLK~ ; 3.3-V LVTTL  ; 0 s                 ; 0 s                 ; 3.08 V                       ; 5.73e-09 V                   ; 3.19 V              ; -0.173 V            ; 0.151 V                              ; 0.259 V                              ; 2.79e-10 s                  ; 2.42e-10 s                  ; Yes                        ; Yes                        ; 3.08 V                      ; 5.73e-09 V                  ; 3.19 V             ; -0.173 V           ; 0.151 V                             ; 0.259 V                             ; 2.79e-10 s                 ; 2.42e-10 s                 ; Yes                       ; Yes                       ;
; ~ALTERA_nCEO~ ; 3.3-V LVTTL  ; 0 s                 ; 0 s                 ; 3.08 V                       ; 1.11e-08 V                   ; 3.13 V              ; -0.0798 V           ; 0.192 V                              ; 0.22 V                               ; 8.68e-10 s                  ; 6.46e-10 s                  ; No                         ; No                         ; 3.08 V                      ; 1.11e-08 V                  ; 3.13 V             ; -0.0798 V          ; 0.192 V                             ; 0.22 V                              ; 8.68e-10 s                 ; 6.46e-10 s                 ; No                        ; No                        ;
+---------------+--------------+---------------------+---------------------+------------------------------+------------------------------+---------------------+---------------------+--------------------------------------+--------------------------------------+-----------------------------+-----------------------------+----------------------------+----------------------------+-----------------------------+-----------------------------+--------------------+--------------------+-------------------------------------+-------------------------------------+----------------------------+----------------------------+---------------------------+---------------------------+


+--------------------------------------------------------------------------------------------------------------------------------------------------------------------------------------------------------------------------------------------------------------------------------------------------------------------------------------------------------------------------------------------------------------------------------------------------------------------------------------------------------------------------------------------------------------------------------------------------------------------------------------------------------------------------------------------+
; Signal Integrity Metrics (Slow 1200mv 85c Model)                                                                                                                                                                                                                                                                                                                                                                                                                                                                                                                                                                                                                                           ;
+---------------+--------------+---------------------+---------------------+------------------------------+------------------------------+---------------------+---------------------+--------------------------------------+--------------------------------------+-----------------------------+-----------------------------+----------------------------+----------------------------+-----------------------------+-----------------------------+--------------------+--------------------+-------------------------------------+-------------------------------------+----------------------------+----------------------------+---------------------------+---------------------------+
; Pin           ; I/O Standard ; Board Delay on Rise ; Board Delay on Fall ; Steady State Voh at FPGA Pin ; Steady State Vol at FPGA Pin ; Voh Max at FPGA Pin ; Vol Min at FPGA Pin ; Ringback Voltage on Rise at FPGA Pin ; Ringback Voltage on Fall at FPGA Pin ; 10-90 Rise Time at FPGA Pin ; 90-10 Fall Time at FPGA Pin ; Monotonic Rise at FPGA Pin ; Monotonic Fall at FPGA Pin ; Steady State Voh at Far-end ; Steady State Vol at Far-end ; Voh Max at Far-end ; Vol Min at Far-end ; Ringback Voltage on Rise at Far-end ; Ringback Voltage on Fall at Far-end ; 10-90 Rise Time at Far-end ; 90-10 Fall Time at Far-end ; Monotonic Rise at Far-end ; Monotonic Fall at Far-end ;
+---------------+--------------+---------------------+---------------------+------------------------------+------------------------------+---------------------+---------------------+--------------------------------------+--------------------------------------+-----------------------------+-----------------------------+----------------------------+----------------------------+-----------------------------+-----------------------------+--------------------+--------------------+-------------------------------------+-------------------------------------+----------------------------+----------------------------+---------------------------+---------------------------+
; HEX0[0]       ; 2.5 V        ; 0 s                 ; 0 s                 ; 2.32 V                       ; 6.92e-07 V                   ; 2.35 V              ; -0.00996 V          ; 0.121 V                              ; 0.03 V                               ; 4.64e-10 s                  ; 4.47e-10 s                  ; Yes                        ; Yes                        ; 2.32 V                      ; 6.92e-07 V                  ; 2.35 V             ; -0.00996 V         ; 0.121 V                             ; 0.03 V                              ; 4.64e-10 s                 ; 4.47e-10 s                 ; Yes                       ; Yes                       ;
; HEX0[1]       ; 2.5 V        ; 0 s                 ; 0 s                 ; 2.32 V                       ; 6.92e-07 V                   ; 2.33 V              ; -0.00265 V          ; 0.133 V                              ; 0.056 V                              ; 3.55e-09 s                  ; 3.31e-09 s                  ; Yes                        ; Yes                        ; 2.32 V                      ; 6.92e-07 V                  ; 2.33 V             ; -0.00265 V         ; 0.133 V                             ; 0.056 V                             ; 3.55e-09 s                 ; 3.31e-09 s                 ; Yes                       ; Yes                       ;
; HEX0[2]       ; 2.5 V        ; 0 s                 ; 0 s                 ; 2.32 V                       ; 6.92e-07 V                   ; 2.35 V              ; -0.00996 V          ; 0.121 V                              ; 0.03 V                               ; 4.64e-10 s                  ; 4.47e-10 s                  ; Yes                        ; Yes                        ; 2.32 V                      ; 6.92e-07 V                  ; 2.35 V             ; -0.00996 V         ; 0.121 V                             ; 0.03 V                              ; 4.64e-10 s                 ; 4.47e-10 s                 ; Yes                       ; Yes                       ;
; HEX0[3]       ; 3.3-V LVTTL  ; 0 s                 ; 0 s                 ; 3.08 V                       ; 1.28e-06 V                   ; 3.12 V              ; -0.0722 V           ; 0.214 V                              ; 0.171 V                              ; 6.67e-10 s                  ; 6.2e-10 s                   ; Yes                        ; No                         ; 3.08 V                      ; 1.28e-06 V                  ; 3.12 V             ; -0.0722 V          ; 0.214 V                             ; 0.171 V                             ; 6.67e-10 s                 ; 6.2e-10 s                  ; Yes                       ; No                        ;
; HEX0[4]       ; 3.3-V LVTTL  ; 0 s                 ; 0 s                 ; 3.08 V                       ; 1.28e-06 V                   ; 3.12 V              ; -0.0722 V           ; 0.214 V                              ; 0.171 V                              ; 6.67e-10 s                  ; 6.2e-10 s                   ; Yes                        ; No                         ; 3.08 V                      ; 1.28e-06 V                  ; 3.12 V             ; -0.0722 V          ; 0.214 V                             ; 0.171 V                             ; 6.67e-10 s                 ; 6.2e-10 s                  ; Yes                       ; No                        ;
; HEX0[5]       ; 3.3-V LVTTL  ; 0 s                 ; 0 s                 ; 3.08 V                       ; 1.28e-06 V                   ; 3.08 V              ; -0.00641 V          ; 0.261 V                              ; 0.26 V                               ; 5.52e-09 s                  ; 4.36e-09 s                  ; Yes                        ; Yes                        ; 3.08 V                      ; 1.28e-06 V                  ; 3.08 V             ; -0.00641 V         ; 0.261 V                             ; 0.26 V                              ; 5.52e-09 s                 ; 4.36e-09 s                 ; Yes                       ; Yes                       ;
; HEX0[6]       ; 3.3-V LVTTL  ; 0 s                 ; 0 s                 ; 3.08 V                       ; 1.28e-06 V                   ; 3.12 V              ; -0.0722 V           ; 0.214 V                              ; 0.171 V                              ; 6.67e-10 s                  ; 6.2e-10 s                   ; Yes                        ; No                         ; 3.08 V                      ; 1.28e-06 V                  ; 3.12 V             ; -0.0722 V          ; 0.214 V                             ; 0.171 V                             ; 6.67e-10 s                 ; 6.2e-10 s                  ; Yes                       ; No                        ;
; HEX1[0]       ; 3.3-V LVTTL  ; 0 s                 ; 0 s                 ; 3.08 V                       ; 1.28e-06 V                   ; 3.12 V              ; -0.0722 V           ; 0.214 V                              ; 0.171 V                              ; 6.67e-10 s                  ; 6.2e-10 s                   ; Yes                        ; No                         ; 3.08 V                      ; 1.28e-06 V                  ; 3.12 V             ; -0.0722 V          ; 0.214 V                             ; 0.171 V                             ; 6.67e-10 s                 ; 6.2e-10 s                  ; Yes                       ; No                        ;
; HEX1[1]       ; 3.3-V LVTTL  ; 0 s                 ; 0 s                 ; 3.08 V                       ; 1.28e-06 V                   ; 3.11 V              ; -0.0528 V           ; 0.302 V                              ; 0.199 V                              ; 9.51e-10 s                  ; 8.47e-10 s                  ; Yes                        ; No                         ; 3.08 V                      ; 1.28e-06 V                  ; 3.11 V             ; -0.0528 V          ; 0.302 V                             ; 0.199 V                             ; 9.51e-10 s                 ; 8.47e-10 s                 ; Yes                       ; No                        ;
; HEX1[2]       ; 3.3-V LVTTL  ; 0 s                 ; 0 s                 ; 3.08 V                       ; 1.28e-06 V                   ; 3.11 V              ; -0.0528 V           ; 0.302 V                              ; 0.199 V                              ; 9.51e-10 s                  ; 8.47e-10 s                  ; Yes                        ; No                         ; 3.08 V                      ; 1.28e-06 V                  ; 3.11 V             ; -0.0528 V          ; 0.302 V                             ; 0.199 V                             ; 9.51e-10 s                 ; 8.47e-10 s                 ; Yes                       ; No                        ;
; HEX1[3]       ; 3.3-V LVTTL  ; 0 s                 ; 0 s                 ; 3.08 V                       ; 1.28e-06 V                   ; 3.11 V              ; -0.0528 V           ; 0.302 V                              ; 0.199 V                              ; 9.51e-10 s                  ; 8.47e-10 s                  ; Yes                        ; No                         ; 3.08 V                      ; 1.28e-06 V                  ; 3.11 V             ; -0.0528 V          ; 0.302 V                             ; 0.199 V                             ; 9.51e-10 s                 ; 8.47e-10 s                 ; Yes                       ; No                        ;
; HEX1[4]       ; 3.3-V LVTTL  ; 0 s                 ; 0 s                 ; 3.08 V                       ; 1.28e-06 V                   ; 3.11 V              ; -0.0528 V           ; 0.302 V                              ; 0.199 V                              ; 9.51e-10 s                  ; 8.47e-10 s                  ; Yes                        ; No                         ; 3.08 V                      ; 1.28e-06 V                  ; 3.11 V             ; -0.0528 V          ; 0.302 V                             ; 0.199 V                             ; 9.51e-10 s                 ; 8.47e-10 s                 ; Yes                       ; No                        ;
; HEX1[5]       ; 3.3-V LVTTL  ; 0 s                 ; 0 s                 ; 3.08 V                       ; 1.28e-06 V                   ; 3.08 V              ; -0.00641 V          ; 0.261 V                              ; 0.26 V                               ; 5.52e-09 s                  ; 4.36e-09 s                  ; Yes                        ; Yes                        ; 3.08 V                      ; 1.28e-06 V                  ; 3.08 V             ; -0.00641 V         ; 0.261 V                             ; 0.26 V                              ; 5.52e-09 s                 ; 4.36e-09 s                 ; Yes                       ; Yes                       ;
; HEX1[6]       ; 3.3-V LVTTL  ; 0 s                 ; 0 s                 ; 3.08 V                       ; 1.28e-06 V                   ; 3.08 V              ; -0.00641 V          ; 0.261 V                              ; 0.26 V                               ; 5.52e-09 s                  ; 4.36e-09 s                  ; Yes                        ; Yes                        ; 3.08 V                      ; 1.28e-06 V                  ; 3.08 V             ; -0.00641 V         ; 0.261 V                             ; 0.26 V                              ; 5.52e-09 s                 ; 4.36e-09 s                 ; Yes                       ; Yes                       ;
; HEX2[0]       ; 3.3-V LVTTL  ; 0 s                 ; 0 s                 ; 3.08 V                       ; 1.28e-06 V                   ; 3.11 V              ; -0.0528 V           ; 0.302 V                              ; 0.199 V                              ; 9.51e-10 s                  ; 8.47e-10 s                  ; Yes                        ; No                         ; 3.08 V                      ; 1.28e-06 V                  ; 3.11 V             ; -0.0528 V          ; 0.302 V                             ; 0.199 V                             ; 9.51e-10 s                 ; 8.47e-10 s                 ; Yes                       ; No                        ;
; HEX2[1]       ; 3.3-V LVTTL  ; 0 s                 ; 0 s                 ; 3.08 V                       ; 1.28e-06 V                   ; 3.11 V              ; -0.0528 V           ; 0.302 V                              ; 0.199 V                              ; 9.51e-10 s                  ; 8.47e-10 s                  ; Yes                        ; No                         ; 3.08 V                      ; 1.28e-06 V                  ; 3.11 V             ; -0.0528 V          ; 0.302 V                             ; 0.199 V                             ; 9.51e-10 s                 ; 8.47e-10 s                 ; Yes                       ; No                        ;
; HEX2[2]       ; 3.3-V LVTTL  ; 0 s                 ; 0 s                 ; 3.08 V                       ; 1.28e-06 V                   ; 3.11 V              ; -0.0528 V           ; 0.302 V                              ; 0.199 V                              ; 9.51e-10 s                  ; 8.47e-10 s                  ; Yes                        ; No                         ; 3.08 V                      ; 1.28e-06 V                  ; 3.11 V             ; -0.0528 V          ; 0.302 V                             ; 0.199 V                             ; 9.51e-10 s                 ; 8.47e-10 s                 ; Yes                       ; No                        ;
; HEX2[3]       ; 3.3-V LVTTL  ; 0 s                 ; 0 s                 ; 3.08 V                       ; 1.28e-06 V                   ; 3.11 V              ; -0.0528 V           ; 0.302 V                              ; 0.199 V                              ; 9.51e-10 s                  ; 8.47e-10 s                  ; Yes                        ; No                         ; 3.08 V                      ; 1.28e-06 V                  ; 3.11 V             ; -0.0528 V          ; 0.302 V                             ; 0.199 V                             ; 9.51e-10 s                 ; 8.47e-10 s                 ; Yes                       ; No                        ;
; HEX2[4]       ; 3.3-V LVTTL  ; 0 s                 ; 0 s                 ; 3.08 V                       ; 1.28e-06 V                   ; 3.11 V              ; -0.0528 V           ; 0.302 V                              ; 0.199 V                              ; 9.51e-10 s                  ; 8.47e-10 s                  ; Yes                        ; No                         ; 3.08 V                      ; 1.28e-06 V                  ; 3.11 V             ; -0.0528 V          ; 0.302 V                             ; 0.199 V                             ; 9.51e-10 s                 ; 8.47e-10 s                 ; Yes                       ; No                        ;
; HEX2[5]       ; 3.3-V LVTTL  ; 0 s                 ; 0 s                 ; 3.08 V                       ; 1.28e-06 V                   ; 3.11 V              ; -0.0528 V           ; 0.302 V                              ; 0.199 V                              ; 9.51e-10 s                  ; 8.47e-10 s                  ; Yes                        ; No                         ; 3.08 V                      ; 1.28e-06 V                  ; 3.11 V             ; -0.0528 V          ; 0.302 V                             ; 0.199 V                             ; 9.51e-10 s                 ; 8.47e-10 s                 ; Yes                       ; No                        ;
; HEX2[6]       ; 3.3-V LVTTL  ; 0 s                 ; 0 s                 ; 3.08 V                       ; 1.28e-06 V                   ; 3.11 V              ; -0.0528 V           ; 0.302 V                              ; 0.199 V                              ; 9.51e-10 s                  ; 8.47e-10 s                  ; Yes                        ; No                         ; 3.08 V                      ; 1.28e-06 V                  ; 3.11 V             ; -0.0528 V          ; 0.302 V                             ; 0.199 V                             ; 9.51e-10 s                 ; 8.47e-10 s                 ; Yes                       ; No                        ;
; HEX3[0]       ; 3.3-V LVTTL  ; 0 s                 ; 0 s                 ; 3.08 V                       ; 1.28e-06 V                   ; 3.11 V              ; -0.0528 V           ; 0.302 V                              ; 0.199 V                              ; 9.51e-10 s                  ; 8.47e-10 s                  ; Yes                        ; No                         ; 3.08 V                      ; 1.28e-06 V                  ; 3.11 V             ; -0.0528 V          ; 0.302 V                             ; 0.199 V                             ; 9.51e-10 s                 ; 8.47e-10 s                 ; Yes                       ; No                        ;
; HEX3[1]       ; 3.3-V LVTTL  ; 0 s                 ; 0 s                 ; 3.08 V                       ; 1.28e-06 V                   ; 3.12 V              ; -0.0722 V           ; 0.214 V                              ; 0.171 V                              ; 6.67e-10 s                  ; 6.2e-10 s                   ; Yes                        ; No                         ; 3.08 V                      ; 1.28e-06 V                  ; 3.12 V             ; -0.0722 V          ; 0.214 V                             ; 0.171 V                             ; 6.67e-10 s                 ; 6.2e-10 s                  ; Yes                       ; No                        ;
; HEX3[2]       ; 3.3-V LVTTL  ; 0 s                 ; 0 s                 ; 3.08 V                       ; 1.9e-06 V                    ; 3.08 V              ; -0.00581 V          ; 0.138 V                              ; 0.22 V                               ; 5.55e-09 s                  ; 4.38e-09 s                  ; Yes                        ; Yes                        ; 3.08 V                      ; 1.9e-06 V                   ; 3.08 V             ; -0.00581 V         ; 0.138 V                             ; 0.22 V                              ; 5.55e-09 s                 ; 4.38e-09 s                 ; Yes                       ; Yes                       ;
; HEX3[3]       ; 3.3-V LVTTL  ; 0 s                 ; 0 s                 ; 3.08 V                       ; 1.9e-06 V                    ; 3.11 V              ; -0.0625 V           ; 0.224 V                              ; 0.17 V                               ; 6.86e-10 s                  ; 6.31e-10 s                  ; Yes                        ; No                         ; 3.08 V                      ; 1.9e-06 V                   ; 3.11 V             ; -0.0625 V          ; 0.224 V                             ; 0.17 V                              ; 6.86e-10 s                 ; 6.31e-10 s                 ; Yes                       ; No                        ;
; HEX3[4]       ; 3.3-V LVTTL  ; 0 s                 ; 0 s                 ; 3.08 V                       ; 1.9e-06 V                    ; 3.11 V              ; -0.0625 V           ; 0.224 V                              ; 0.17 V                               ; 6.86e-10 s                  ; 6.31e-10 s                  ; Yes                        ; No                         ; 3.08 V                      ; 1.9e-06 V                   ; 3.11 V             ; -0.0625 V          ; 0.224 V                             ; 0.17 V                              ; 6.86e-10 s                 ; 6.31e-10 s                 ; Yes                       ; No                        ;
; HEX3[5]       ; 3.3-V LVTTL  ; 0 s                 ; 0 s                 ; 3.08 V                       ; 1.9e-06 V                    ; 3.11 V              ; -0.0625 V           ; 0.224 V                              ; 0.17 V                               ; 6.86e-10 s                  ; 6.31e-10 s                  ; Yes                        ; No                         ; 3.08 V                      ; 1.9e-06 V                   ; 3.11 V             ; -0.0625 V          ; 0.224 V                             ; 0.17 V                              ; 6.86e-10 s                 ; 6.31e-10 s                 ; Yes                       ; No                        ;
; HEX3[6]       ; 3.3-V LVTTL  ; 0 s                 ; 0 s                 ; 3.08 V                       ; 1.9e-06 V                    ; 3.11 V              ; -0.0625 V           ; 0.224 V                              ; 0.17 V                               ; 6.86e-10 s                  ; 6.31e-10 s                  ; Yes                        ; No                         ; 3.08 V                      ; 1.9e-06 V                   ; 3.11 V             ; -0.0625 V          ; 0.224 V                             ; 0.17 V                              ; 6.86e-10 s                 ; 6.31e-10 s                 ; Yes                       ; No                        ;
; HEX4[0]       ; 3.3-V LVTTL  ; 0 s                 ; 0 s                 ; 3.08 V                       ; 1.9e-06 V                    ; 3.11 V              ; -0.0625 V           ; 0.224 V                              ; 0.17 V                               ; 6.86e-10 s                  ; 6.31e-10 s                  ; Yes                        ; No                         ; 3.08 V                      ; 1.9e-06 V                   ; 3.11 V             ; -0.0625 V          ; 0.224 V                             ; 0.17 V                              ; 6.86e-10 s                 ; 6.31e-10 s                 ; Yes                       ; No                        ;
; HEX4[1]       ; 3.3-V LVTTL  ; 0 s                 ; 0 s                 ; 3.08 V                       ; 1.9e-06 V                    ; 3.11 V              ; -0.0625 V           ; 0.224 V                              ; 0.17 V                               ; 6.86e-10 s                  ; 6.31e-10 s                  ; Yes                        ; No                         ; 3.08 V                      ; 1.9e-06 V                   ; 3.11 V             ; -0.0625 V          ; 0.224 V                             ; 0.17 V                              ; 6.86e-10 s                 ; 6.31e-10 s                 ; Yes                       ; No                        ;
; HEX4[2]       ; 3.3-V LVTTL  ; 0 s                 ; 0 s                 ; 3.08 V                       ; 1.9e-06 V                    ; 3.11 V              ; -0.0625 V           ; 0.224 V                              ; 0.17 V                               ; 6.86e-10 s                  ; 6.31e-10 s                  ; Yes                        ; No                         ; 3.08 V                      ; 1.9e-06 V                   ; 3.11 V             ; -0.0625 V          ; 0.224 V                             ; 0.17 V                              ; 6.86e-10 s                 ; 6.31e-10 s                 ; Yes                       ; No                        ;
; HEX4[3]       ; 3.3-V LVTTL  ; 0 s                 ; 0 s                 ; 3.08 V                       ; 1.9e-06 V                    ; 3.11 V              ; -0.0625 V           ; 0.224 V                              ; 0.17 V                               ; 6.86e-10 s                  ; 6.31e-10 s                  ; Yes                        ; No                         ; 3.08 V                      ; 1.9e-06 V                   ; 3.11 V             ; -0.0625 V          ; 0.224 V                             ; 0.17 V                              ; 6.86e-10 s                 ; 6.31e-10 s                 ; Yes                       ; No                        ;
; HEX4[4]       ; 3.3-V LVTTL  ; 0 s                 ; 0 s                 ; 3.08 V                       ; 1.9e-06 V                    ; 3.11 V              ; -0.0625 V           ; 0.224 V                              ; 0.17 V                               ; 6.86e-10 s                  ; 6.31e-10 s                  ; Yes                        ; No                         ; 3.08 V                      ; 1.9e-06 V                   ; 3.11 V             ; -0.0625 V          ; 0.224 V                             ; 0.17 V                              ; 6.86e-10 s                 ; 6.31e-10 s                 ; Yes                       ; No                        ;
; HEX4[5]       ; 3.3-V LVTTL  ; 0 s                 ; 0 s                 ; 3.08 V                       ; 1.9e-06 V                    ; 3.11 V              ; -0.0625 V           ; 0.224 V                              ; 0.17 V                               ; 6.86e-10 s                  ; 6.31e-10 s                  ; Yes                        ; No                         ; 3.08 V                      ; 1.9e-06 V                   ; 3.11 V             ; -0.0625 V          ; 0.224 V                             ; 0.17 V                              ; 6.86e-10 s                 ; 6.31e-10 s                 ; Yes                       ; No                        ;
; HEX4[6]       ; 3.3-V LVTTL  ; 0 s                 ; 0 s                 ; 3.08 V                       ; 1.9e-06 V                    ; 3.11 V              ; -0.0625 V           ; 0.224 V                              ; 0.17 V                               ; 6.86e-10 s                  ; 6.31e-10 s                  ; Yes                        ; No                         ; 3.08 V                      ; 1.9e-06 V                   ; 3.11 V             ; -0.0625 V          ; 0.224 V                             ; 0.17 V                              ; 6.86e-10 s                 ; 6.31e-10 s                 ; Yes                       ; No                        ;
; HEX5[0]       ; 3.3-V LVTTL  ; 0 s                 ; 0 s                 ; 3.08 V                       ; 1.9e-06 V                    ; 3.11 V              ; -0.0625 V           ; 0.224 V                              ; 0.17 V                               ; 6.86e-10 s                  ; 6.31e-10 s                  ; Yes                        ; No                         ; 3.08 V                      ; 1.9e-06 V                   ; 3.11 V             ; -0.0625 V          ; 0.224 V                             ; 0.17 V                              ; 6.86e-10 s                 ; 6.31e-10 s                 ; Yes                       ; No                        ;
; HEX5[1]       ; 3.3-V LVTTL  ; 0 s                 ; 0 s                 ; 3.08 V                       ; 1.9e-06 V                    ; 3.08 V              ; -0.00581 V          ; 0.138 V                              ; 0.22 V                               ; 5.55e-09 s                  ; 4.38e-09 s                  ; Yes                        ; Yes                        ; 3.08 V                      ; 1.9e-06 V                   ; 3.08 V             ; -0.00581 V         ; 0.138 V                             ; 0.22 V                              ; 5.55e-09 s                 ; 4.38e-09 s                 ; Yes                       ; Yes                       ;
; HEX5[2]       ; 3.3-V LVTTL  ; 0 s                 ; 0 s                 ; 3.08 V                       ; 1.9e-06 V                    ; 3.11 V              ; -0.0625 V           ; 0.224 V                              ; 0.17 V                               ; 6.86e-10 s                  ; 6.31e-10 s                  ; Yes                        ; No                         ; 3.08 V                      ; 1.9e-06 V                   ; 3.11 V             ; -0.0625 V          ; 0.224 V                             ; 0.17 V                              ; 6.86e-10 s                 ; 6.31e-10 s                 ; Yes                       ; No                        ;
; HEX5[3]       ; 3.3-V LVTTL  ; 0 s                 ; 0 s                 ; 3.08 V                       ; 1.9e-06 V                    ; 3.11 V              ; -0.0625 V           ; 0.224 V                              ; 0.17 V                               ; 6.86e-10 s                  ; 6.31e-10 s                  ; Yes                        ; No                         ; 3.08 V                      ; 1.9e-06 V                   ; 3.11 V             ; -0.0625 V          ; 0.224 V                             ; 0.17 V                              ; 6.86e-10 s                 ; 6.31e-10 s                 ; Yes                       ; No                        ;
; HEX5[4]       ; 3.3-V LVTTL  ; 0 s                 ; 0 s                 ; 3.08 V                       ; 1.9e-06 V                    ; 3.11 V              ; -0.0625 V           ; 0.224 V                              ; 0.17 V                               ; 6.86e-10 s                  ; 6.31e-10 s                  ; Yes                        ; No                         ; 3.08 V                      ; 1.9e-06 V                   ; 3.11 V             ; -0.0625 V          ; 0.224 V                             ; 0.17 V                              ; 6.86e-10 s                 ; 6.31e-10 s                 ; Yes                       ; No                        ;
; HEX5[5]       ; 3.3-V LVTTL  ; 0 s                 ; 0 s                 ; 3.08 V                       ; 1.9e-06 V                    ; 3.11 V              ; -0.0625 V           ; 0.224 V                              ; 0.17 V                               ; 6.86e-10 s                  ; 6.31e-10 s                  ; Yes                        ; No                         ; 3.08 V                      ; 1.9e-06 V                   ; 3.11 V             ; -0.0625 V          ; 0.224 V                             ; 0.17 V                              ; 6.86e-10 s                 ; 6.31e-10 s                 ; Yes                       ; No                        ;
; HEX5[6]       ; 3.3-V LVTTL  ; 0 s                 ; 0 s                 ; 3.08 V                       ; 1.9e-06 V                    ; 3.11 V              ; -0.0625 V           ; 0.224 V                              ; 0.17 V                               ; 6.86e-10 s                  ; 6.31e-10 s                  ; Yes                        ; No                         ; 3.08 V                      ; 1.9e-06 V                   ; 3.11 V             ; -0.0625 V          ; 0.224 V                             ; 0.17 V                              ; 6.86e-10 s                 ; 6.31e-10 s                 ; Yes                       ; No                        ;
; HEX6[0]       ; 3.3-V LVTTL  ; 0 s                 ; 0 s                 ; 3.08 V                       ; 1.9e-06 V                    ; 3.11 V              ; -0.0625 V           ; 0.224 V                              ; 0.17 V                               ; 6.86e-10 s                  ; 6.31e-10 s                  ; Yes                        ; No                         ; 3.08 V                      ; 1.9e-06 V                   ; 3.11 V             ; -0.0625 V          ; 0.224 V                             ; 0.17 V                              ; 6.86e-10 s                 ; 6.31e-10 s                 ; Yes                       ; No                        ;
; HEX6[1]       ; 3.3-V LVTTL  ; 0 s                 ; 0 s                 ; 3.08 V                       ; 1.9e-06 V                    ; 3.11 V              ; -0.0625 V           ; 0.224 V                              ; 0.17 V                               ; 6.86e-10 s                  ; 6.31e-10 s                  ; Yes                        ; No                         ; 3.08 V                      ; 1.9e-06 V                   ; 3.11 V             ; -0.0625 V          ; 0.224 V                             ; 0.17 V                              ; 6.86e-10 s                 ; 6.31e-10 s                 ; Yes                       ; No                        ;
; HEX6[2]       ; 3.3-V LVTTL  ; 0 s                 ; 0 s                 ; 3.08 V                       ; 1.9e-06 V                    ; 3.11 V              ; -0.0625 V           ; 0.224 V                              ; 0.17 V                               ; 6.86e-10 s                  ; 6.31e-10 s                  ; Yes                        ; No                         ; 3.08 V                      ; 1.9e-06 V                   ; 3.11 V             ; -0.0625 V          ; 0.224 V                             ; 0.17 V                              ; 6.86e-10 s                 ; 6.31e-10 s                 ; Yes                       ; No                        ;
; HEX6[3]       ; 3.3-V LVTTL  ; 0 s                 ; 0 s                 ; 3.08 V                       ; 1.9e-06 V                    ; 3.11 V              ; -0.0625 V           ; 0.224 V                              ; 0.17 V                               ; 6.86e-10 s                  ; 6.31e-10 s                  ; Yes                        ; No                         ; 3.08 V                      ; 1.9e-06 V                   ; 3.11 V             ; -0.0625 V          ; 0.224 V                             ; 0.17 V                              ; 6.86e-10 s                 ; 6.31e-10 s                 ; Yes                       ; No                        ;
; HEX6[4]       ; 3.3-V LVTTL  ; 0 s                 ; 0 s                 ; 3.08 V                       ; 1.9e-06 V                    ; 3.11 V              ; -0.0625 V           ; 0.224 V                              ; 0.17 V                               ; 6.86e-10 s                  ; 6.31e-10 s                  ; Yes                        ; No                         ; 3.08 V                      ; 1.9e-06 V                   ; 3.11 V             ; -0.0625 V          ; 0.224 V                             ; 0.17 V                              ; 6.86e-10 s                 ; 6.31e-10 s                 ; Yes                       ; No                        ;
; HEX6[5]       ; 3.3-V LVTTL  ; 0 s                 ; 0 s                 ; 3.08 V                       ; 1.9e-06 V                    ; 3.08 V              ; -0.00581 V          ; 0.138 V                              ; 0.22 V                               ; 5.55e-09 s                  ; 4.38e-09 s                  ; Yes                        ; Yes                        ; 3.08 V                      ; 1.9e-06 V                   ; 3.08 V             ; -0.00581 V         ; 0.138 V                             ; 0.22 V                              ; 5.55e-09 s                 ; 4.38e-09 s                 ; Yes                       ; Yes                       ;
; HEX6[6]       ; 3.3-V LVTTL  ; 0 s                 ; 0 s                 ; 3.08 V                       ; 1.9e-06 V                    ; 3.11 V              ; -0.0625 V           ; 0.224 V                              ; 0.17 V                               ; 6.86e-10 s                  ; 6.31e-10 s                  ; Yes                        ; No                         ; 3.08 V                      ; 1.9e-06 V                   ; 3.11 V             ; -0.0625 V          ; 0.224 V                             ; 0.17 V                              ; 6.86e-10 s                 ; 6.31e-10 s                 ; Yes                       ; No                        ;
; HEX7[0]       ; 3.3-V LVTTL  ; 0 s                 ; 0 s                 ; 3.08 V                       ; 1.9e-06 V                    ; 3.11 V              ; -0.0625 V           ; 0.224 V                              ; 0.17 V                               ; 6.86e-10 s                  ; 6.31e-10 s                  ; Yes                        ; No                         ; 3.08 V                      ; 1.9e-06 V                   ; 3.11 V             ; -0.0625 V          ; 0.224 V                             ; 0.17 V                              ; 6.86e-10 s                 ; 6.31e-10 s                 ; Yes                       ; No                        ;
; HEX7[1]       ; 3.3-V LVTTL  ; 0 s                 ; 0 s                 ; 3.08 V                       ; 1.9e-06 V                    ; 3.11 V              ; -0.0625 V           ; 0.224 V                              ; 0.17 V                               ; 6.86e-10 s                  ; 6.31e-10 s                  ; Yes                        ; No                         ; 3.08 V                      ; 1.9e-06 V                   ; 3.11 V             ; -0.0625 V          ; 0.224 V                             ; 0.17 V                              ; 6.86e-10 s                 ; 6.31e-10 s                 ; Yes                       ; No                        ;
; HEX7[2]       ; 3.3-V LVTTL  ; 0 s                 ; 0 s                 ; 3.08 V                       ; 1.9e-06 V                    ; 3.11 V              ; -0.0625 V           ; 0.224 V                              ; 0.17 V                               ; 6.86e-10 s                  ; 6.31e-10 s                  ; Yes                        ; No                         ; 3.08 V                      ; 1.9e-06 V                   ; 3.11 V             ; -0.0625 V          ; 0.224 V                             ; 0.17 V                              ; 6.86e-10 s                 ; 6.31e-10 s                 ; Yes                       ; No                        ;
; HEX7[3]       ; 3.3-V LVTTL  ; 0 s                 ; 0 s                 ; 3.08 V                       ; 1.9e-06 V                    ; 3.11 V              ; -0.0625 V           ; 0.224 V                              ; 0.17 V                               ; 6.86e-10 s                  ; 6.31e-10 s                  ; Yes                        ; No                         ; 3.08 V                      ; 1.9e-06 V                   ; 3.11 V             ; -0.0625 V          ; 0.224 V                             ; 0.17 V                              ; 6.86e-10 s                 ; 6.31e-10 s                 ; Yes                       ; No                        ;
; HEX7[4]       ; 3.3-V LVTTL  ; 0 s                 ; 0 s                 ; 3.08 V                       ; 1.9e-06 V                    ; 3.11 V              ; -0.0625 V           ; 0.224 V                              ; 0.17 V                               ; 6.86e-10 s                  ; 6.31e-10 s                  ; Yes                        ; No                         ; 3.08 V                      ; 1.9e-06 V                   ; 3.11 V             ; -0.0625 V          ; 0.224 V                             ; 0.17 V                              ; 6.86e-10 s                 ; 6.31e-10 s                 ; Yes                       ; No                        ;
; HEX7[5]       ; 3.3-V LVTTL  ; 0 s                 ; 0 s                 ; 3.08 V                       ; 1.9e-06 V                    ; 3.11 V              ; -0.0625 V           ; 0.224 V                              ; 0.17 V                               ; 6.86e-10 s                  ; 6.31e-10 s                  ; Yes                        ; No                         ; 3.08 V                      ; 1.9e-06 V                   ; 3.11 V             ; -0.0625 V          ; 0.224 V                             ; 0.17 V                              ; 6.86e-10 s                 ; 6.31e-10 s                 ; Yes                       ; No                        ;
; HEX7[6]       ; 3.3-V LVTTL  ; 0 s                 ; 0 s                 ; 3.08 V                       ; 1.9e-06 V                    ; 3.11 V              ; -0.0625 V           ; 0.224 V                              ; 0.17 V                               ; 6.86e-10 s                  ; 6.31e-10 s                  ; Yes                        ; No                         ; 3.08 V                      ; 1.9e-06 V                   ; 3.11 V             ; -0.0625 V          ; 0.224 V                             ; 0.17 V                              ; 6.86e-10 s                 ; 6.31e-10 s                 ; Yes                       ; No                        ;
; ~ALTERA_DCLK~ ; 3.3-V LVTTL  ; 0 s                 ; 0 s                 ; 3.08 V                       ; 6.54e-07 V                   ; 3.14 V              ; -0.115 V            ; 0.146 V                              ; 0.141 V                              ; 3.07e-10 s                  ; 3.96e-10 s                  ; Yes                        ; No                         ; 3.08 V                      ; 6.54e-07 V                  ; 3.14 V             ; -0.115 V           ; 0.146 V                             ; 0.141 V                             ; 3.07e-10 s                 ; 3.96e-10 s                 ; Yes                       ; No                        ;
; ~ALTERA_nCEO~ ; 3.3-V LVTTL  ; 0 s                 ; 0 s                 ; 3.08 V                       ; 1.28e-06 V                   ; 3.11 V              ; -0.0528 V           ; 0.302 V                              ; 0.199 V                              ; 9.51e-10 s                  ; 8.47e-10 s                  ; Yes                        ; No                         ; 3.08 V                      ; 1.28e-06 V                  ; 3.11 V             ; -0.0528 V          ; 0.302 V                             ; 0.199 V                             ; 9.51e-10 s                 ; 8.47e-10 s                 ; Yes                       ; No                        ;
+---------------+--------------+---------------------+---------------------+------------------------------+------------------------------+---------------------+---------------------+--------------------------------------+--------------------------------------+-----------------------------+-----------------------------+----------------------------+----------------------------+-----------------------------+-----------------------------+--------------------+--------------------+-------------------------------------+-------------------------------------+----------------------------+----------------------------+---------------------------+---------------------------+


+--------------------------------------------------------------------------------------------------------------------------------------------------------------------------------------------------------------------------------------------------------------------------------------------------------------------------------------------------------------------------------------------------------------------------------------------------------------------------------------------------------------------------------------------------------------------------------------------------------------------------------------------------------------------------------------------+
; Signal Integrity Metrics (Fast 1200mv 0c Model)                                                                                                                                                                                                                                                                                                                                                                                                                                                                                                                                                                                                                                            ;
+---------------+--------------+---------------------+---------------------+------------------------------+------------------------------+---------------------+---------------------+--------------------------------------+--------------------------------------+-----------------------------+-----------------------------+----------------------------+----------------------------+-----------------------------+-----------------------------+--------------------+--------------------+-------------------------------------+-------------------------------------+----------------------------+----------------------------+---------------------------+---------------------------+
; Pin           ; I/O Standard ; Board Delay on Rise ; Board Delay on Fall ; Steady State Voh at FPGA Pin ; Steady State Vol at FPGA Pin ; Voh Max at FPGA Pin ; Vol Min at FPGA Pin ; Ringback Voltage on Rise at FPGA Pin ; Ringback Voltage on Fall at FPGA Pin ; 10-90 Rise Time at FPGA Pin ; 90-10 Fall Time at FPGA Pin ; Monotonic Rise at FPGA Pin ; Monotonic Fall at FPGA Pin ; Steady State Voh at Far-end ; Steady State Vol at Far-end ; Voh Max at Far-end ; Vol Min at Far-end ; Ringback Voltage on Rise at Far-end ; Ringback Voltage on Fall at Far-end ; 10-90 Rise Time at Far-end ; 90-10 Fall Time at Far-end ; Monotonic Rise at Far-end ; Monotonic Fall at Far-end ;
+---------------+--------------+---------------------+---------------------+------------------------------+------------------------------+---------------------+---------------------+--------------------------------------+--------------------------------------+-----------------------------+-----------------------------+----------------------------+----------------------------+-----------------------------+-----------------------------+--------------------+--------------------+-------------------------------------+-------------------------------------+----------------------------+----------------------------+---------------------------+---------------------------+
; HEX0[0]       ; 2.5 V        ; 0 s                 ; 0 s                 ; 2.62 V                       ; 4.05e-08 V                   ; 2.72 V              ; -0.0349 V           ; 0.173 V                              ; 0.1 V                                ; 2.72e-10 s                  ; 2.69e-10 s                  ; Yes                        ; Yes                        ; 2.62 V                      ; 4.05e-08 V                  ; 2.72 V             ; -0.0349 V          ; 0.173 V                             ; 0.1 V                               ; 2.72e-10 s                 ; 2.69e-10 s                 ; Yes                       ; Yes                       ;
; HEX0[1]       ; 2.5 V        ; 0 s                 ; 0 s                 ; 2.62 V                       ; 4.05e-08 V                   ; 2.64 V              ; -0.0113 V           ; 0.208 V                              ; 0.179 V                              ; 2.38e-09 s                  ; 2.23e-09 s                  ; No                         ; Yes                        ; 2.62 V                      ; 4.05e-08 V                  ; 2.64 V             ; -0.0113 V          ; 0.208 V                             ; 0.179 V                             ; 2.38e-09 s                 ; 2.23e-09 s                 ; No                        ; Yes                       ;
; HEX0[2]       ; 2.5 V        ; 0 s                 ; 0 s                 ; 2.62 V                       ; 4.05e-08 V                   ; 2.72 V              ; -0.0349 V           ; 0.173 V                              ; 0.1 V                                ; 2.72e-10 s                  ; 2.69e-10 s                  ; Yes                        ; Yes                        ; 2.62 V                      ; 4.05e-08 V                  ; 2.72 V             ; -0.0349 V          ; 0.173 V                             ; 0.1 V                               ; 2.72e-10 s                 ; 2.69e-10 s                 ; Yes                       ; Yes                       ;
; HEX0[3]       ; 3.3-V LVTTL  ; 0 s                 ; 0 s                 ; 3.46 V                       ; 1.25e-07 V                   ; 3.6 V               ; -0.127 V            ; 0.302 V                              ; 0.21 V                               ; 4.55e-10 s                  ; 4.11e-10 s                  ; No                         ; No                         ; 3.46 V                      ; 1.25e-07 V                  ; 3.6 V              ; -0.127 V           ; 0.302 V                             ; 0.21 V                              ; 4.55e-10 s                 ; 4.11e-10 s                 ; No                        ; No                        ;
; HEX0[4]       ; 3.3-V LVTTL  ; 0 s                 ; 0 s                 ; 3.46 V                       ; 1.25e-07 V                   ; 3.6 V               ; -0.127 V            ; 0.302 V                              ; 0.21 V                               ; 4.55e-10 s                  ; 4.11e-10 s                  ; No                         ; No                         ; 3.46 V                      ; 1.25e-07 V                  ; 3.6 V              ; -0.127 V           ; 0.302 V                             ; 0.21 V                              ; 4.55e-10 s                 ; 4.11e-10 s                 ; No                        ; No                        ;
; HEX0[5]       ; 3.3-V LVTTL  ; 0 s                 ; 0 s                 ; 3.46 V                       ; 1.25e-07 V                   ; 3.48 V              ; -0.0162 V           ; 0.354 V                              ; 0.317 V                              ; 3.88e-09 s                  ; 3.06e-09 s                  ; No                         ; No                         ; 3.46 V                      ; 1.25e-07 V                  ; 3.48 V             ; -0.0162 V          ; 0.354 V                             ; 0.317 V                             ; 3.88e-09 s                 ; 3.06e-09 s                 ; No                        ; No                        ;
; HEX0[6]       ; 3.3-V LVTTL  ; 0 s                 ; 0 s                 ; 3.46 V                       ; 1.25e-07 V                   ; 3.6 V               ; -0.127 V            ; 0.302 V                              ; 0.21 V                               ; 4.55e-10 s                  ; 4.11e-10 s                  ; No                         ; No                         ; 3.46 V                      ; 1.25e-07 V                  ; 3.6 V              ; -0.127 V           ; 0.302 V                             ; 0.21 V                              ; 4.55e-10 s                 ; 4.11e-10 s                 ; No                        ; No                        ;
; HEX1[0]       ; 3.3-V LVTTL  ; 0 s                 ; 0 s                 ; 3.46 V                       ; 1.25e-07 V                   ; 3.6 V               ; -0.127 V            ; 0.302 V                              ; 0.21 V                               ; 4.55e-10 s                  ; 4.11e-10 s                  ; No                         ; No                         ; 3.46 V                      ; 1.25e-07 V                  ; 3.6 V              ; -0.127 V           ; 0.302 V                             ; 0.21 V                              ; 4.55e-10 s                 ; 4.11e-10 s                 ; No                        ; No                        ;
; HEX1[1]       ; 3.3-V LVTTL  ; 0 s                 ; 0 s                 ; 3.46 V                       ; 1.25e-07 V                   ; 3.57 V              ; -0.0855 V           ; 0.315 V                              ; 0.175 V                              ; 6.79e-10 s                  ; 6.15e-10 s                  ; No                         ; No                         ; 3.46 V                      ; 1.25e-07 V                  ; 3.57 V             ; -0.0855 V          ; 0.315 V                             ; 0.175 V                             ; 6.79e-10 s                 ; 6.15e-10 s                 ; No                        ; No                        ;
; HEX1[2]       ; 3.3-V LVTTL  ; 0 s                 ; 0 s                 ; 3.46 V                       ; 1.25e-07 V                   ; 3.57 V              ; -0.0855 V           ; 0.315 V                              ; 0.175 V                              ; 6.79e-10 s                  ; 6.15e-10 s                  ; No                         ; No                         ; 3.46 V                      ; 1.25e-07 V                  ; 3.57 V             ; -0.0855 V          ; 0.315 V                             ; 0.175 V                             ; 6.79e-10 s                 ; 6.15e-10 s                 ; No                        ; No                        ;
; HEX1[3]       ; 3.3-V LVTTL  ; 0 s                 ; 0 s                 ; 3.46 V                       ; 1.25e-07 V                   ; 3.57 V              ; -0.0855 V           ; 0.315 V                              ; 0.175 V                              ; 6.79e-10 s                  ; 6.15e-10 s                  ; No                         ; No                         ; 3.46 V                      ; 1.25e-07 V                  ; 3.57 V             ; -0.0855 V          ; 0.315 V                             ; 0.175 V                             ; 6.79e-10 s                 ; 6.15e-10 s                 ; No                        ; No                        ;
; HEX1[4]       ; 3.3-V LVTTL  ; 0 s                 ; 0 s                 ; 3.46 V                       ; 1.25e-07 V                   ; 3.57 V              ; -0.0855 V           ; 0.315 V                              ; 0.175 V                              ; 6.79e-10 s                  ; 6.15e-10 s                  ; No                         ; No                         ; 3.46 V                      ; 1.25e-07 V                  ; 3.57 V             ; -0.0855 V          ; 0.315 V                             ; 0.175 V                             ; 6.79e-10 s                 ; 6.15e-10 s                 ; No                        ; No                        ;
; HEX1[5]       ; 3.3-V LVTTL  ; 0 s                 ; 0 s                 ; 3.46 V                       ; 1.25e-07 V                   ; 3.48 V              ; -0.0162 V           ; 0.354 V                              ; 0.317 V                              ; 3.88e-09 s                  ; 3.06e-09 s                  ; No                         ; No                         ; 3.46 V                      ; 1.25e-07 V                  ; 3.48 V             ; -0.0162 V          ; 0.354 V                             ; 0.317 V                             ; 3.88e-09 s                 ; 3.06e-09 s                 ; No                        ; No                        ;
; HEX1[6]       ; 3.3-V LVTTL  ; 0 s                 ; 0 s                 ; 3.46 V                       ; 1.25e-07 V                   ; 3.48 V              ; -0.0162 V           ; 0.354 V                              ; 0.317 V                              ; 3.88e-09 s                  ; 3.06e-09 s                  ; No                         ; No                         ; 3.46 V                      ; 1.25e-07 V                  ; 3.48 V             ; -0.0162 V          ; 0.354 V                             ; 0.317 V                             ; 3.88e-09 s                 ; 3.06e-09 s                 ; No                        ; No                        ;
; HEX2[0]       ; 3.3-V LVTTL  ; 0 s                 ; 0 s                 ; 3.46 V                       ; 1.25e-07 V                   ; 3.57 V              ; -0.0855 V           ; 0.315 V                              ; 0.175 V                              ; 6.79e-10 s                  ; 6.15e-10 s                  ; No                         ; No                         ; 3.46 V                      ; 1.25e-07 V                  ; 3.57 V             ; -0.0855 V          ; 0.315 V                             ; 0.175 V                             ; 6.79e-10 s                 ; 6.15e-10 s                 ; No                        ; No                        ;
; HEX2[1]       ; 3.3-V LVTTL  ; 0 s                 ; 0 s                 ; 3.46 V                       ; 1.25e-07 V                   ; 3.57 V              ; -0.0855 V           ; 0.315 V                              ; 0.175 V                              ; 6.79e-10 s                  ; 6.15e-10 s                  ; No                         ; No                         ; 3.46 V                      ; 1.25e-07 V                  ; 3.57 V             ; -0.0855 V          ; 0.315 V                             ; 0.175 V                             ; 6.79e-10 s                 ; 6.15e-10 s                 ; No                        ; No                        ;
; HEX2[2]       ; 3.3-V LVTTL  ; 0 s                 ; 0 s                 ; 3.46 V                       ; 1.25e-07 V                   ; 3.57 V              ; -0.0855 V           ; 0.315 V                              ; 0.175 V                              ; 6.79e-10 s                  ; 6.15e-10 s                  ; No                         ; No                         ; 3.46 V                      ; 1.25e-07 V                  ; 3.57 V             ; -0.0855 V          ; 0.315 V                             ; 0.175 V                             ; 6.79e-10 s                 ; 6.15e-10 s                 ; No                        ; No                        ;
; HEX2[3]       ; 3.3-V LVTTL  ; 0 s                 ; 0 s                 ; 3.46 V                       ; 1.25e-07 V                   ; 3.57 V              ; -0.0855 V           ; 0.315 V                              ; 0.175 V                              ; 6.79e-10 s                  ; 6.15e-10 s                  ; No                         ; No                         ; 3.46 V                      ; 1.25e-07 V                  ; 3.57 V             ; -0.0855 V          ; 0.315 V                             ; 0.175 V                             ; 6.79e-10 s                 ; 6.15e-10 s                 ; No                        ; No                        ;
; HEX2[4]       ; 3.3-V LVTTL  ; 0 s                 ; 0 s                 ; 3.46 V                       ; 1.25e-07 V                   ; 3.57 V              ; -0.0855 V           ; 0.315 V                              ; 0.175 V                              ; 6.79e-10 s                  ; 6.15e-10 s                  ; No                         ; No                         ; 3.46 V                      ; 1.25e-07 V                  ; 3.57 V             ; -0.0855 V          ; 0.315 V                             ; 0.175 V                             ; 6.79e-10 s                 ; 6.15e-10 s                 ; No                        ; No                        ;
; HEX2[5]       ; 3.3-V LVTTL  ; 0 s                 ; 0 s                 ; 3.46 V                       ; 1.25e-07 V                   ; 3.57 V              ; -0.0855 V           ; 0.315 V                              ; 0.175 V                              ; 6.79e-10 s                  ; 6.15e-10 s                  ; No                         ; No                         ; 3.46 V                      ; 1.25e-07 V                  ; 3.57 V             ; -0.0855 V          ; 0.315 V                             ; 0.175 V                             ; 6.79e-10 s                 ; 6.15e-10 s                 ; No                        ; No                        ;
; HEX2[6]       ; 3.3-V LVTTL  ; 0 s                 ; 0 s                 ; 3.46 V                       ; 1.25e-07 V                   ; 3.57 V              ; -0.0855 V           ; 0.315 V                              ; 0.175 V                              ; 6.79e-10 s                  ; 6.15e-10 s                  ; No                         ; No                         ; 3.46 V                      ; 1.25e-07 V                  ; 3.57 V             ; -0.0855 V          ; 0.315 V                             ; 0.175 V                             ; 6.79e-10 s                 ; 6.15e-10 s                 ; No                        ; No                        ;
; HEX3[0]       ; 3.3-V LVTTL  ; 0 s                 ; 0 s                 ; 3.46 V                       ; 1.25e-07 V                   ; 3.57 V              ; -0.0855 V           ; 0.315 V                              ; 0.175 V                              ; 6.79e-10 s                  ; 6.15e-10 s                  ; No                         ; No                         ; 3.46 V                      ; 1.25e-07 V                  ; 3.57 V             ; -0.0855 V          ; 0.315 V                             ; 0.175 V                             ; 6.79e-10 s                 ; 6.15e-10 s                 ; No                        ; No                        ;
; HEX3[1]       ; 3.3-V LVTTL  ; 0 s                 ; 0 s                 ; 3.46 V                       ; 1.25e-07 V                   ; 3.6 V               ; -0.127 V            ; 0.302 V                              ; 0.21 V                               ; 4.55e-10 s                  ; 4.11e-10 s                  ; No                         ; No                         ; 3.46 V                      ; 1.25e-07 V                  ; 3.6 V              ; -0.127 V           ; 0.302 V                             ; 0.21 V                              ; 4.55e-10 s                 ; 4.11e-10 s                 ; No                        ; No                        ;
; HEX3[2]       ; 3.3-V LVTTL  ; 0 s                 ; 0 s                 ; 3.46 V                       ; 1.85e-07 V                   ; 3.48 V              ; -0.0173 V           ; 0.356 V                              ; 0.324 V                              ; 3.89e-09 s                  ; 3.06e-09 s                  ; No                         ; No                         ; 3.46 V                      ; 1.85e-07 V                  ; 3.48 V             ; -0.0173 V          ; 0.356 V                             ; 0.324 V                             ; 3.89e-09 s                 ; 3.06e-09 s                 ; No                        ; No                        ;
; HEX3[3]       ; 3.3-V LVTTL  ; 0 s                 ; 0 s                 ; 3.46 V                       ; 1.85e-07 V                   ; 3.57 V              ; -0.141 V            ; 0.301 V                              ; 0.239 V                              ; 4.61e-10 s                  ; 4.2e-10 s                   ; No                         ; No                         ; 3.46 V                      ; 1.85e-07 V                  ; 3.57 V             ; -0.141 V           ; 0.301 V                             ; 0.239 V                             ; 4.61e-10 s                 ; 4.2e-10 s                  ; No                        ; No                        ;
; HEX3[4]       ; 3.3-V LVTTL  ; 0 s                 ; 0 s                 ; 3.46 V                       ; 1.85e-07 V                   ; 3.57 V              ; -0.141 V            ; 0.301 V                              ; 0.239 V                              ; 4.61e-10 s                  ; 4.2e-10 s                   ; No                         ; No                         ; 3.46 V                      ; 1.85e-07 V                  ; 3.57 V             ; -0.141 V           ; 0.301 V                             ; 0.239 V                             ; 4.61e-10 s                 ; 4.2e-10 s                  ; No                        ; No                        ;
; HEX3[5]       ; 3.3-V LVTTL  ; 0 s                 ; 0 s                 ; 3.46 V                       ; 1.85e-07 V                   ; 3.57 V              ; -0.141 V            ; 0.301 V                              ; 0.239 V                              ; 4.61e-10 s                  ; 4.2e-10 s                   ; No                         ; No                         ; 3.46 V                      ; 1.85e-07 V                  ; 3.57 V             ; -0.141 V           ; 0.301 V                             ; 0.239 V                             ; 4.61e-10 s                 ; 4.2e-10 s                  ; No                        ; No                        ;
; HEX3[6]       ; 3.3-V LVTTL  ; 0 s                 ; 0 s                 ; 3.46 V                       ; 1.85e-07 V                   ; 3.57 V              ; -0.141 V            ; 0.301 V                              ; 0.239 V                              ; 4.61e-10 s                  ; 4.2e-10 s                   ; No                         ; No                         ; 3.46 V                      ; 1.85e-07 V                  ; 3.57 V             ; -0.141 V           ; 0.301 V                             ; 0.239 V                             ; 4.61e-10 s                 ; 4.2e-10 s                  ; No                        ; No                        ;
; HEX4[0]       ; 3.3-V LVTTL  ; 0 s                 ; 0 s                 ; 3.46 V                       ; 1.85e-07 V                   ; 3.57 V              ; -0.141 V            ; 0.301 V                              ; 0.239 V                              ; 4.61e-10 s                  ; 4.2e-10 s                   ; No                         ; No                         ; 3.46 V                      ; 1.85e-07 V                  ; 3.57 V             ; -0.141 V           ; 0.301 V                             ; 0.239 V                             ; 4.61e-10 s                 ; 4.2e-10 s                  ; No                        ; No                        ;
; HEX4[1]       ; 3.3-V LVTTL  ; 0 s                 ; 0 s                 ; 3.46 V                       ; 1.85e-07 V                   ; 3.57 V              ; -0.141 V            ; 0.301 V                              ; 0.239 V                              ; 4.61e-10 s                  ; 4.2e-10 s                   ; No                         ; No                         ; 3.46 V                      ; 1.85e-07 V                  ; 3.57 V             ; -0.141 V           ; 0.301 V                             ; 0.239 V                             ; 4.61e-10 s                 ; 4.2e-10 s                  ; No                        ; No                        ;
; HEX4[2]       ; 3.3-V LVTTL  ; 0 s                 ; 0 s                 ; 3.46 V                       ; 1.85e-07 V                   ; 3.57 V              ; -0.141 V            ; 0.301 V                              ; 0.239 V                              ; 4.61e-10 s                  ; 4.2e-10 s                   ; No                         ; No                         ; 3.46 V                      ; 1.85e-07 V                  ; 3.57 V             ; -0.141 V           ; 0.301 V                             ; 0.239 V                             ; 4.61e-10 s                 ; 4.2e-10 s                  ; No                        ; No                        ;
; HEX4[3]       ; 3.3-V LVTTL  ; 0 s                 ; 0 s                 ; 3.46 V                       ; 1.85e-07 V                   ; 3.57 V              ; -0.141 V            ; 0.301 V                              ; 0.239 V                              ; 4.61e-10 s                  ; 4.2e-10 s                   ; No                         ; No                         ; 3.46 V                      ; 1.85e-07 V                  ; 3.57 V             ; -0.141 V           ; 0.301 V                             ; 0.239 V                             ; 4.61e-10 s                 ; 4.2e-10 s                  ; No                        ; No                        ;
; HEX4[4]       ; 3.3-V LVTTL  ; 0 s                 ; 0 s                 ; 3.46 V                       ; 1.85e-07 V                   ; 3.57 V              ; -0.141 V            ; 0.301 V                              ; 0.239 V                              ; 4.61e-10 s                  ; 4.2e-10 s                   ; No                         ; No                         ; 3.46 V                      ; 1.85e-07 V                  ; 3.57 V             ; -0.141 V           ; 0.301 V                             ; 0.239 V                             ; 4.61e-10 s                 ; 4.2e-10 s                  ; No                        ; No                        ;
; HEX4[5]       ; 3.3-V LVTTL  ; 0 s                 ; 0 s                 ; 3.46 V                       ; 1.85e-07 V                   ; 3.57 V              ; -0.141 V            ; 0.301 V                              ; 0.239 V                              ; 4.61e-10 s                  ; 4.2e-10 s                   ; No                         ; No                         ; 3.46 V                      ; 1.85e-07 V                  ; 3.57 V             ; -0.141 V           ; 0.301 V                             ; 0.239 V                             ; 4.61e-10 s                 ; 4.2e-10 s                  ; No                        ; No                        ;
; HEX4[6]       ; 3.3-V LVTTL  ; 0 s                 ; 0 s                 ; 3.46 V                       ; 1.85e-07 V                   ; 3.57 V              ; -0.141 V            ; 0.301 V                              ; 0.239 V                              ; 4.61e-10 s                  ; 4.2e-10 s                   ; No                         ; No                         ; 3.46 V                      ; 1.85e-07 V                  ; 3.57 V             ; -0.141 V           ; 0.301 V                             ; 0.239 V                             ; 4.61e-10 s                 ; 4.2e-10 s                  ; No                        ; No                        ;
; HEX5[0]       ; 3.3-V LVTTL  ; 0 s                 ; 0 s                 ; 3.46 V                       ; 1.85e-07 V                   ; 3.57 V              ; -0.141 V            ; 0.301 V                              ; 0.239 V                              ; 4.61e-10 s                  ; 4.2e-10 s                   ; No                         ; No                         ; 3.46 V                      ; 1.85e-07 V                  ; 3.57 V             ; -0.141 V           ; 0.301 V                             ; 0.239 V                             ; 4.61e-10 s                 ; 4.2e-10 s                  ; No                        ; No                        ;
; HEX5[1]       ; 3.3-V LVTTL  ; 0 s                 ; 0 s                 ; 3.46 V                       ; 1.85e-07 V                   ; 3.48 V              ; -0.0173 V           ; 0.356 V                              ; 0.324 V                              ; 3.89e-09 s                  ; 3.06e-09 s                  ; No                         ; No                         ; 3.46 V                      ; 1.85e-07 V                  ; 3.48 V             ; -0.0173 V          ; 0.356 V                             ; 0.324 V                             ; 3.89e-09 s                 ; 3.06e-09 s                 ; No                        ; No                        ;
; HEX5[2]       ; 3.3-V LVTTL  ; 0 s                 ; 0 s                 ; 3.46 V                       ; 1.85e-07 V                   ; 3.57 V              ; -0.141 V            ; 0.301 V                              ; 0.239 V                              ; 4.61e-10 s                  ; 4.2e-10 s                   ; No                         ; No                         ; 3.46 V                      ; 1.85e-07 V                  ; 3.57 V             ; -0.141 V           ; 0.301 V                             ; 0.239 V                             ; 4.61e-10 s                 ; 4.2e-10 s                  ; No                        ; No                        ;
; HEX5[3]       ; 3.3-V LVTTL  ; 0 s                 ; 0 s                 ; 3.46 V                       ; 1.85e-07 V                   ; 3.57 V              ; -0.141 V            ; 0.301 V                              ; 0.239 V                              ; 4.61e-10 s                  ; 4.2e-10 s                   ; No                         ; No                         ; 3.46 V                      ; 1.85e-07 V                  ; 3.57 V             ; -0.141 V           ; 0.301 V                             ; 0.239 V                             ; 4.61e-10 s                 ; 4.2e-10 s                  ; No                        ; No                        ;
; HEX5[4]       ; 3.3-V LVTTL  ; 0 s                 ; 0 s                 ; 3.46 V                       ; 1.85e-07 V                   ; 3.57 V              ; -0.141 V            ; 0.301 V                              ; 0.239 V                              ; 4.61e-10 s                  ; 4.2e-10 s                   ; No                         ; No                         ; 3.46 V                      ; 1.85e-07 V                  ; 3.57 V             ; -0.141 V           ; 0.301 V                             ; 0.239 V                             ; 4.61e-10 s                 ; 4.2e-10 s                  ; No                        ; No                        ;
; HEX5[5]       ; 3.3-V LVTTL  ; 0 s                 ; 0 s                 ; 3.46 V                       ; 1.85e-07 V                   ; 3.57 V              ; -0.141 V            ; 0.301 V                              ; 0.239 V                              ; 4.61e-10 s                  ; 4.2e-10 s                   ; No                         ; No                         ; 3.46 V                      ; 1.85e-07 V                  ; 3.57 V             ; -0.141 V           ; 0.301 V                             ; 0.239 V                             ; 4.61e-10 s                 ; 4.2e-10 s                  ; No                        ; No                        ;
; HEX5[6]       ; 3.3-V LVTTL  ; 0 s                 ; 0 s                 ; 3.46 V                       ; 1.85e-07 V                   ; 3.57 V              ; -0.141 V            ; 0.301 V                              ; 0.239 V                              ; 4.61e-10 s                  ; 4.2e-10 s                   ; No                         ; No                         ; 3.46 V                      ; 1.85e-07 V                  ; 3.57 V             ; -0.141 V           ; 0.301 V                             ; 0.239 V                             ; 4.61e-10 s                 ; 4.2e-10 s                  ; No                        ; No                        ;
; HEX6[0]       ; 3.3-V LVTTL  ; 0 s                 ; 0 s                 ; 3.46 V                       ; 1.85e-07 V                   ; 3.57 V              ; -0.141 V            ; 0.301 V                              ; 0.239 V                              ; 4.61e-10 s                  ; 4.2e-10 s                   ; No                         ; No                         ; 3.46 V                      ; 1.85e-07 V                  ; 3.57 V             ; -0.141 V           ; 0.301 V                             ; 0.239 V                             ; 4.61e-10 s                 ; 4.2e-10 s                  ; No                        ; No                        ;
; HEX6[1]       ; 3.3-V LVTTL  ; 0 s                 ; 0 s                 ; 3.46 V                       ; 1.85e-07 V                   ; 3.57 V              ; -0.141 V            ; 0.301 V                              ; 0.239 V                              ; 4.61e-10 s                  ; 4.2e-10 s                   ; No                         ; No                         ; 3.46 V                      ; 1.85e-07 V                  ; 3.57 V             ; -0.141 V           ; 0.301 V                             ; 0.239 V                             ; 4.61e-10 s                 ; 4.2e-10 s                  ; No                        ; No                        ;
; HEX6[2]       ; 3.3-V LVTTL  ; 0 s                 ; 0 s                 ; 3.46 V                       ; 1.85e-07 V                   ; 3.57 V              ; -0.141 V            ; 0.301 V                              ; 0.239 V                              ; 4.61e-10 s                  ; 4.2e-10 s                   ; No                         ; No                         ; 3.46 V                      ; 1.85e-07 V                  ; 3.57 V             ; -0.141 V           ; 0.301 V                             ; 0.239 V                             ; 4.61e-10 s                 ; 4.2e-10 s                  ; No                        ; No                        ;
; HEX6[3]       ; 3.3-V LVTTL  ; 0 s                 ; 0 s                 ; 3.46 V                       ; 1.85e-07 V                   ; 3.57 V              ; -0.141 V            ; 0.301 V                              ; 0.239 V                              ; 4.61e-10 s                  ; 4.2e-10 s                   ; No                         ; No                         ; 3.46 V                      ; 1.85e-07 V                  ; 3.57 V             ; -0.141 V           ; 0.301 V                             ; 0.239 V                             ; 4.61e-10 s                 ; 4.2e-10 s                  ; No                        ; No                        ;
; HEX6[4]       ; 3.3-V LVTTL  ; 0 s                 ; 0 s                 ; 3.46 V                       ; 1.85e-07 V                   ; 3.57 V              ; -0.141 V            ; 0.301 V                              ; 0.239 V                              ; 4.61e-10 s                  ; 4.2e-10 s                   ; No                         ; No                         ; 3.46 V                      ; 1.85e-07 V                  ; 3.57 V             ; -0.141 V           ; 0.301 V                             ; 0.239 V                             ; 4.61e-10 s                 ; 4.2e-10 s                  ; No                        ; No                        ;
; HEX6[5]       ; 3.3-V LVTTL  ; 0 s                 ; 0 s                 ; 3.46 V                       ; 1.85e-07 V                   ; 3.48 V              ; -0.0173 V           ; 0.356 V                              ; 0.324 V                              ; 3.89e-09 s                  ; 3.06e-09 s                  ; No                         ; No                         ; 3.46 V                      ; 1.85e-07 V                  ; 3.48 V             ; -0.0173 V          ; 0.356 V                             ; 0.324 V                             ; 3.89e-09 s                 ; 3.06e-09 s                 ; No                        ; No                        ;
; HEX6[6]       ; 3.3-V LVTTL  ; 0 s                 ; 0 s                 ; 3.46 V                       ; 1.85e-07 V                   ; 3.57 V              ; -0.141 V            ; 0.301 V                              ; 0.239 V                              ; 4.61e-10 s                  ; 4.2e-10 s                   ; No                         ; No                         ; 3.46 V                      ; 1.85e-07 V                  ; 3.57 V             ; -0.141 V           ; 0.301 V                             ; 0.239 V                             ; 4.61e-10 s                 ; 4.2e-10 s                  ; No                        ; No                        ;
; HEX7[0]       ; 3.3-V LVTTL  ; 0 s                 ; 0 s                 ; 3.46 V                       ; 1.85e-07 V                   ; 3.57 V              ; -0.141 V            ; 0.301 V                              ; 0.239 V                              ; 4.61e-10 s                  ; 4.2e-10 s                   ; No                         ; No                         ; 3.46 V                      ; 1.85e-07 V                  ; 3.57 V             ; -0.141 V           ; 0.301 V                             ; 0.239 V                             ; 4.61e-10 s                 ; 4.2e-10 s                  ; No                        ; No                        ;
; HEX7[1]       ; 3.3-V LVTTL  ; 0 s                 ; 0 s                 ; 3.46 V                       ; 1.85e-07 V                   ; 3.57 V              ; -0.141 V            ; 0.301 V                              ; 0.239 V                              ; 4.61e-10 s                  ; 4.2e-10 s                   ; No                         ; No                         ; 3.46 V                      ; 1.85e-07 V                  ; 3.57 V             ; -0.141 V           ; 0.301 V                             ; 0.239 V                             ; 4.61e-10 s                 ; 4.2e-10 s                  ; No                        ; No                        ;
; HEX7[2]       ; 3.3-V LVTTL  ; 0 s                 ; 0 s                 ; 3.46 V                       ; 1.85e-07 V                   ; 3.57 V              ; -0.141 V            ; 0.301 V                              ; 0.239 V                              ; 4.61e-10 s                  ; 4.2e-10 s                   ; No                         ; No                         ; 3.46 V                      ; 1.85e-07 V                  ; 3.57 V             ; -0.141 V           ; 0.301 V                             ; 0.239 V                             ; 4.61e-10 s                 ; 4.2e-10 s                  ; No                        ; No                        ;
; HEX7[3]       ; 3.3-V LVTTL  ; 0 s                 ; 0 s                 ; 3.46 V                       ; 1.85e-07 V                   ; 3.57 V              ; -0.141 V            ; 0.301 V                              ; 0.239 V                              ; 4.61e-10 s                  ; 4.2e-10 s                   ; No                         ; No                         ; 3.46 V                      ; 1.85e-07 V                  ; 3.57 V             ; -0.141 V           ; 0.301 V                             ; 0.239 V                             ; 4.61e-10 s                 ; 4.2e-10 s                  ; No                        ; No                        ;
; HEX7[4]       ; 3.3-V LVTTL  ; 0 s                 ; 0 s                 ; 3.46 V                       ; 1.85e-07 V                   ; 3.57 V              ; -0.141 V            ; 0.301 V                              ; 0.239 V                              ; 4.61e-10 s                  ; 4.2e-10 s                   ; No                         ; No                         ; 3.46 V                      ; 1.85e-07 V                  ; 3.57 V             ; -0.141 V           ; 0.301 V                             ; 0.239 V                             ; 4.61e-10 s                 ; 4.2e-10 s                  ; No                        ; No                        ;
; HEX7[5]       ; 3.3-V LVTTL  ; 0 s                 ; 0 s                 ; 3.46 V                       ; 1.85e-07 V                   ; 3.57 V              ; -0.141 V            ; 0.301 V                              ; 0.239 V                              ; 4.61e-10 s                  ; 4.2e-10 s                   ; No                         ; No                         ; 3.46 V                      ; 1.85e-07 V                  ; 3.57 V             ; -0.141 V           ; 0.301 V                             ; 0.239 V                             ; 4.61e-10 s                 ; 4.2e-10 s                  ; No                        ; No                        ;
; HEX7[6]       ; 3.3-V LVTTL  ; 0 s                 ; 0 s                 ; 3.46 V                       ; 1.85e-07 V                   ; 3.57 V              ; -0.141 V            ; 0.301 V                              ; 0.239 V                              ; 4.61e-10 s                  ; 4.2e-10 s                   ; No                         ; No                         ; 3.46 V                      ; 1.85e-07 V                  ; 3.57 V             ; -0.141 V           ; 0.301 V                             ; 0.239 V                             ; 4.61e-10 s                 ; 4.2e-10 s                  ; No                        ; No                        ;
; ~ALTERA_DCLK~ ; 3.3-V LVTTL  ; 0 s                 ; 0 s                 ; 3.46 V                       ; 6.54e-08 V                   ; 3.66 V              ; -0.26 V             ; 0.41 V                               ; 0.32 V                               ; 1.57e-10 s                  ; 2.15e-10 s                  ; No                         ; Yes                        ; 3.46 V                      ; 6.54e-08 V                  ; 3.66 V             ; -0.26 V            ; 0.41 V                              ; 0.32 V                              ; 1.57e-10 s                 ; 2.15e-10 s                 ; No                        ; Yes                       ;
; ~ALTERA_nCEO~ ; 3.3-V LVTTL  ; 0 s                 ; 0 s                 ; 3.46 V                       ; 1.25e-07 V                   ; 3.57 V              ; -0.0855 V           ; 0.315 V                              ; 0.175 V                              ; 6.79e-10 s                  ; 6.15e-10 s                  ; No                         ; No                         ; 3.46 V                      ; 1.25e-07 V                  ; 3.57 V             ; -0.0855 V          ; 0.315 V                             ; 0.175 V                             ; 6.79e-10 s                 ; 6.15e-10 s                 ; No                        ; No                        ;
+---------------+--------------+---------------------+---------------------+------------------------------+------------------------------+---------------------+---------------------+--------------------------------------+--------------------------------------+-----------------------------+-----------------------------+----------------------------+----------------------------+-----------------------------+-----------------------------+--------------------+--------------------+-------------------------------------+-------------------------------------+----------------------------+----------------------------+---------------------------+---------------------------+


+-----------------------------------------------------------------------+
; Setup Transfers                                                       ;
+------------+----------+--------------+----------+----------+----------+
; From Clock ; To Clock ; RR Paths     ; FR Paths ; RF Paths ; FF Paths ;
+------------+----------+--------------+----------+----------+----------+
; CLOCK_50   ; CLOCK_50 ; > 2147483647 ; 0        ; 0        ; 0        ;
+------------+----------+--------------+----------+----------+----------+
Entries labeled "false path" only account for clock-to-clock false paths and not path-based false paths. As a result, actual path counts may be lower than reported.


+-----------------------------------------------------------------------+
; Hold Transfers                                                        ;
+------------+----------+--------------+----------+----------+----------+
; From Clock ; To Clock ; RR Paths     ; FR Paths ; RF Paths ; FF Paths ;
+------------+----------+--------------+----------+----------+----------+
; CLOCK_50   ; CLOCK_50 ; > 2147483647 ; 0        ; 0        ; 0        ;
+------------+----------+--------------+----------+----------+----------+
Entries labeled "false path" only account for clock-to-clock false paths and not path-based false paths. As a result, actual path counts may be lower than reported.


---------------
; Report TCCS ;
---------------
No dedicated SERDES Transmitter circuitry present in device or used in design


---------------
; Report RSKM ;
---------------
No non-DPA dedicated SERDES Receiver circuitry present in device or used in design


+------------------------------------------------+
; Unconstrained Paths Summary                    ;
+---------------------------------+-------+------+
; Property                        ; Setup ; Hold ;
+---------------------------------+-------+------+
; Illegal Clocks                  ; 0     ; 0    ;
; Unconstrained Clocks            ; 0     ; 0    ;
; Unconstrained Input Ports       ; 19    ; 19   ;
; Unconstrained Input Port Paths  ; 2218  ; 2218 ;
; Unconstrained Output Ports      ; 56    ; 56   ;
; Unconstrained Output Port Paths ; 224   ; 224  ;
+---------------------------------+-------+------+


+--------------------------------------------+
; Clock Status Summary                       ;
+-----------+-----------+------+-------------+
; Target    ; Clock     ; Type ; Status      ;
+-----------+-----------+------+-------------+
; CLOCK2_50 ; CLOCK2_50 ; Base ; Constrained ;
; CLOCK3_50 ; CLOCK3_50 ; Base ; Constrained ;
; CLOCK_50  ; CLOCK_50  ; Base ; Constrained ;
+-----------+-----------+------+-------------+


+---------------------------------------------------------------------------------------------------+
; Unconstrained Input Ports                                                                         ;
+------------+--------------------------------------------------------------------------------------+
; Input Port ; Comment                                                                              ;
+------------+--------------------------------------------------------------------------------------+
; KEY[0]     ; No input delay, min/max delays, false-path exceptions, or max skew assignments found ;
; SW[0]      ; No input delay, min/max delays, false-path exceptions, or max skew assignments found ;
; SW[1]      ; No input delay, min/max delays, false-path exceptions, or max skew assignments found ;
; SW[2]      ; No input delay, min/max delays, false-path exceptions, or max skew assignments found ;
; SW[3]      ; No input delay, min/max delays, false-path exceptions, or max skew assignments found ;
; SW[4]      ; No input delay, min/max delays, false-path exceptions, or max skew assignments found ;
; SW[5]      ; No input delay, min/max delays, false-path exceptions, or max skew assignments found ;
; SW[6]      ; No input delay, min/max delays, false-path exceptions, or max skew assignments found ;
; SW[7]      ; No input delay, min/max delays, false-path exceptions, or max skew assignments found ;
; SW[8]      ; No input delay, min/max delays, false-path exceptions, or max skew assignments found ;
; SW[9]      ; No input delay, min/max delays, false-path exceptions, or max skew assignments found ;
; SW[10]     ; No input delay, min/max delays, false-path exceptions, or max skew assignments found ;
; SW[11]     ; No input delay, min/max delays, false-path exceptions, or max skew assignments found ;
; SW[12]     ; No input delay, min/max delays, false-path exceptions, or max skew assignments found ;
; SW[13]     ; No input delay, min/max delays, false-path exceptions, or max skew assignments found ;
; SW[14]     ; No input delay, min/max delays, false-path exceptions, or max skew assignments found ;
; SW[15]     ; No input delay, min/max delays, false-path exceptions, or max skew assignments found ;
; SW[16]     ; No input delay, min/max delays, false-path exceptions, or max skew assignments found ;
; SW[17]     ; No input delay, min/max delays, false-path exceptions, or max skew assignments found ;
+------------+--------------------------------------------------------------------------------------+


+-----------------------------------------------------------------------------------------------------+
; Unconstrained Output Ports                                                                          ;
+-------------+---------------------------------------------------------------------------------------+
; Output Port ; Comment                                                                               ;
+-------------+---------------------------------------------------------------------------------------+
; HEX0[0]     ; No output delay, min/max delays, false-path exceptions, or max skew assignments found ;
; HEX0[1]     ; No output delay, min/max delays, false-path exceptions, or max skew assignments found ;
; HEX0[2]     ; No output delay, min/max delays, false-path exceptions, or max skew assignments found ;
; HEX0[3]     ; No output delay, min/max delays, false-path exceptions, or max skew assignments found ;
; HEX0[4]     ; No output delay, min/max delays, false-path exceptions, or max skew assignments found ;
; HEX0[5]     ; No output delay, min/max delays, false-path exceptions, or max skew assignments found ;
; HEX0[6]     ; No output delay, min/max delays, false-path exceptions, or max skew assignments found ;
; HEX1[0]     ; No output delay, min/max delays, false-path exceptions, or max skew assignments found ;
; HEX1[1]     ; No output delay, min/max delays, false-path exceptions, or max skew assignments found ;
; HEX1[2]     ; No output delay, min/max delays, false-path exceptions, or max skew assignments found ;
; HEX1[3]     ; No output delay, min/max delays, false-path exceptions, or max skew assignments found ;
; HEX1[4]     ; No output delay, min/max delays, false-path exceptions, or max skew assignments found ;
; HEX1[5]     ; No output delay, min/max delays, false-path exceptions, or max skew assignments found ;
; HEX1[6]     ; No output delay, min/max delays, false-path exceptions, or max skew assignments found ;
; HEX2[0]     ; No output delay, min/max delays, false-path exceptions, or max skew assignments found ;
; HEX2[1]     ; No output delay, min/max delays, false-path exceptions, or max skew assignments found ;
; HEX2[2]     ; No output delay, min/max delays, false-path exceptions, or max skew assignments found ;
; HEX2[3]     ; No output delay, min/max delays, false-path exceptions, or max skew assignments found ;
; HEX2[4]     ; No output delay, min/max delays, false-path exceptions, or max skew assignments found ;
; HEX2[5]     ; No output delay, min/max delays, false-path exceptions, or max skew assignments found ;
; HEX2[6]     ; No output delay, min/max delays, false-path exceptions, or max skew assignments found ;
; HEX3[0]     ; No output delay, min/max delays, false-path exceptions, or max skew assignments found ;
; HEX3[1]     ; No output delay, min/max delays, false-path exceptions, or max skew assignments found ;
; HEX3[2]     ; No output delay, min/max delays, false-path exceptions, or max skew assignments found ;
; HEX3[3]     ; No output delay, min/max delays, false-path exceptions, or max skew assignments found ;
; HEX3[4]     ; No output delay, min/max delays, false-path exceptions, or max skew assignments found ;
; HEX3[5]     ; No output delay, min/max delays, false-path exceptions, or max skew assignments found ;
; HEX3[6]     ; No output delay, min/max delays, false-path exceptions, or max skew assignments found ;
; HEX4[0]     ; No output delay, min/max delays, false-path exceptions, or max skew assignments found ;
; HEX4[1]     ; No output delay, min/max delays, false-path exceptions, or max skew assignments found ;
; HEX4[2]     ; No output delay, min/max delays, false-path exceptions, or max skew assignments found ;
; HEX4[3]     ; No output delay, min/max delays, false-path exceptions, or max skew assignments found ;
; HEX4[4]     ; No output delay, min/max delays, false-path exceptions, or max skew assignments found ;
; HEX4[5]     ; No output delay, min/max delays, false-path exceptions, or max skew assignments found ;
; HEX4[6]     ; No output delay, min/max delays, false-path exceptions, or max skew assignments found ;
; HEX5[0]     ; No output delay, min/max delays, false-path exceptions, or max skew assignments found ;
; HEX5[1]     ; No output delay, min/max delays, false-path exceptions, or max skew assignments found ;
; HEX5[2]     ; No output delay, min/max delays, false-path exceptions, or max skew assignments found ;
; HEX5[3]     ; No output delay, min/max delays, false-path exceptions, or max skew assignments found ;
; HEX5[4]     ; No output delay, min/max delays, false-path exceptions, or max skew assignments found ;
; HEX5[5]     ; No output delay, min/max delays, false-path exceptions, or max skew assignments found ;
; HEX5[6]     ; No output delay, min/max delays, false-path exceptions, or max skew assignments found ;
; HEX6[0]     ; No output delay, min/max delays, false-path exceptions, or max skew assignments found ;
; HEX6[1]     ; No output delay, min/max delays, false-path exceptions, or max skew assignments found ;
; HEX6[2]     ; No output delay, min/max delays, false-path exceptions, or max skew assignments found ;
; HEX6[3]     ; No output delay, min/max delays, false-path exceptions, or max skew assignments found ;
; HEX6[4]     ; No output delay, min/max delays, false-path exceptions, or max skew assignments found ;
; HEX6[5]     ; No output delay, min/max delays, false-path exceptions, or max skew assignments found ;
; HEX6[6]     ; No output delay, min/max delays, false-path exceptions, or max skew assignments found ;
; HEX7[0]     ; No output delay, min/max delays, false-path exceptions, or max skew assignments found ;
; HEX7[1]     ; No output delay, min/max delays, false-path exceptions, or max skew assignments found ;
; HEX7[2]     ; No output delay, min/max delays, false-path exceptions, or max skew assignments found ;
; HEX7[3]     ; No output delay, min/max delays, false-path exceptions, or max skew assignments found ;
; HEX7[4]     ; No output delay, min/max delays, false-path exceptions, or max skew assignments found ;
; HEX7[5]     ; No output delay, min/max delays, false-path exceptions, or max skew assignments found ;
; HEX7[6]     ; No output delay, min/max delays, false-path exceptions, or max skew assignments found ;
+-------------+---------------------------------------------------------------------------------------+


+---------------------------------------------------------------------------------------------------+
; Unconstrained Input Ports                                                                         ;
+------------+--------------------------------------------------------------------------------------+
; Input Port ; Comment                                                                              ;
+------------+--------------------------------------------------------------------------------------+
; KEY[0]     ; No input delay, min/max delays, false-path exceptions, or max skew assignments found ;
; SW[0]      ; No input delay, min/max delays, false-path exceptions, or max skew assignments found ;
; SW[1]      ; No input delay, min/max delays, false-path exceptions, or max skew assignments found ;
; SW[2]      ; No input delay, min/max delays, false-path exceptions, or max skew assignments found ;
; SW[3]      ; No input delay, min/max delays, false-path exceptions, or max skew assignments found ;
; SW[4]      ; No input delay, min/max delays, false-path exceptions, or max skew assignments found ;
; SW[5]      ; No input delay, min/max delays, false-path exceptions, or max skew assignments found ;
; SW[6]      ; No input delay, min/max delays, false-path exceptions, or max skew assignments found ;
; SW[7]      ; No input delay, min/max delays, false-path exceptions, or max skew assignments found ;
; SW[8]      ; No input delay, min/max delays, false-path exceptions, or max skew assignments found ;
; SW[9]      ; No input delay, min/max delays, false-path exceptions, or max skew assignments found ;
; SW[10]     ; No input delay, min/max delays, false-path exceptions, or max skew assignments found ;
; SW[11]     ; No input delay, min/max delays, false-path exceptions, or max skew assignments found ;
; SW[12]     ; No input delay, min/max delays, false-path exceptions, or max skew assignments found ;
; SW[13]     ; No input delay, min/max delays, false-path exceptions, or max skew assignments found ;
; SW[14]     ; No input delay, min/max delays, false-path exceptions, or max skew assignments found ;
; SW[15]     ; No input delay, min/max delays, false-path exceptions, or max skew assignments found ;
; SW[16]     ; No input delay, min/max delays, false-path exceptions, or max skew assignments found ;
; SW[17]     ; No input delay, min/max delays, false-path exceptions, or max skew assignments found ;
+------------+--------------------------------------------------------------------------------------+


+-----------------------------------------------------------------------------------------------------+
; Unconstrained Output Ports                                                                          ;
+-------------+---------------------------------------------------------------------------------------+
; Output Port ; Comment                                                                               ;
+-------------+---------------------------------------------------------------------------------------+
; HEX0[0]     ; No output delay, min/max delays, false-path exceptions, or max skew assignments found ;
; HEX0[1]     ; No output delay, min/max delays, false-path exceptions, or max skew assignments found ;
; HEX0[2]     ; No output delay, min/max delays, false-path exceptions, or max skew assignments found ;
; HEX0[3]     ; No output delay, min/max delays, false-path exceptions, or max skew assignments found ;
; HEX0[4]     ; No output delay, min/max delays, false-path exceptions, or max skew assignments found ;
; HEX0[5]     ; No output delay, min/max delays, false-path exceptions, or max skew assignments found ;
; HEX0[6]     ; No output delay, min/max delays, false-path exceptions, or max skew assignments found ;
; HEX1[0]     ; No output delay, min/max delays, false-path exceptions, or max skew assignments found ;
; HEX1[1]     ; No output delay, min/max delays, false-path exceptions, or max skew assignments found ;
; HEX1[2]     ; No output delay, min/max delays, false-path exceptions, or max skew assignments found ;
; HEX1[3]     ; No output delay, min/max delays, false-path exceptions, or max skew assignments found ;
; HEX1[4]     ; No output delay, min/max delays, false-path exceptions, or max skew assignments found ;
; HEX1[5]     ; No output delay, min/max delays, false-path exceptions, or max skew assignments found ;
; HEX1[6]     ; No output delay, min/max delays, false-path exceptions, or max skew assignments found ;
; HEX2[0]     ; No output delay, min/max delays, false-path exceptions, or max skew assignments found ;
; HEX2[1]     ; No output delay, min/max delays, false-path exceptions, or max skew assignments found ;
; HEX2[2]     ; No output delay, min/max delays, false-path exceptions, or max skew assignments found ;
; HEX2[3]     ; No output delay, min/max delays, false-path exceptions, or max skew assignments found ;
; HEX2[4]     ; No output delay, min/max delays, false-path exceptions, or max skew assignments found ;
; HEX2[5]     ; No output delay, min/max delays, false-path exceptions, or max skew assignments found ;
; HEX2[6]     ; No output delay, min/max delays, false-path exceptions, or max skew assignments found ;
; HEX3[0]     ; No output delay, min/max delays, false-path exceptions, or max skew assignments found ;
; HEX3[1]     ; No output delay, min/max delays, false-path exceptions, or max skew assignments found ;
; HEX3[2]     ; No output delay, min/max delays, false-path exceptions, or max skew assignments found ;
; HEX3[3]     ; No output delay, min/max delays, false-path exceptions, or max skew assignments found ;
; HEX3[4]     ; No output delay, min/max delays, false-path exceptions, or max skew assignments found ;
; HEX3[5]     ; No output delay, min/max delays, false-path exceptions, or max skew assignments found ;
; HEX3[6]     ; No output delay, min/max delays, false-path exceptions, or max skew assignments found ;
; HEX4[0]     ; No output delay, min/max delays, false-path exceptions, or max skew assignments found ;
; HEX4[1]     ; No output delay, min/max delays, false-path exceptions, or max skew assignments found ;
; HEX4[2]     ; No output delay, min/max delays, false-path exceptions, or max skew assignments found ;
; HEX4[3]     ; No output delay, min/max delays, false-path exceptions, or max skew assignments found ;
; HEX4[4]     ; No output delay, min/max delays, false-path exceptions, or max skew assignments found ;
; HEX4[5]     ; No output delay, min/max delays, false-path exceptions, or max skew assignments found ;
; HEX4[6]     ; No output delay, min/max delays, false-path exceptions, or max skew assignments found ;
; HEX5[0]     ; No output delay, min/max delays, false-path exceptions, or max skew assignments found ;
; HEX5[1]     ; No output delay, min/max delays, false-path exceptions, or max skew assignments found ;
; HEX5[2]     ; No output delay, min/max delays, false-path exceptions, or max skew assignments found ;
; HEX5[3]     ; No output delay, min/max delays, false-path exceptions, or max skew assignments found ;
; HEX5[4]     ; No output delay, min/max delays, false-path exceptions, or max skew assignments found ;
; HEX5[5]     ; No output delay, min/max delays, false-path exceptions, or max skew assignments found ;
; HEX5[6]     ; No output delay, min/max delays, false-path exceptions, or max skew assignments found ;
; HEX6[0]     ; No output delay, min/max delays, false-path exceptions, or max skew assignments found ;
; HEX6[1]     ; No output delay, min/max delays, false-path exceptions, or max skew assignments found ;
; HEX6[2]     ; No output delay, min/max delays, false-path exceptions, or max skew assignments found ;
; HEX6[3]     ; No output delay, min/max delays, false-path exceptions, or max skew assignments found ;
; HEX6[4]     ; No output delay, min/max delays, false-path exceptions, or max skew assignments found ;
; HEX6[5]     ; No output delay, min/max delays, false-path exceptions, or max skew assignments found ;
; HEX6[6]     ; No output delay, min/max delays, false-path exceptions, or max skew assignments found ;
; HEX7[0]     ; No output delay, min/max delays, false-path exceptions, or max skew assignments found ;
; HEX7[1]     ; No output delay, min/max delays, false-path exceptions, or max skew assignments found ;
; HEX7[2]     ; No output delay, min/max delays, false-path exceptions, or max skew assignments found ;
; HEX7[3]     ; No output delay, min/max delays, false-path exceptions, or max skew assignments found ;
; HEX7[4]     ; No output delay, min/max delays, false-path exceptions, or max skew assignments found ;
; HEX7[5]     ; No output delay, min/max delays, false-path exceptions, or max skew assignments found ;
; HEX7[6]     ; No output delay, min/max delays, false-path exceptions, or max skew assignments found ;
+-------------+---------------------------------------------------------------------------------------+


+--------------------------+
; Timing Analyzer Messages ;
+--------------------------+
Info: *******************************************************************
Info: Running Quartus Prime Timing Analyzer
    Info: Version 18.1.0 Build 625 09/12/2018 SJ Standard Edition
    Info: Processing started: Thu Dec  4 17:55:59 2025
Info: Command: quartus_sta DE2_115 -c DE2_115
Info: qsta_default_script.tcl version: #1
Warning (18236): Number of processors has not been specified which may cause overloading on shared machines.  Set the global assignment NUM_PARALLEL_PROCESSORS in your QSF to an appropriate value for best performance.
Info (20030): Parallel compilation is enabled and will use 8 of the 8 processors detected
Info (21076): High junction temperature operating condition is not set. Assuming a default value of '85'.
Info (21076): Low junction temperature operating condition is not set. Assuming a default value of '0'.
Info (332104): Reading SDC File: 'DE2_115.sdc'
Info (332151): Clock uncertainty is not calculated until you update the timing netlist.
Info (332123): Deriving Clock Uncertainty. Please refer to report_sdc in the Timing Analyzer to see clock uncertainties.
Info: Found TIMING_ANALYZER_REPORT_SCRIPT_INCLUDE_DEFAULT_ANALYSIS = ON
Info: Analyzing Slow 1200mV 85C Model
Critical Warning (332148): Timing requirements not met
    Info (11105): For recommendations on closing timing, run Report Timing Closure Recommendations in the Timing Analyzer.
Info (332146): Worst-case setup slack is -5.027
    Info (332119):     Slack       End Point TNS Clock 
    Info (332119): ========= =================== =====================
    Info (332119):    -5.027            -323.581 CLOCK_50 
Info (332146): Worst-case hold slack is 0.398
    Info (332119):     Slack       End Point TNS Clock 
    Info (332119): ========= =================== =====================
    Info (332119):     0.398               0.000 CLOCK_50 
Info (332140): No Recovery paths to report
Info (332140): No Removal paths to report
Info (332146): Worst-case minimum pulse width slack is 9.555
    Info (332119):     Slack       End Point TNS Clock 
    Info (332119): ========= =================== =====================
    Info (332119):     9.555               0.000 CLOCK_50 
    Info (332119):    16.000               0.000 CLOCK2_50 
    Info (332119):    16.000               0.000 CLOCK3_50 
Info: Analyzing Slow 1200mV 0C Model
Info (334003): Started post-fitting delay annotation
Info (334004): Delay annotation completed successfully
Info (332123): Deriving Clock Uncertainty. Please refer to report_sdc in the Timing Analyzer to see clock uncertainties.
Critical Warning (332148): Timing requirements not met
    Info (11105): For recommendations on closing timing, run Report Timing Closure Recommendations in the Timing Analyzer.
Info (332146): Worst-case setup slack is -2.851
    Info (332119):     Slack       End Point TNS Clock 
    Info (332119): ========= =================== =====================
    Info (332119):    -2.851            -163.169 CLOCK_50 
Info (332146): Worst-case hold slack is 0.403
    Info (332119):     Slack       End Point TNS Clock 
    Info (332119): ========= =================== =====================
    Info (332119):     0.403               0.000 CLOCK_50 
Info (332140): No Recovery paths to report
Info (332140): No Removal paths to report
Info (332146): Worst-case minimum pulse width slack is 9.559
    Info (332119):     Slack       End Point TNS Clock 
    Info (332119): ========= =================== =====================
    Info (332119):     9.559               0.000 CLOCK_50 
    Info (332119):    16.000               0.000 CLOCK2_50 
    Info (332119):    16.000               0.000 CLOCK3_50 
Info: Analyzing Fast 1200mV 0C Model
Info (332123): Deriving Clock Uncertainty. Please refer to report_sdc in the Timing Analyzer to see clock uncertainties.
Info (332146): Worst-case setup slack is 7.538
    Info (332119):     Slack       End Point TNS Clock 
    Info (332119): ========= =================== =====================
    Info (332119):     7.538               0.000 CLOCK_50 
Info (332146): Worst-case hold slack is 0.171
    Info (332119):     Slack       End Point TNS Clock 
    Info (332119): ========= =================== =====================
    Info (332119):     0.171               0.000 CLOCK_50 
Info (332140): No Recovery paths to report
Info (332140): No Removal paths to report
Info (332146): Worst-case minimum pulse width slack is 9.202
    Info (332119):     Slack       End Point TNS Clock 
    Info (332119): ========= =================== =====================
    Info (332119):     9.202               0.000 CLOCK_50 
    Info (332119):    16.000               0.000 CLOCK2_50 
    Info (332119):    16.000               0.000 CLOCK3_50 
Info (332102): Design is not fully constrained for setup requirements
Info (332102): Design is not fully constrained for hold requirements
Info: Quartus Prime Timing Analyzer was successful. 0 errors, 3 warnings
    Info: Peak virtual memory: 1002 megabytes
    Info: Processing ended: Thu Dec  4 17:56:05 2025
    Info: Elapsed time: 00:00:06
    Info: Total CPU time (on all processors): 00:00:05


